<?xml version="1.0" encoding="UTF-8"?>
<gpx schemaLocation="http://www.topografix.com/GPX/1/1 https://www.topografix.com/GPX/1/1/gpx.xsd http://www.cluetrust.com/XML/GPXDATA/1/0 https://www.cluetrust.com/Schemas/gpxdata10.xsd" creator="COROS Wearables" version="1.1" xmlns="http://www.topografix.com/GPX/1/1" xmlns:xsi="http://www.w3.org/2001/XMLSchema-instance" xsi:schemaLocation="http://www.topografix.com/GPX/1/1 http://www.topografix.com/GPX/1/1/gpx.xsd http://www.garmin.com/xmlschemas/GpxExtensions/v3 http://www.garmin.com/xmlschemas/GpxExtensionsv3.xsd http://www.garmin.com/xmlschemas/TrackPointExtension/v1 http://www.garmin.com/xmlschemas/TrackPointExtensionv1.xsd http://www.garmin.com/xmlschemas/PowerExtension/v1 http://www.garmin.com/xmlschemas/PowerExtensionv1.xsd http://www.topografix.com/GPX/gpx_style/0/2 http://www.topografix.com/GPX/gpx_style/0/2/gpx_style.xsd" xmlns:gpxtpx="http://www.garmin.com/xmlschemas/TrackPointExtension/v1" xmlns:gpxx="http://www.garmin.com/xmlschemas/GpxExtensions/v3" xmlns:gpxpx="http://www.garmin.com/xmlschemas/PowerExtension/v1" xmlns:gpx_style="http://www.topografix.com/GPX/gpx_style/0/2">
  <metadata>
    <name>CantabriaTrail20260806185141</name>
    <author>
      <name>gpx.studio</name>
      <link href="https://gpx.studio"/>
    </author>
    <link href="https://www.coros.com">
      <text>COROS</text>
    </link>
    <time>2026-08-06T16:51:41.000Z</time>
  </metadata>
  <trk>
    <name>Cantabria Trail</name>
    <type>running</type>
    <trkseg>
      <trkpt lat="43.460808" lon="-3.927984">
        <ele>68.73</ele>
        <time>2026-08-06T16:51:42.000Z</time>
        <extensions>
          <gpxtpx:TrackPointExtension>
            <gpxtpx:Extensions>
              <highway>residential</highway>
            </gpxtpx:Extensions>
          </gpxtpx:TrackPointExtension>
        </extensions>
      </trkpt>
      <trkpt lat="43.461037" lon="-3.928161">
        <ele>67.98</ele>
        <time>2026-08-06T16:51:54.728Z</time>
        <extensions>
          <gpxtpx:TrackPointExtension>
            <gpxtpx:Extensions>
              <highway>residential</highway>
            </gpxtpx:Extensions>
          </gpxtpx:TrackPointExtension>
        </extensions>
      </trkpt>
      <trkpt lat="43.461792" lon="-3.9287">
        <ele>65.59</ele>
        <time>2026-08-06T16:52:35.948Z</time>
        <extensions>
          <gpxtpx:TrackPointExtension>
            <gpxtpx:Extensions>
              <highway>residential</highway>
            </gpxtpx:Extensions>
          </gpxtpx:TrackPointExtension>
        </extensions>
      </trkpt>
      <trkpt lat="43.462148" lon="-3.929209">
        <ele>61.48</ele>
        <time>2026-08-06T16:53:00.818Z</time>
        <extensions>
          <gpxtpx:TrackPointExtension>
            <gpxtpx:Extensions>
              <highway>residential</highway>
            </gpxtpx:Extensions>
          </gpxtpx:TrackPointExtension>
        </extensions>
      </trkpt>
      <trkpt lat="43.462303" lon="-3.929297">
        <ele>59.74</ele>
        <time>2026-08-06T16:53:08.944Z</time>
        <extensions>
          <gpxtpx:TrackPointExtension>
            <gpxtpx:Extensions>
              <highway>residential</highway>
            </gpxtpx:Extensions>
          </gpxtpx:TrackPointExtension>
        </extensions>
      </trkpt>
      <trkpt lat="43.462829" lon="-3.929672">
        <ele>55.63</ele>
        <time>2026-08-06T16:53:37.653Z</time>
        <extensions>
          <gpxtpx:TrackPointExtension>
            <gpxtpx:Extensions>
              <highway>residential</highway>
            </gpxtpx:Extensions>
          </gpxtpx:TrackPointExtension>
        </extensions>
      </trkpt>
      <trkpt lat="43.462921" lon="-3.929726">
        <ele>54.82</ele>
        <time>2026-08-06T16:53:42.500Z</time>
        <extensions>
          <gpxtpx:TrackPointExtension>
            <gpxtpx:Extensions>
              <highway>residential</highway>
            </gpxtpx:Extensions>
          </gpxtpx:TrackPointExtension>
        </extensions>
      </trkpt>
      <trkpt lat="43.462934" lon="-3.929778">
        <ele>54.59</ele>
        <time>2026-08-06T16:53:44.435Z</time>
        <extensions>
          <gpxtpx:TrackPointExtension>
            <gpxtpx:Extensions>
              <highway>residential</highway>
            </gpxtpx:Extensions>
          </gpxtpx:TrackPointExtension>
        </extensions>
      </trkpt>
      <trkpt lat="43.462957" lon="-3.92983">
        <ele>54.28</ele>
        <time>2026-08-06T16:53:46.577Z</time>
        <extensions>
          <gpxtpx:TrackPointExtension>
            <gpxtpx:Extensions>
              <highway>residential</highway>
            </gpxtpx:Extensions>
          </gpxtpx:TrackPointExtension>
        </extensions>
      </trkpt>
      <trkpt lat="43.463243" lon="-3.930246">
        <ele>51.76</ele>
        <time>2026-08-06T16:54:06.737Z</time>
        <extensions>
          <gpxtpx:TrackPointExtension>
            <gpxtpx:Extensions>
              <highway>residential</highway>
            </gpxtpx:Extensions>
          </gpxtpx:TrackPointExtension>
        </extensions>
      </trkpt>
      <trkpt lat="43.46334" lon="-3.930463">
        <ele>51</ele>
        <time>2026-08-06T16:54:15.703Z</time>
        <extensions>
          <gpxtpx:TrackPointExtension>
            <gpxtpx:Extensions>
              <highway>residential</highway>
            </gpxtpx:Extensions>
          </gpxtpx:TrackPointExtension>
        </extensions>
      </trkpt>
      <trkpt lat="43.463414" lon="-3.930599">
        <ele>50.94</ele>
        <time>2026-08-06T16:54:21.683Z</time>
        <extensions>
          <gpxtpx:TrackPointExtension>
            <gpxtpx:Extensions>
              <highway>residential</highway>
            </gpxtpx:Extensions>
          </gpxtpx:TrackPointExtension>
        </extensions>
      </trkpt>
      <trkpt lat="43.463477" lon="-3.930685">
        <ele>50.43</ele>
        <time>2026-08-06T16:54:25.982Z</time>
        <extensions>
          <gpxtpx:TrackPointExtension>
            <gpxtpx:Extensions>
              <highway>residential</highway>
            </gpxtpx:Extensions>
          </gpxtpx:TrackPointExtension>
        </extensions>
      </trkpt>
      <trkpt lat="43.463851" lon="-3.931114">
        <ele>48.44</ele>
        <time>2026-08-06T16:54:49.572Z</time>
        <extensions>
          <gpxtpx:TrackPointExtension>
            <gpxtpx:Extensions>
              <highway>residential</highway>
            </gpxtpx:Extensions>
          </gpxtpx:TrackPointExtension>
        </extensions>
      </trkpt>
      <trkpt lat="43.46397" lon="-3.931271">
        <ele>47.48</ele>
        <time>2026-08-06T16:54:57.558Z</time>
        <extensions>
          <gpxtpx:TrackPointExtension>
            <gpxtpx:Extensions>
              <highway>residential</highway>
            </gpxtpx:Extensions>
          </gpxtpx:TrackPointExtension>
        </extensions>
      </trkpt>
      <trkpt lat="43.464103" lon="-3.931516">
        <ele>46.42</ele>
        <time>2026-08-06T16:55:08.322Z</time>
        <extensions>
          <gpxtpx:TrackPointExtension>
            <gpxtpx:Extensions>
              <highway>residential</highway>
            </gpxtpx:Extensions>
          </gpxtpx:TrackPointExtension>
        </extensions>
      </trkpt>
      <trkpt lat="43.464163" lon="-3.931674">
        <ele>45.94</ele>
        <time>2026-08-06T16:55:14.595Z</time>
        <extensions>
          <gpxtpx:TrackPointExtension>
            <gpxtpx:Extensions>
              <highway>unclassified</highway>
            </gpxtpx:Extensions>
          </gpxtpx:TrackPointExtension>
        </extensions>
      </trkpt>
      <trkpt lat="43.464962" lon="-3.933479">
        <ele>43.54</ele>
        <time>2026-08-06T16:56:28.979Z</time>
        <extensions>
          <gpxtpx:TrackPointExtension>
            <gpxtpx:Extensions>
              <highway>residential</highway>
            </gpxtpx:Extensions>
          </gpxtpx:TrackPointExtension>
        </extensions>
      </trkpt>
      <trkpt lat="43.46502" lon="-3.933728">
        <ele>43.07</ele>
        <time>2026-08-06T16:56:38.179Z</time>
        <extensions>
          <gpxtpx:TrackPointExtension>
            <gpxtpx:Extensions>
              <highway>residential</highway>
            </gpxtpx:Extensions>
          </gpxtpx:TrackPointExtension>
        </extensions>
      </trkpt>
      <trkpt lat="43.465107" lon="-3.933871">
        <ele>42.37</ele>
        <time>2026-08-06T16:56:44.743Z</time>
        <extensions>
          <gpxtpx:TrackPointExtension>
            <gpxtpx:Extensions>
              <highway>residential</highway>
            </gpxtpx:Extensions>
          </gpxtpx:TrackPointExtension>
        </extensions>
      </trkpt>
      <trkpt lat="43.465205" lon="-3.933997">
        <ele>41.33</ele>
        <time>2026-08-06T16:56:51.240Z</time>
        <extensions>
          <gpxtpx:TrackPointExtension>
            <gpxtpx:Extensions>
              <highway>residential</highway>
            </gpxtpx:Extensions>
          </gpxtpx:TrackPointExtension>
        </extensions>
      </trkpt>
      <trkpt lat="43.465552" lon="-3.934486">
        <ele>37.95</ele>
        <time>2026-08-06T16:57:15.300Z</time>
        <extensions>
          <gpxtpx:TrackPointExtension>
            <gpxtpx:Extensions>
              <highway>residential</highway>
            </gpxtpx:Extensions>
          </gpxtpx:TrackPointExtension>
        </extensions>
      </trkpt>
      <trkpt lat="43.465614" lon="-3.934637">
        <ele>37.09</ele>
        <time>2026-08-06T16:57:21.403Z</time>
        <extensions>
          <gpxtpx:TrackPointExtension>
            <gpxtpx:Extensions>
              <highway>residential</highway>
            </gpxtpx:Extensions>
          </gpxtpx:TrackPointExtension>
        </extensions>
      </trkpt>
      <trkpt lat="43.4656212" lon="-3.9346319">
        <ele>38</ele>
        <time>2026-08-06T16:57:21.795Z</time>
      </trkpt>
      <trkpt lat="43.4656371" lon="-3.9346664">
        <ele>37</ele>
        <time>2026-08-06T16:57:23.232Z</time>
      </trkpt>
      <trkpt lat="43.4656531" lon="-3.9347009">
        <ele>37</ele>
        <time>2026-08-06T16:57:24.232Z</time>
      </trkpt>
      <trkpt lat="43.4656664" lon="-3.9347364">
        <ele>37</ele>
        <time>2026-08-06T16:57:25.232Z</time>
      </trkpt>
      <trkpt lat="43.4656797" lon="-3.9347719">
        <ele>37</ele>
        <time>2026-08-06T16:57:26.232Z</time>
      </trkpt>
      <trkpt lat="43.4656906" lon="-3.9348088">
        <ele>37</ele>
        <time>2026-08-06T16:57:27.232Z</time>
      </trkpt>
      <trkpt lat="43.4657015" lon="-3.9348457">
        <ele>36</ele>
        <time>2026-08-06T16:57:28.232Z</time>
      </trkpt>
      <trkpt lat="43.4657108" lon="-3.9348828">
        <ele>36</ele>
        <time>2026-08-06T16:57:29.232Z</time>
      </trkpt>
      <trkpt lat="43.4657202" lon="-3.9349199">
        <ele>35</ele>
        <time>2026-08-06T16:57:30.232Z</time>
      </trkpt>
      <trkpt lat="43.4657271" lon="-3.9349569">
        <ele>35</ele>
        <time>2026-08-06T16:57:31.232Z</time>
      </trkpt>
      <trkpt lat="43.465734" lon="-3.9349939">
        <ele>35</ele>
        <time>2026-08-06T16:57:32.232Z</time>
      </trkpt>
      <trkpt lat="43.4657386" lon="-3.935032">
        <ele>34</ele>
        <time>2026-08-06T16:57:33.232Z</time>
      </trkpt>
      <trkpt lat="43.4657432" lon="-3.9350701">
        <ele>34</ele>
        <time>2026-08-06T16:57:34.232Z</time>
      </trkpt>
      <trkpt lat="43.4657458" lon="-3.9351102">
        <ele>34</ele>
        <time>2026-08-06T16:57:35.232Z</time>
      </trkpt>
      <trkpt lat="43.4657485" lon="-3.9351504">
        <ele>34</ele>
        <time>2026-08-06T16:57:36.232Z</time>
      </trkpt>
      <trkpt lat="43.46575" lon="-3.9351926">
        <ele>34</ele>
        <time>2026-08-06T16:57:37.232Z</time>
      </trkpt>
      <trkpt lat="43.4657515" lon="-3.9352349">
        <ele>33</ele>
        <time>2026-08-06T16:57:38.232Z</time>
      </trkpt>
      <trkpt lat="43.4657524" lon="-3.935278">
        <ele>33</ele>
        <time>2026-08-06T16:57:39.232Z</time>
      </trkpt>
      <trkpt lat="43.4657534" lon="-3.9353212">
        <ele>32</ele>
        <time>2026-08-06T16:57:40.232Z</time>
      </trkpt>
      <trkpt lat="43.4657549" lon="-3.9353631">
        <ele>32</ele>
        <time>2026-08-06T16:57:41.232Z</time>
      </trkpt>
      <trkpt lat="43.4657565" lon="-3.935405">
        <ele>32</ele>
        <time>2026-08-06T16:57:42.232Z</time>
      </trkpt>
      <trkpt lat="43.4657595" lon="-3.9354444">
        <ele>31</ele>
        <time>2026-08-06T16:57:43.232Z</time>
      </trkpt>
      <trkpt lat="43.4657626" lon="-3.9354839">
        <ele>31</ele>
        <time>2026-08-06T16:57:44.232Z</time>
      </trkpt>
      <trkpt lat="43.4657677" lon="-3.9355226">
        <ele>31</ele>
        <time>2026-08-06T16:57:45.232Z</time>
      </trkpt>
      <trkpt lat="43.4657728" lon="-3.9355614">
        <ele>31</ele>
        <time>2026-08-06T16:57:46.232Z</time>
      </trkpt>
      <trkpt lat="43.4657809" lon="-3.9355995">
        <ele>31</ele>
        <time>2026-08-06T16:57:47.232Z</time>
      </trkpt>
      <trkpt lat="43.465789" lon="-3.9356376">
        <ele>30</ele>
        <time>2026-08-06T16:57:48.232Z</time>
      </trkpt>
      <trkpt lat="43.4657995" lon="-3.9356747">
        <ele>30</ele>
        <time>2026-08-06T16:57:49.232Z</time>
      </trkpt>
      <trkpt lat="43.4658101" lon="-3.9357119">
        <ele>30</ele>
        <time>2026-08-06T16:57:50.232Z</time>
      </trkpt>
      <trkpt lat="43.465822" lon="-3.9357479">
        <ele>30</ele>
        <time>2026-08-06T16:57:51.232Z</time>
      </trkpt>
      <trkpt lat="43.4658339" lon="-3.935784">
        <ele>30</ele>
        <time>2026-08-06T16:57:52.232Z</time>
      </trkpt>
      <trkpt lat="43.4658476" lon="-3.9358177">
        <ele>30</ele>
        <time>2026-08-06T16:57:53.232Z</time>
      </trkpt>
      <trkpt lat="43.4658613" lon="-3.9358514">
        <ele>30</ele>
        <time>2026-08-06T16:57:54.232Z</time>
      </trkpt>
      <trkpt lat="43.4658764" lon="-3.935883">
        <ele>30</ele>
        <time>2026-08-06T16:57:55.232Z</time>
      </trkpt>
      <trkpt lat="43.4658916" lon="-3.9359146">
        <ele>30</ele>
        <time>2026-08-06T16:57:56.232Z</time>
      </trkpt>
      <trkpt lat="43.4659072" lon="-3.935945">
        <ele>30</ele>
        <time>2026-08-06T16:57:57.232Z</time>
      </trkpt>
      <trkpt lat="43.4659228" lon="-3.9359755">
        <ele>30</ele>
        <time>2026-08-06T16:57:58.232Z</time>
      </trkpt>
      <trkpt lat="43.4659378" lon="-3.9360052">
        <ele>30</ele>
        <time>2026-08-06T16:57:59.232Z</time>
      </trkpt>
      <trkpt lat="43.4659528" lon="-3.936035">
        <ele>30</ele>
        <time>2026-08-06T16:58:00.232Z</time>
      </trkpt>
      <trkpt lat="43.4659669" lon="-3.9360635">
        <ele>30</ele>
        <time>2026-08-06T16:58:01.232Z</time>
      </trkpt>
      <trkpt lat="43.465981" lon="-3.936092">
        <ele>30</ele>
        <time>2026-08-06T16:58:02.232Z</time>
      </trkpt>
      <trkpt lat="43.4659954" lon="-3.9361192">
        <ele>30</ele>
        <time>2026-08-06T16:58:03.232Z</time>
      </trkpt>
      <trkpt lat="43.4660098" lon="-3.9361464">
        <ele>30</ele>
        <time>2026-08-06T16:58:04.232Z</time>
      </trkpt>
      <trkpt lat="43.4660241" lon="-3.9361735">
        <ele>30</ele>
        <time>2026-08-06T16:58:05.232Z</time>
      </trkpt>
      <trkpt lat="43.4660384" lon="-3.9362006">
        <ele>30</ele>
        <time>2026-08-06T16:58:06.232Z</time>
      </trkpt>
      <trkpt lat="43.4660523" lon="-3.9362278">
        <ele>31</ele>
        <time>2026-08-06T16:58:07.232Z</time>
      </trkpt>
      <trkpt lat="43.4660662" lon="-3.936255">
        <ele>31</ele>
        <time>2026-08-06T16:58:08.232Z</time>
      </trkpt>
      <trkpt lat="43.4660798" lon="-3.936282">
        <ele>31</ele>
        <time>2026-08-06T16:58:09.232Z</time>
      </trkpt>
      <trkpt lat="43.4660935" lon="-3.9363091">
        <ele>31</ele>
        <time>2026-08-06T16:58:10.232Z</time>
      </trkpt>
      <trkpt lat="43.4661075" lon="-3.9363349">
        <ele>31</ele>
        <time>2026-08-06T16:58:11.232Z</time>
      </trkpt>
      <trkpt lat="43.4661216" lon="-3.9363607">
        <ele>32</ele>
        <time>2026-08-06T16:58:12.232Z</time>
      </trkpt>
      <trkpt lat="43.4661366" lon="-3.9363854">
        <ele>32</ele>
        <time>2026-08-06T16:58:13.232Z</time>
      </trkpt>
      <trkpt lat="43.4661516" lon="-3.9364101">
        <ele>32</ele>
        <time>2026-08-06T16:58:14.232Z</time>
      </trkpt>
      <trkpt lat="43.4661677" lon="-3.9364335">
        <ele>32</ele>
        <time>2026-08-06T16:58:15.232Z</time>
      </trkpt>
      <trkpt lat="43.4661838" lon="-3.936457">
        <ele>32</ele>
        <time>2026-08-06T16:58:16.232Z</time>
      </trkpt>
      <trkpt lat="43.4662014" lon="-3.9364795">
        <ele>33</ele>
        <time>2026-08-06T16:58:17.232Z</time>
      </trkpt>
      <trkpt lat="43.466219" lon="-3.936502">
        <ele>33</ele>
        <time>2026-08-06T16:58:18.232Z</time>
      </trkpt>
      <trkpt lat="43.4662374" lon="-3.9365239">
        <ele>33</ele>
        <time>2026-08-06T16:58:19.232Z</time>
      </trkpt>
      <trkpt lat="43.4662559" lon="-3.9365459">
        <ele>33</ele>
        <time>2026-08-06T16:58:20.232Z</time>
      </trkpt>
      <trkpt lat="43.4662735" lon="-3.9365689">
        <ele>33</ele>
        <time>2026-08-06T16:58:21.232Z</time>
      </trkpt>
      <trkpt lat="43.4662912" lon="-3.936592">
        <ele>34</ele>
        <time>2026-08-06T16:58:22.232Z</time>
      </trkpt>
      <trkpt lat="43.4663065" lon="-3.9366179">
        <ele>34</ele>
        <time>2026-08-06T16:58:23.232Z</time>
      </trkpt>
      <trkpt lat="43.4663219" lon="-3.9366438">
        <ele>34</ele>
        <time>2026-08-06T16:58:24.232Z</time>
      </trkpt>
      <trkpt lat="43.4663356" lon="-3.9366712">
        <ele>34</ele>
        <time>2026-08-06T16:58:25.232Z</time>
      </trkpt>
      <trkpt lat="43.4663494" lon="-3.9366987">
        <ele>34</ele>
        <time>2026-08-06T16:58:26.232Z</time>
      </trkpt>
      <trkpt lat="43.4663631" lon="-3.9367263">
        <ele>35</ele>
        <time>2026-08-06T16:58:27.232Z</time>
      </trkpt>
      <trkpt lat="43.4663768" lon="-3.9367539">
        <ele>35</ele>
        <time>2026-08-06T16:58:28.232Z</time>
      </trkpt>
      <trkpt lat="43.466391" lon="-3.9367815">
        <ele>35</ele>
        <time>2026-08-06T16:58:29.232Z</time>
      </trkpt>
      <trkpt lat="43.4664053" lon="-3.9368092">
        <ele>35</ele>
        <time>2026-08-06T16:58:30.232Z</time>
      </trkpt>
      <trkpt lat="43.4664179" lon="-3.9368385">
        <ele>35</ele>
        <time>2026-08-06T16:58:31.232Z</time>
      </trkpt>
      <trkpt lat="43.4664306" lon="-3.9368678">
        <ele>35</ele>
        <time>2026-08-06T16:58:32.232Z</time>
      </trkpt>
      <trkpt lat="43.4664409" lon="-3.9368996">
        <ele>35</ele>
        <time>2026-08-06T16:58:33.232Z</time>
      </trkpt>
      <trkpt lat="43.4664512" lon="-3.9369314">
        <ele>35</ele>
        <time>2026-08-06T16:58:34.232Z</time>
      </trkpt>
      <trkpt lat="43.4664604" lon="-3.9369638">
        <ele>35</ele>
        <time>2026-08-06T16:58:35.232Z</time>
      </trkpt>
      <trkpt lat="43.4664697" lon="-3.9369962">
        <ele>35</ele>
        <time>2026-08-06T16:58:36.232Z</time>
      </trkpt>
      <trkpt lat="43.4664784" lon="-3.9370285">
        <ele>35</ele>
        <time>2026-08-06T16:58:37.232Z</time>
      </trkpt>
      <trkpt lat="43.4664871" lon="-3.9370608">
        <ele>35</ele>
        <time>2026-08-06T16:58:38.232Z</time>
      </trkpt>
      <trkpt lat="43.466496" lon="-3.9370935">
        <ele>35</ele>
        <time>2026-08-06T16:58:39.232Z</time>
      </trkpt>
      <trkpt lat="43.466505" lon="-3.9371262">
        <ele>35</ele>
        <time>2026-08-06T16:58:40.232Z</time>
      </trkpt>
      <trkpt lat="43.4665142" lon="-3.937159">
        <ele>35</ele>
        <time>2026-08-06T16:58:41.232Z</time>
      </trkpt>
      <trkpt lat="43.4665234" lon="-3.9371918">
        <ele>36</ele>
        <time>2026-08-06T16:58:42.232Z</time>
      </trkpt>
      <trkpt lat="43.4665317" lon="-3.9372245">
        <ele>36</ele>
        <time>2026-08-06T16:58:43.232Z</time>
      </trkpt>
      <trkpt lat="43.4665401" lon="-3.9372572">
        <ele>36</ele>
        <time>2026-08-06T16:58:44.232Z</time>
      </trkpt>
      <trkpt lat="43.4665468" lon="-3.9372911">
        <ele>36</ele>
        <time>2026-08-06T16:58:45.232Z</time>
      </trkpt>
      <trkpt lat="43.4665535" lon="-3.937325">
        <ele>36</ele>
        <time>2026-08-06T16:58:46.232Z</time>
      </trkpt>
      <trkpt lat="43.4665592" lon="-3.9373599">
        <ele>36</ele>
        <time>2026-08-06T16:58:47.232Z</time>
      </trkpt>
      <trkpt lat="43.4665649" lon="-3.9373949">
        <ele>36</ele>
        <time>2026-08-06T16:58:48.232Z</time>
      </trkpt>
      <trkpt lat="43.4665721" lon="-3.9374291">
        <ele>36</ele>
        <time>2026-08-06T16:58:49.232Z</time>
      </trkpt>
      <trkpt lat="43.4665793" lon="-3.9374633">
        <ele>36</ele>
        <time>2026-08-06T16:58:50.232Z</time>
      </trkpt>
      <trkpt lat="43.4665884" lon="-3.9374961">
        <ele>36</ele>
        <time>2026-08-06T16:58:51.232Z</time>
      </trkpt>
      <trkpt lat="43.4665975" lon="-3.937529">
        <ele>36</ele>
        <time>2026-08-06T16:58:52.232Z</time>
      </trkpt>
      <trkpt lat="43.4666064" lon="-3.9375619">
        <ele>36</ele>
        <time>2026-08-06T16:58:53.232Z</time>
      </trkpt>
      <trkpt lat="43.4666154" lon="-3.9375949">
        <ele>36</ele>
        <time>2026-08-06T16:58:54.232Z</time>
      </trkpt>
      <trkpt lat="43.4666239" lon="-3.9376281">
        <ele>36</ele>
        <time>2026-08-06T16:58:55.232Z</time>
      </trkpt>
      <trkpt lat="43.4666324" lon="-3.9376614">
        <ele>36</ele>
        <time>2026-08-06T16:58:56.232Z</time>
      </trkpt>
      <trkpt lat="43.4666406" lon="-3.9376943">
        <ele>36</ele>
        <time>2026-08-06T16:58:57.232Z</time>
      </trkpt>
      <trkpt lat="43.4666488" lon="-3.9377273">
        <ele>36</ele>
        <time>2026-08-06T16:58:58.232Z</time>
      </trkpt>
      <trkpt lat="43.4666581" lon="-3.9377594">
        <ele>36</ele>
        <time>2026-08-06T16:58:59.232Z</time>
      </trkpt>
      <trkpt lat="43.4666675" lon="-3.9377915">
        <ele>36</ele>
        <time>2026-08-06T16:59:00.232Z</time>
      </trkpt>
      <trkpt lat="43.4666791" lon="-3.9378221">
        <ele>36</ele>
        <time>2026-08-06T16:59:01.232Z</time>
      </trkpt>
      <trkpt lat="43.4666908" lon="-3.9378527">
        <ele>36</ele>
        <time>2026-08-06T16:59:02.232Z</time>
      </trkpt>
      <trkpt lat="43.4667044" lon="-3.9378813">
        <ele>36</ele>
        <time>2026-08-06T16:59:03.232Z</time>
      </trkpt>
      <trkpt lat="43.466718" lon="-3.93791">
        <ele>36</ele>
        <time>2026-08-06T16:59:04.232Z</time>
      </trkpt>
      <trkpt lat="43.4667333" lon="-3.937937">
        <ele>36</ele>
        <time>2026-08-06T16:59:05.232Z</time>
      </trkpt>
      <trkpt lat="43.4667487" lon="-3.9379641">
        <ele>36</ele>
        <time>2026-08-06T16:59:06.232Z</time>
      </trkpt>
      <trkpt lat="43.4667647" lon="-3.9379913">
        <ele>36</ele>
        <time>2026-08-06T16:59:07.232Z</time>
      </trkpt>
      <trkpt lat="43.4667807" lon="-3.9380186">
        <ele>36</ele>
        <time>2026-08-06T16:59:08.232Z</time>
      </trkpt>
      <trkpt lat="43.4667966" lon="-3.9380478">
        <ele>36</ele>
        <time>2026-08-06T16:59:09.232Z</time>
      </trkpt>
      <trkpt lat="43.4668126" lon="-3.938077">
        <ele>36</ele>
        <time>2026-08-06T16:59:10.232Z</time>
      </trkpt>
      <trkpt lat="43.4668275" lon="-3.9381093">
        <ele>36</ele>
        <time>2026-08-06T16:59:11.232Z</time>
      </trkpt>
      <trkpt lat="43.4668424" lon="-3.9381416">
        <ele>36</ele>
        <time>2026-08-06T16:59:12.232Z</time>
      </trkpt>
      <trkpt lat="43.4668558" lon="-3.9381756">
        <ele>35</ele>
        <time>2026-08-06T16:59:13.232Z</time>
      </trkpt>
      <trkpt lat="43.4668693" lon="-3.9382096">
        <ele>35</ele>
        <time>2026-08-06T16:59:14.232Z</time>
      </trkpt>
      <trkpt lat="43.4668824" lon="-3.9382445">
        <ele>35</ele>
        <time>2026-08-06T16:59:15.232Z</time>
      </trkpt>
      <trkpt lat="43.4668956" lon="-3.9382794">
        <ele>35</ele>
        <time>2026-08-06T16:59:16.232Z</time>
      </trkpt>
      <trkpt lat="43.4669074" lon="-3.9383154">
        <ele>35</ele>
        <time>2026-08-06T16:59:17.232Z</time>
      </trkpt>
      <trkpt lat="43.4669192" lon="-3.9383514">
        <ele>34</ele>
        <time>2026-08-06T16:59:18.232Z</time>
      </trkpt>
      <trkpt lat="43.4669294" lon="-3.9383884">
        <ele>34</ele>
        <time>2026-08-06T16:59:19.232Z</time>
      </trkpt>
      <trkpt lat="43.4669396" lon="-3.9384255">
        <ele>34</ele>
        <time>2026-08-06T16:59:20.232Z</time>
      </trkpt>
      <trkpt lat="43.4669482" lon="-3.9384632">
        <ele>34</ele>
        <time>2026-08-06T16:59:21.232Z</time>
      </trkpt>
      <trkpt lat="43.4669568" lon="-3.938501">
        <ele>34</ele>
        <time>2026-08-06T16:59:22.232Z</time>
      </trkpt>
      <trkpt lat="43.4669646" lon="-3.9385384">
        <ele>33</ele>
        <time>2026-08-06T16:59:23.232Z</time>
      </trkpt>
      <trkpt lat="43.4669724" lon="-3.9385758">
        <ele>33</ele>
        <time>2026-08-06T16:59:24.232Z</time>
      </trkpt>
      <trkpt lat="43.4669804" lon="-3.9386115">
        <ele>32</ele>
        <time>2026-08-06T16:59:25.232Z</time>
      </trkpt>
      <trkpt lat="43.4669884" lon="-3.9386473">
        <ele>32</ele>
        <time>2026-08-06T16:59:26.232Z</time>
      </trkpt>
      <trkpt lat="43.4669962" lon="-3.9386819">
        <ele>32</ele>
        <time>2026-08-06T16:59:27.232Z</time>
      </trkpt>
      <trkpt lat="43.467004" lon="-3.9387166">
        <ele>31</ele>
        <time>2026-08-06T16:59:28.232Z</time>
      </trkpt>
      <trkpt lat="43.467012" lon="-3.938751">
        <ele>31</ele>
        <time>2026-08-06T16:59:29.232Z</time>
      </trkpt>
      <trkpt lat="43.46702" lon="-3.9387855">
        <ele>31</ele>
        <time>2026-08-06T16:59:30.232Z</time>
      </trkpt>
      <trkpt lat="43.4670283" lon="-3.9388199">
        <ele>31</ele>
        <time>2026-08-06T16:59:31.232Z</time>
      </trkpt>
      <trkpt lat="43.4670367" lon="-3.9388544">
        <ele>31</ele>
        <time>2026-08-06T16:59:32.232Z</time>
      </trkpt>
      <trkpt lat="43.4670455" lon="-3.9388895">
        <ele>30</ele>
        <time>2026-08-06T16:59:33.232Z</time>
      </trkpt>
      <trkpt lat="43.4670544" lon="-3.9389246">
        <ele>30</ele>
        <time>2026-08-06T16:59:34.232Z</time>
      </trkpt>
      <trkpt lat="43.4670639" lon="-3.9389594">
        <ele>30</ele>
        <time>2026-08-06T16:59:35.232Z</time>
      </trkpt>
      <trkpt lat="43.4670734" lon="-3.9389942">
        <ele>30</ele>
        <time>2026-08-06T16:59:36.232Z</time>
      </trkpt>
      <trkpt lat="43.4670867" lon="-3.9390261">
        <ele>30</ele>
        <time>2026-08-06T16:59:37.232Z</time>
      </trkpt>
      <trkpt lat="43.4671001" lon="-3.939058">
        <ele>29</ele>
        <time>2026-08-06T16:59:38.232Z</time>
      </trkpt>
      <trkpt lat="43.4671187" lon="-3.9390856">
        <ele>29</ele>
        <time>2026-08-06T16:59:39.232Z</time>
      </trkpt>
      <trkpt lat="43.4671373" lon="-3.9391132">
        <ele>29</ele>
        <time>2026-08-06T16:59:40.232Z</time>
      </trkpt>
      <trkpt lat="43.4671594" lon="-3.9391371">
        <ele>29</ele>
        <time>2026-08-06T16:59:41.232Z</time>
      </trkpt>
      <trkpt lat="43.4671816" lon="-3.9391611">
        <ele>29</ele>
        <time>2026-08-06T16:59:42.232Z</time>
      </trkpt>
      <trkpt lat="43.4672051" lon="-3.9391824">
        <ele>28</ele>
        <time>2026-08-06T16:59:43.232Z</time>
      </trkpt>
      <trkpt lat="43.4672286" lon="-3.9392038">
        <ele>28</ele>
        <time>2026-08-06T16:59:44.232Z</time>
      </trkpt>
      <trkpt lat="43.4672534" lon="-3.939224">
        <ele>28</ele>
        <time>2026-08-06T16:59:45.232Z</time>
      </trkpt>
      <trkpt lat="43.4672783" lon="-3.9392442">
        <ele>28</ele>
        <time>2026-08-06T16:59:46.232Z</time>
      </trkpt>
      <trkpt lat="43.4673029" lon="-3.9392648">
        <ele>28</ele>
        <time>2026-08-06T16:59:47.232Z</time>
      </trkpt>
      <trkpt lat="43.4673275" lon="-3.9392854">
        <ele>27</ele>
        <time>2026-08-06T16:59:48.232Z</time>
      </trkpt>
      <trkpt lat="43.4673522" lon="-3.939306">
        <ele>27</ele>
        <time>2026-08-06T16:59:49.232Z</time>
      </trkpt>
      <trkpt lat="43.467377" lon="-3.9393267">
        <ele>27</ele>
        <time>2026-08-06T16:59:50.232Z</time>
      </trkpt>
      <trkpt lat="43.4674018" lon="-3.9393465">
        <ele>27</ele>
        <time>2026-08-06T16:59:51.232Z</time>
      </trkpt>
      <trkpt lat="43.4674267" lon="-3.9393664">
        <ele>27</ele>
        <time>2026-08-06T16:59:52.232Z</time>
      </trkpt>
      <trkpt lat="43.4674515" lon="-3.9393859">
        <ele>26</ele>
        <time>2026-08-06T16:59:53.232Z</time>
      </trkpt>
      <trkpt lat="43.4674763" lon="-3.9394055">
        <ele>26</ele>
        <time>2026-08-06T16:59:54.232Z</time>
      </trkpt>
      <trkpt lat="43.4675009" lon="-3.9394252">
        <ele>26</ele>
        <time>2026-08-06T16:59:55.232Z</time>
      </trkpt>
      <trkpt lat="43.4675255" lon="-3.939445">
        <ele>26</ele>
        <time>2026-08-06T16:59:56.232Z</time>
      </trkpt>
      <trkpt lat="43.4675498" lon="-3.939465">
        <ele>26</ele>
        <time>2026-08-06T16:59:57.232Z</time>
      </trkpt>
      <trkpt lat="43.4675742" lon="-3.939485">
        <ele>26</ele>
        <time>2026-08-06T16:59:58.232Z</time>
      </trkpt>
      <trkpt lat="43.4675981" lon="-3.9395056">
        <ele>26</ele>
        <time>2026-08-06T16:59:59.232Z</time>
      </trkpt>
      <trkpt lat="43.467622" lon="-3.9395262">
        <ele>26</ele>
        <time>2026-08-06T17:00:00.232Z</time>
      </trkpt>
      <trkpt lat="43.4676453" lon="-3.9395465">
        <ele>26</ele>
        <time>2026-08-06T17:00:01.232Z</time>
      </trkpt>
      <trkpt lat="43.4676686" lon="-3.9395669">
        <ele>26</ele>
        <time>2026-08-06T17:00:02.232Z</time>
      </trkpt>
      <trkpt lat="43.4676915" lon="-3.9395875">
        <ele>26</ele>
        <time>2026-08-06T17:00:03.232Z</time>
      </trkpt>
      <trkpt lat="43.4677144" lon="-3.9396081">
        <ele>26</ele>
        <time>2026-08-06T17:00:04.232Z</time>
      </trkpt>
      <trkpt lat="43.4677363" lon="-3.9396293">
        <ele>26</ele>
        <time>2026-08-06T17:00:05.232Z</time>
      </trkpt>
      <trkpt lat="43.4677582" lon="-3.9396506">
        <ele>26</ele>
        <time>2026-08-06T17:00:06.232Z</time>
      </trkpt>
      <trkpt lat="43.4677789" lon="-3.9396721">
        <ele>26</ele>
        <time>2026-08-06T17:00:07.232Z</time>
      </trkpt>
      <trkpt lat="43.4677996" lon="-3.9396937">
        <ele>26</ele>
        <time>2026-08-06T17:00:08.232Z</time>
      </trkpt>
      <trkpt lat="43.4678196" lon="-3.9397145">
        <ele>26</ele>
        <time>2026-08-06T17:00:09.232Z</time>
      </trkpt>
      <trkpt lat="43.4678397" lon="-3.9397353">
        <ele>26</ele>
        <time>2026-08-06T17:00:10.232Z</time>
      </trkpt>
      <trkpt lat="43.4678593" lon="-3.9397547">
        <ele>26</ele>
        <time>2026-08-06T17:00:11.232Z</time>
      </trkpt>
      <trkpt lat="43.467879" lon="-3.9397742">
        <ele>27</ele>
        <time>2026-08-06T17:00:12.232Z</time>
      </trkpt>
      <trkpt lat="43.4678984" lon="-3.9397928">
        <ele>27</ele>
        <time>2026-08-06T17:00:13.232Z</time>
      </trkpt>
      <trkpt lat="43.4679179" lon="-3.9398115">
        <ele>27</ele>
        <time>2026-08-06T17:00:14.232Z</time>
      </trkpt>
      <trkpt lat="43.4679371" lon="-3.9398303">
        <ele>27</ele>
        <time>2026-08-06T17:00:15.232Z</time>
      </trkpt>
      <trkpt lat="43.4679564" lon="-3.9398491">
        <ele>27</ele>
        <time>2026-08-06T17:00:16.232Z</time>
      </trkpt>
      <trkpt lat="43.4679749" lon="-3.9398683">
        <ele>27</ele>
        <time>2026-08-06T17:00:17.232Z</time>
      </trkpt>
      <trkpt lat="43.4679935" lon="-3.9398875">
        <ele>27</ele>
        <time>2026-08-06T17:00:18.232Z</time>
      </trkpt>
      <trkpt lat="43.4680118" lon="-3.9399061">
        <ele>27</ele>
        <time>2026-08-06T17:00:19.232Z</time>
      </trkpt>
      <trkpt lat="43.4680302" lon="-3.9399247">
        <ele>27</ele>
        <time>2026-08-06T17:00:20.232Z</time>
      </trkpt>
      <trkpt lat="43.4680477" lon="-3.9399436">
        <ele>27</ele>
        <time>2026-08-06T17:00:21.232Z</time>
      </trkpt>
      <trkpt lat="43.4680652" lon="-3.9399625">
        <ele>28</ele>
        <time>2026-08-06T17:00:22.232Z</time>
      </trkpt>
      <trkpt lat="43.4680818" lon="-3.9399813">
        <ele>28</ele>
        <time>2026-08-06T17:00:23.232Z</time>
      </trkpt>
      <trkpt lat="43.4680985" lon="-3.9400002">
        <ele>28</ele>
        <time>2026-08-06T17:00:24.232Z</time>
      </trkpt>
      <trkpt lat="43.4681148" lon="-3.9400196">
        <ele>29</ele>
        <time>2026-08-06T17:00:25.232Z</time>
      </trkpt>
      <trkpt lat="43.4681312" lon="-3.940039">
        <ele>29</ele>
        <time>2026-08-06T17:00:26.232Z</time>
      </trkpt>
      <trkpt lat="43.4681474" lon="-3.9400582">
        <ele>30</ele>
        <time>2026-08-06T17:00:27.232Z</time>
      </trkpt>
      <trkpt lat="43.4681637" lon="-3.9400775">
        <ele>30</ele>
        <time>2026-08-06T17:00:28.232Z</time>
      </trkpt>
      <trkpt lat="43.4681798" lon="-3.9400963">
        <ele>30</ele>
        <time>2026-08-06T17:00:29.232Z</time>
      </trkpt>
      <trkpt lat="43.4681959" lon="-3.9401152">
        <ele>30</ele>
        <time>2026-08-06T17:00:30.232Z</time>
      </trkpt>
      <trkpt lat="43.4682117" lon="-3.9401338">
        <ele>30</ele>
        <time>2026-08-06T17:00:31.232Z</time>
      </trkpt>
      <trkpt lat="43.4682275" lon="-3.9401525">
        <ele>31</ele>
        <time>2026-08-06T17:00:32.232Z</time>
      </trkpt>
      <trkpt lat="43.4682433" lon="-3.9401718">
        <ele>31</ele>
        <time>2026-08-06T17:00:33.232Z</time>
      </trkpt>
      <trkpt lat="43.4682592" lon="-3.9401912">
        <ele>31</ele>
        <time>2026-08-06T17:00:34.232Z</time>
      </trkpt>
      <trkpt lat="43.4682745" lon="-3.9402114">
        <ele>31</ele>
        <time>2026-08-06T17:00:35.232Z</time>
      </trkpt>
      <trkpt lat="43.4682898" lon="-3.9402316">
        <ele>31</ele>
        <time>2026-08-06T17:00:36.232Z</time>
      </trkpt>
      <trkpt lat="43.4683049" lon="-3.9402509">
        <ele>32</ele>
        <time>2026-08-06T17:00:37.232Z</time>
      </trkpt>
      <trkpt lat="43.46832" lon="-3.9402703">
        <ele>32</ele>
        <time>2026-08-06T17:00:38.232Z</time>
      </trkpt>
      <trkpt lat="43.4683365" lon="-3.9402891">
        <ele>32</ele>
        <time>2026-08-06T17:00:39.232Z</time>
      </trkpt>
      <trkpt lat="43.468353" lon="-3.9403079">
        <ele>32</ele>
        <time>2026-08-06T17:00:40.232Z</time>
      </trkpt>
      <trkpt lat="43.4683702" lon="-3.940327">
        <ele>32</ele>
        <time>2026-08-06T17:00:41.232Z</time>
      </trkpt>
      <trkpt lat="43.4683875" lon="-3.9403461">
        <ele>33</ele>
        <time>2026-08-06T17:00:42.232Z</time>
      </trkpt>
      <trkpt lat="43.4684053" lon="-3.9403659">
        <ele>33</ele>
        <time>2026-08-06T17:00:43.232Z</time>
      </trkpt>
      <trkpt lat="43.4684231" lon="-3.9403857">
        <ele>33</ele>
        <time>2026-08-06T17:00:44.232Z</time>
      </trkpt>
      <trkpt lat="43.4684419" lon="-3.9404054">
        <ele>33</ele>
        <time>2026-08-06T17:00:45.232Z</time>
      </trkpt>
      <trkpt lat="43.4684607" lon="-3.9404251">
        <ele>33</ele>
        <time>2026-08-06T17:00:46.232Z</time>
      </trkpt>
      <trkpt lat="43.4684796" lon="-3.9404449">
        <ele>34</ele>
        <time>2026-08-06T17:00:47.232Z</time>
      </trkpt>
      <trkpt lat="43.4684986" lon="-3.9404648">
        <ele>34</ele>
        <time>2026-08-06T17:00:48.232Z</time>
      </trkpt>
      <trkpt lat="43.4685176" lon="-3.9404853">
        <ele>34</ele>
        <time>2026-08-06T17:00:49.232Z</time>
      </trkpt>
      <trkpt lat="43.4685366" lon="-3.9405059">
        <ele>34</ele>
        <time>2026-08-06T17:00:50.232Z</time>
      </trkpt>
      <trkpt lat="43.4685554" lon="-3.940527">
        <ele>34</ele>
        <time>2026-08-06T17:00:51.232Z</time>
      </trkpt>
      <trkpt lat="43.4685742" lon="-3.9405481">
        <ele>35</ele>
        <time>2026-08-06T17:00:52.232Z</time>
      </trkpt>
      <trkpt lat="43.4685929" lon="-3.9405697">
        <ele>35</ele>
        <time>2026-08-06T17:00:53.232Z</time>
      </trkpt>
      <trkpt lat="43.4686116" lon="-3.9405914">
        <ele>35</ele>
        <time>2026-08-06T17:00:54.232Z</time>
      </trkpt>
      <trkpt lat="43.4686304" lon="-3.9406149">
        <ele>35</ele>
        <time>2026-08-06T17:00:55.232Z</time>
      </trkpt>
      <trkpt lat="43.4686493" lon="-3.9406385">
        <ele>35</ele>
        <time>2026-08-06T17:00:56.232Z</time>
      </trkpt>
      <trkpt lat="43.468667" lon="-3.9406637">
        <ele>35</ele>
        <time>2026-08-06T17:00:57.232Z</time>
      </trkpt>
      <trkpt lat="43.4686848" lon="-3.940689">
        <ele>35</ele>
        <time>2026-08-06T17:00:58.232Z</time>
      </trkpt>
      <trkpt lat="43.4687007" lon="-3.9407153">
        <ele>35</ele>
        <time>2026-08-06T17:00:59.232Z</time>
      </trkpt>
      <trkpt lat="43.4687166" lon="-3.9407417">
        <ele>35</ele>
        <time>2026-08-06T17:01:00.232Z</time>
      </trkpt>
      <trkpt lat="43.4687311" lon="-3.9407691">
        <ele>35</ele>
        <time>2026-08-06T17:01:01.232Z</time>
      </trkpt>
      <trkpt lat="43.4687457" lon="-3.9407966">
        <ele>35</ele>
        <time>2026-08-06T17:01:02.232Z</time>
      </trkpt>
      <trkpt lat="43.468759" lon="-3.9408254">
        <ele>35</ele>
        <time>2026-08-06T17:01:03.232Z</time>
      </trkpt>
      <trkpt lat="43.4687724" lon="-3.9408542">
        <ele>35</ele>
        <time>2026-08-06T17:01:04.232Z</time>
      </trkpt>
      <trkpt lat="43.4687851" lon="-3.9408836">
        <ele>35</ele>
        <time>2026-08-06T17:01:05.232Z</time>
      </trkpt>
      <trkpt lat="43.4687978" lon="-3.940913">
        <ele>35</ele>
        <time>2026-08-06T17:01:06.232Z</time>
      </trkpt>
      <trkpt lat="43.4688107" lon="-3.9409416">
        <ele>36</ele>
        <time>2026-08-06T17:01:07.232Z</time>
      </trkpt>
      <trkpt lat="43.4688237" lon="-3.9409703">
        <ele>36</ele>
        <time>2026-08-06T17:01:08.232Z</time>
      </trkpt>
      <trkpt lat="43.4688373" lon="-3.9409974">
        <ele>36</ele>
        <time>2026-08-06T17:01:09.232Z</time>
      </trkpt>
      <trkpt lat="43.4688509" lon="-3.9410245">
        <ele>36</ele>
        <time>2026-08-06T17:01:10.232Z</time>
      </trkpt>
      <trkpt lat="43.4688656" lon="-3.9410499">
        <ele>36</ele>
        <time>2026-08-06T17:01:11.232Z</time>
      </trkpt>
      <trkpt lat="43.4688804" lon="-3.9410753">
        <ele>36</ele>
        <time>2026-08-06T17:01:12.232Z</time>
      </trkpt>
      <trkpt lat="43.4688954" lon="-3.9411005">
        <ele>36</ele>
        <time>2026-08-06T17:01:13.232Z</time>
      </trkpt>
      <trkpt lat="43.4689104" lon="-3.9411257">
        <ele>36</ele>
        <time>2026-08-06T17:01:14.232Z</time>
      </trkpt>
      <trkpt lat="43.4689249" lon="-3.9411517">
        <ele>36</ele>
        <time>2026-08-06T17:01:15.232Z</time>
      </trkpt>
      <trkpt lat="43.4689395" lon="-3.9411778">
        <ele>36</ele>
        <time>2026-08-06T17:01:16.232Z</time>
      </trkpt>
      <trkpt lat="43.4689533" lon="-3.9412043">
        <ele>36</ele>
        <time>2026-08-06T17:01:17.232Z</time>
      </trkpt>
      <trkpt lat="43.4689671" lon="-3.9412308">
        <ele>36</ele>
        <time>2026-08-06T17:01:18.232Z</time>
      </trkpt>
      <trkpt lat="43.46898" lon="-3.9412581">
        <ele>36</ele>
        <time>2026-08-06T17:01:19.232Z</time>
      </trkpt>
      <trkpt lat="43.4689929" lon="-3.9412854">
        <ele>36</ele>
        <time>2026-08-06T17:01:20.232Z</time>
      </trkpt>
      <trkpt lat="43.4690051" lon="-3.9413138">
        <ele>36</ele>
        <time>2026-08-06T17:01:21.232Z</time>
      </trkpt>
      <trkpt lat="43.4690173" lon="-3.9413422">
        <ele>37</ele>
        <time>2026-08-06T17:01:22.252Z</time>
      </trkpt>
      <trkpt lat="43.469003" lon="-3.941344">
        <ele>38.17</ele>
        <time>2026-08-06T17:01:22.863Z</time>
        <extensions>
          <gpxtpx:TrackPointExtension>
            <gpxtpx:Extensions>
              <highway>residential</highway>
            </gpxtpx:Extensions>
          </gpxtpx:TrackPointExtension>
        </extensions>
      </trkpt>
      <trkpt lat="43.469006" lon="-3.941381">
        <ele>38.2</ele>
        <time>2026-08-06T17:01:24.013Z</time>
        <extensions>
          <gpxtpx:TrackPointExtension>
            <gpxtpx:Extensions>
              <highway>track</highway>
              <sac_scale>hiking</sac_scale>
            </gpxtpx:Extensions>
          </gpxtpx:TrackPointExtension>
        </extensions>
      </trkpt>
      <trkpt lat="43.46904" lon="-3.941558">
        <ele>37.65</ele>
        <time>2026-08-06T17:01:29.672Z</time>
        <extensions>
          <gpxtpx:TrackPointExtension>
            <gpxtpx:Extensions>
              <highway>track</highway>
              <sac_scale>hiking</sac_scale>
            </gpxtpx:Extensions>
          </gpxtpx:TrackPointExtension>
        </extensions>
      </trkpt>
      <trkpt lat="43.469036" lon="-3.941675">
        <ele>37.58</ele>
        <time>2026-08-06T17:01:33.292Z</time>
        <extensions>
          <gpxtpx:TrackPointExtension>
            <gpxtpx:Extensions>
              <highway>track</highway>
              <sac_scale>hiking</sac_scale>
            </gpxtpx:Extensions>
          </gpxtpx:TrackPointExtension>
        </extensions>
      </trkpt>
      <trkpt lat="43.469018" lon="-3.941799">
        <ele>38.1</ele>
        <time>2026-08-06T17:01:37.200Z</time>
        <extensions>
          <gpxtpx:TrackPointExtension>
            <gpxtpx:Extensions>
              <highway>track</highway>
              <sac_scale>hiking</sac_scale>
            </gpxtpx:Extensions>
          </gpxtpx:TrackPointExtension>
        </extensions>
      </trkpt>
      <trkpt lat="43.468901" lon="-3.942323">
        <ele>39.91</ele>
        <time>2026-08-06T17:01:54.146Z</time>
        <extensions>
          <gpxtpx:TrackPointExtension>
            <gpxtpx:Extensions>
              <highway>track</highway>
              <sac_scale>hiking</sac_scale>
            </gpxtpx:Extensions>
          </gpxtpx:TrackPointExtension>
        </extensions>
      </trkpt>
      <trkpt lat="43.468887" lon="-3.942429">
        <ele>39.73</ele>
        <time>2026-08-06T17:01:57.476Z</time>
        <extensions>
          <gpxtpx:TrackPointExtension>
            <gpxtpx:Extensions>
              <highway>path</highway>
              <sac_scale>hiking</sac_scale>
            </gpxtpx:Extensions>
          </gpxtpx:TrackPointExtension>
        </extensions>
      </trkpt>
      <trkpt lat="43.468884" lon="-3.942489">
        <ele>39.44</ele>
        <time>2026-08-06T17:01:59.335Z</time>
        <extensions>
          <gpxtpx:TrackPointExtension>
            <gpxtpx:Extensions>
              <highway>path</highway>
              <sac_scale>hiking</sac_scale>
            </gpxtpx:Extensions>
          </gpxtpx:TrackPointExtension>
        </extensions>
      </trkpt>
      <trkpt lat="43.468909" lon="-3.942605">
        <ele>38.92</ele>
        <time>2026-08-06T17:02:03.075Z</time>
        <extensions>
          <gpxtpx:TrackPointExtension>
            <gpxtpx:Extensions>
              <highway>path</highway>
              <sac_scale>hiking</sac_scale>
            </gpxtpx:Extensions>
          </gpxtpx:TrackPointExtension>
        </extensions>
      </trkpt>
      <trkpt lat="43.46892" lon="-3.942726">
        <ele>38.51</ele>
        <time>2026-08-06T17:02:06.844Z</time>
        <extensions>
          <gpxtpx:TrackPointExtension>
            <gpxtpx:Extensions>
              <highway>path</highway>
              <sac_scale>hiking</sac_scale>
            </gpxtpx:Extensions>
          </gpxtpx:TrackPointExtension>
        </extensions>
      </trkpt>
      <trkpt lat="43.468905" lon="-3.942862">
        <ele>39.41</ele>
        <time>2026-08-06T17:02:11.096Z</time>
        <extensions>
          <gpxtpx:TrackPointExtension>
            <gpxtpx:Extensions>
              <highway>path</highway>
              <sac_scale>hiking</sac_scale>
            </gpxtpx:Extensions>
          </gpxtpx:TrackPointExtension>
        </extensions>
      </trkpt>
      <trkpt lat="43.468879" lon="-3.942979">
        <ele>39.11</ele>
        <time>2026-08-06T17:02:14.878Z</time>
        <extensions>
          <gpxtpx:TrackPointExtension>
            <gpxtpx:Extensions>
              <highway>path</highway>
              <sac_scale>hiking</sac_scale>
            </gpxtpx:Extensions>
          </gpxtpx:TrackPointExtension>
        </extensions>
      </trkpt>
      <trkpt lat="43.468887" lon="-3.943077">
        <ele>37.87</ele>
        <time>2026-08-06T17:02:17.926Z</time>
        <extensions>
          <gpxtpx:TrackPointExtension>
            <gpxtpx:Extensions>
              <highway>path</highway>
              <sac_scale>hiking</sac_scale>
            </gpxtpx:Extensions>
          </gpxtpx:TrackPointExtension>
        </extensions>
      </trkpt>
      <trkpt lat="43.468882" lon="-3.943266">
        <ele>36.07</ele>
        <time>2026-08-06T17:02:23.771Z</time>
        <extensions>
          <gpxtpx:TrackPointExtension>
            <gpxtpx:Extensions>
              <highway>path</highway>
              <sac_scale>hiking</sac_scale>
            </gpxtpx:Extensions>
          </gpxtpx:TrackPointExtension>
        </extensions>
      </trkpt>
      <trkpt lat="43.46892" lon="-3.943569">
        <ele>32.24</ele>
        <time>2026-08-06T17:02:33.275Z</time>
        <extensions>
          <gpxtpx:TrackPointExtension>
            <gpxtpx:Extensions>
              <highway>path</highway>
              <sac_scale>hiking</sac_scale>
            </gpxtpx:Extensions>
          </gpxtpx:TrackPointExtension>
        </extensions>
      </trkpt>
      <trkpt lat="43.468941" lon="-3.943643">
        <ele>30.64</ele>
        <time>2026-08-06T17:02:35.731Z</time>
        <extensions>
          <gpxtpx:TrackPointExtension>
            <gpxtpx:Extensions>
              <highway>path</highway>
              <sac_scale>hiking</sac_scale>
            </gpxtpx:Extensions>
          </gpxtpx:TrackPointExtension>
        </extensions>
      </trkpt>
      <trkpt lat="43.469076" lon="-3.943845">
        <ele>23.17</ele>
        <time>2026-08-06T17:02:44.218Z</time>
        <extensions>
          <gpxtpx:TrackPointExtension>
            <gpxtpx:Extensions>
              <highway>path</highway>
              <sac_scale>hiking</sac_scale>
            </gpxtpx:Extensions>
          </gpxtpx:TrackPointExtension>
        </extensions>
      </trkpt>
      <trkpt lat="43.469078" lon="-3.943886">
        <ele>24.7</ele>
        <time>2026-08-06T17:02:45.488Z</time>
        <extensions>
          <gpxtpx:TrackPointExtension>
            <gpxtpx:Extensions>
              <highway>path</highway>
              <sac_scale>hiking</sac_scale>
            </gpxtpx:Extensions>
          </gpxtpx:TrackPointExtension>
        </extensions>
      </trkpt>
      <trkpt lat="43.469047" lon="-3.943904">
        <ele>28.57</ele>
        <time>2026-08-06T17:02:46.920Z</time>
        <extensions>
          <gpxtpx:TrackPointExtension>
            <gpxtpx:Extensions>
              <highway>path</highway>
              <sac_scale>hiking</sac_scale>
            </gpxtpx:Extensions>
          </gpxtpx:TrackPointExtension>
        </extensions>
      </trkpt>
      <trkpt lat="43.469002" lon="-3.943929">
        <ele>31.35</ele>
        <time>2026-08-06T17:02:48.986Z</time>
        <extensions>
          <gpxtpx:TrackPointExtension>
            <gpxtpx:Extensions>
              <highway>path</highway>
              <sac_scale>hiking</sac_scale>
            </gpxtpx:Extensions>
          </gpxtpx:TrackPointExtension>
        </extensions>
      </trkpt>
      <trkpt lat="43.46896" lon="-3.943953">
        <ele>32.22</ele>
        <time>2026-08-06T17:02:50.922Z</time>
        <extensions>
          <gpxtpx:TrackPointExtension>
            <gpxtpx:Extensions>
              <highway>path</highway>
              <sac_scale>hiking</sac_scale>
            </gpxtpx:Extensions>
          </gpxtpx:TrackPointExtension>
        </extensions>
      </trkpt>
      <trkpt lat="43.468915" lon="-3.943962">
        <ele>33.25</ele>
        <time>2026-08-06T17:02:52.858Z</time>
        <extensions>
          <gpxtpx:TrackPointExtension>
            <gpxtpx:Extensions>
              <highway>path</highway>
              <sac_scale>hiking</sac_scale>
            </gpxtpx:Extensions>
          </gpxtpx:TrackPointExtension>
        </extensions>
      </trkpt>
      <trkpt lat="43.468754" lon="-3.944065">
        <ele>35.36</ele>
        <time>2026-08-06T17:03:00.418Z</time>
        <extensions>
          <gpxtpx:TrackPointExtension>
            <gpxtpx:Extensions>
              <highway>path</highway>
              <sac_scale>hiking</sac_scale>
            </gpxtpx:Extensions>
          </gpxtpx:TrackPointExtension>
        </extensions>
      </trkpt>
      <trkpt lat="43.468649" lon="-3.944183">
        <ele>35.69</ele>
        <time>2026-08-06T17:03:06.188Z</time>
        <extensions>
          <gpxtpx:TrackPointExtension>
            <gpxtpx:Extensions>
              <highway>path</highway>
              <sac_scale>hiking</sac_scale>
            </gpxtpx:Extensions>
          </gpxtpx:TrackPointExtension>
        </extensions>
      </trkpt>
      <trkpt lat="43.468595" lon="-3.94426">
        <ele>36.48</ele>
        <time>2026-08-06T17:03:09.497Z</time>
        <extensions>
          <gpxtpx:TrackPointExtension>
            <gpxtpx:Extensions>
              <highway>path</highway>
              <sac_scale>hiking</sac_scale>
            </gpxtpx:Extensions>
          </gpxtpx:TrackPointExtension>
        </extensions>
      </trkpt>
      <trkpt lat="43.468556" lon="-3.944294">
        <ele>37.16</ele>
        <time>2026-08-06T17:03:11.462Z</time>
        <extensions>
          <gpxtpx:TrackPointExtension>
            <gpxtpx:Extensions>
              <highway>path</highway>
              <sac_scale>hiking</sac_scale>
            </gpxtpx:Extensions>
          </gpxtpx:TrackPointExtension>
        </extensions>
      </trkpt>
      <trkpt lat="43.4685" lon="-3.944391">
        <ele>37.66</ele>
        <time>2026-08-06T17:03:15.293Z</time>
        <extensions>
          <gpxtpx:TrackPointExtension>
            <gpxtpx:Extensions>
              <highway>path</highway>
              <sac_scale>hiking</sac_scale>
            </gpxtpx:Extensions>
          </gpxtpx:TrackPointExtension>
        </extensions>
      </trkpt>
      <trkpt lat="43.468434" lon="-3.944505">
        <ele>38.25</ele>
        <time>2026-08-06T17:03:19.800Z</time>
        <extensions>
          <gpxtpx:TrackPointExtension>
            <gpxtpx:Extensions>
              <highway>path</highway>
              <sac_scale>hiking</sac_scale>
            </gpxtpx:Extensions>
          </gpxtpx:TrackPointExtension>
        </extensions>
      </trkpt>
      <trkpt lat="43.468392" lon="-3.944545">
        <ele>40.22</ele>
        <time>2026-08-06T17:03:21.974Z</time>
        <extensions>
          <gpxtpx:TrackPointExtension>
            <gpxtpx:Extensions>
              <highway>path</highway>
              <sac_scale>hiking</sac_scale>
            </gpxtpx:Extensions>
          </gpxtpx:TrackPointExtension>
        </extensions>
      </trkpt>
      <trkpt lat="43.468328" lon="-3.944552">
        <ele>42.55</ele>
        <time>2026-08-06T17:03:24.708Z</time>
        <extensions>
          <gpxtpx:TrackPointExtension>
            <gpxtpx:Extensions>
              <highway>path</highway>
              <sac_scale>hiking</sac_scale>
            </gpxtpx:Extensions>
          </gpxtpx:TrackPointExtension>
        </extensions>
      </trkpt>
      <trkpt lat="43.468248" lon="-3.944535">
        <ele>45.42</ele>
        <time>2026-08-06T17:03:28.155Z</time>
        <extensions>
          <gpxtpx:TrackPointExtension>
            <gpxtpx:Extensions>
              <highway>path</highway>
              <sac_scale>hiking</sac_scale>
            </gpxtpx:Extensions>
          </gpxtpx:TrackPointExtension>
        </extensions>
      </trkpt>
      <trkpt lat="43.468198" lon="-3.944536">
        <ele>46.35</ele>
        <time>2026-08-06T17:03:30.284Z</time>
        <extensions>
          <gpxtpx:TrackPointExtension>
            <gpxtpx:Extensions>
              <highway>path</highway>
              <sac_scale>hiking</sac_scale>
            </gpxtpx:Extensions>
          </gpxtpx:TrackPointExtension>
        </extensions>
      </trkpt>
      <trkpt lat="43.468134" lon="-3.944719">
        <ele>46.36</ele>
        <time>2026-08-06T17:03:36.563Z</time>
        <extensions>
          <gpxtpx:TrackPointExtension>
            <gpxtpx:Extensions>
              <highway>path</highway>
              <sac_scale>hiking</sac_scale>
            </gpxtpx:Extensions>
          </gpxtpx:TrackPointExtension>
        </extensions>
      </trkpt>
      <trkpt lat="43.46809" lon="-3.944792">
        <ele>45.97</ele>
        <time>2026-08-06T17:03:39.496Z</time>
        <extensions>
          <gpxtpx:TrackPointExtension>
            <gpxtpx:Extensions>
              <highway>path</highway>
              <sac_scale>hiking</sac_scale>
            </gpxtpx:Extensions>
          </gpxtpx:TrackPointExtension>
        </extensions>
      </trkpt>
      <trkpt lat="43.468032" lon="-3.944861">
        <ele>46.25</ele>
        <time>2026-08-06T17:03:42.759Z</time>
        <extensions>
          <gpxtpx:TrackPointExtension>
            <gpxtpx:Extensions>
              <highway>path</highway>
              <sac_scale>hiking</sac_scale>
            </gpxtpx:Extensions>
          </gpxtpx:TrackPointExtension>
        </extensions>
      </trkpt>
      <trkpt lat="43.468001" lon="-3.944915">
        <ele>46.48</ele>
        <time>2026-08-06T17:03:44.887Z</time>
        <extensions>
          <gpxtpx:TrackPointExtension>
            <gpxtpx:Extensions>
              <highway>path</highway>
              <sac_scale>hiking</sac_scale>
            </gpxtpx:Extensions>
          </gpxtpx:TrackPointExtension>
        </extensions>
      </trkpt>
      <trkpt lat="43.467973" lon="-3.944982">
        <ele>45.83</ele>
        <time>2026-08-06T17:03:47.276Z</time>
        <extensions>
          <gpxtpx:TrackPointExtension>
            <gpxtpx:Extensions>
              <highway>path</highway>
              <sac_scale>hiking</sac_scale>
            </gpxtpx:Extensions>
          </gpxtpx:TrackPointExtension>
        </extensions>
      </trkpt>
      <trkpt lat="43.467918" lon="-3.945044">
        <ele>46.67</ele>
        <time>2026-08-06T17:03:50.302Z</time>
        <extensions>
          <gpxtpx:TrackPointExtension>
            <gpxtpx:Extensions>
              <highway>path</highway>
              <sac_scale>hiking</sac_scale>
            </gpxtpx:Extensions>
          </gpxtpx:TrackPointExtension>
        </extensions>
      </trkpt>
      <trkpt lat="43.467866" lon="-3.945164">
        <ele>47.03</ele>
        <time>2026-08-06T17:03:54.622Z</time>
        <extensions>
          <gpxtpx:TrackPointExtension>
            <gpxtpx:Extensions>
              <highway>path</highway>
              <sac_scale>hiking</sac_scale>
            </gpxtpx:Extensions>
          </gpxtpx:TrackPointExtension>
        </extensions>
      </trkpt>
      <trkpt lat="43.467786" lon="-3.94528">
        <ele>49.35</ele>
        <time>2026-08-06T17:03:59.568Z</time>
        <extensions>
          <gpxtpx:TrackPointExtension>
            <gpxtpx:Extensions>
              <highway>path</highway>
              <sac_scale>hiking</sac_scale>
            </gpxtpx:Extensions>
          </gpxtpx:TrackPointExtension>
        </extensions>
      </trkpt>
      <trkpt lat="43.467747" lon="-3.945325">
        <ele>49.7</ele>
        <time>2026-08-06T17:04:01.734Z</time>
        <extensions>
          <gpxtpx:TrackPointExtension>
            <gpxtpx:Extensions>
              <highway>path</highway>
              <sac_scale>hiking</sac_scale>
            </gpxtpx:Extensions>
          </gpxtpx:TrackPointExtension>
        </extensions>
      </trkpt>
      <trkpt lat="43.467597" lon="-3.945433">
        <ele>52.33</ele>
        <time>2026-08-06T17:04:08.942Z</time>
        <extensions>
          <gpxtpx:TrackPointExtension>
            <gpxtpx:Extensions>
              <highway>path</highway>
              <sac_scale>hiking</sac_scale>
            </gpxtpx:Extensions>
          </gpxtpx:TrackPointExtension>
        </extensions>
      </trkpt>
      <trkpt lat="43.467554" lon="-3.945502">
        <ele>52.53</ele>
        <time>2026-08-06T17:04:11.753Z</time>
        <extensions>
          <gpxtpx:TrackPointExtension>
            <gpxtpx:Extensions>
              <highway>path</highway>
              <sac_scale>hiking</sac_scale>
            </gpxtpx:Extensions>
          </gpxtpx:TrackPointExtension>
        </extensions>
      </trkpt>
      <trkpt lat="43.467507" lon="-3.945558">
        <ele>53.1</ele>
        <time>2026-08-06T17:04:14.399Z</time>
        <extensions>
          <gpxtpx:TrackPointExtension>
            <gpxtpx:Extensions>
              <highway>path</highway>
              <sac_scale>hiking</sac_scale>
            </gpxtpx:Extensions>
          </gpxtpx:TrackPointExtension>
        </extensions>
      </trkpt>
      <trkpt lat="43.46745" lon="-3.945594">
        <ele>54.01</ele>
        <time>2026-08-06T17:04:17.069Z</time>
        <extensions>
          <gpxtpx:TrackPointExtension>
            <gpxtpx:Extensions>
              <highway>path</highway>
              <sac_scale>hiking</sac_scale>
            </gpxtpx:Extensions>
          </gpxtpx:TrackPointExtension>
        </extensions>
      </trkpt>
      <trkpt lat="43.467391" lon="-3.945604">
        <ele>55.16</ele>
        <time>2026-08-06T17:04:19.600Z</time>
        <extensions>
          <gpxtpx:TrackPointExtension>
            <gpxtpx:Extensions>
              <highway>path</highway>
              <sac_scale>hiking</sac_scale>
            </gpxtpx:Extensions>
          </gpxtpx:TrackPointExtension>
        </extensions>
      </trkpt>
      <trkpt lat="43.467342" lon="-3.945582">
        <ele>55.58</ele>
        <time>2026-08-06T17:04:21.794Z</time>
        <extensions>
          <gpxtpx:TrackPointExtension>
            <gpxtpx:Extensions>
              <highway>path</highway>
              <sac_scale>hiking</sac_scale>
            </gpxtpx:Extensions>
          </gpxtpx:TrackPointExtension>
        </extensions>
      </trkpt>
      <trkpt lat="43.467308" lon="-3.945589">
        <ele>55.79</ele>
        <time>2026-08-06T17:04:23.258Z</time>
        <extensions>
          <gpxtpx:TrackPointExtension>
            <gpxtpx:Extensions>
              <highway>path</highway>
              <sac_scale>hiking</sac_scale>
            </gpxtpx:Extensions>
          </gpxtpx:TrackPointExtension>
        </extensions>
      </trkpt>
      <trkpt lat="43.46728" lon="-3.945624">
        <ele>55.9</ele>
        <time>2026-08-06T17:04:24.868Z</time>
        <extensions>
          <gpxtpx:TrackPointExtension>
            <gpxtpx:Extensions>
              <highway>path</highway>
              <sac_scale>hiking</sac_scale>
            </gpxtpx:Extensions>
          </gpxtpx:TrackPointExtension>
        </extensions>
      </trkpt>
      <trkpt lat="43.46711" lon="-3.94573">
        <ele>55.56</ele>
        <time>2026-08-06T17:04:32.815Z</time>
        <extensions>
          <gpxtpx:TrackPointExtension>
            <gpxtpx:Extensions>
              <highway>path</highway>
              <sac_scale>hiking</sac_scale>
            </gpxtpx:Extensions>
          </gpxtpx:TrackPointExtension>
        </extensions>
      </trkpt>
      <trkpt lat="43.466986" lon="-3.945832">
        <ele>53.69</ele>
        <time>2026-08-06T17:04:38.965Z</time>
        <extensions>
          <gpxtpx:TrackPointExtension>
            <gpxtpx:Extensions>
              <highway>path</highway>
              <sac_scale>hiking</sac_scale>
            </gpxtpx:Extensions>
          </gpxtpx:TrackPointExtension>
        </extensions>
      </trkpt>
      <trkpt lat="43.466941" lon="-3.94585">
        <ele>53.09</ele>
        <time>2026-08-06T17:04:40.960Z</time>
        <extensions>
          <gpxtpx:TrackPointExtension>
            <gpxtpx:Extensions>
              <highway>path</highway>
              <sac_scale>hiking</sac_scale>
            </gpxtpx:Extensions>
          </gpxtpx:TrackPointExtension>
        </extensions>
      </trkpt>
      <trkpt lat="43.466836" lon="-3.945864">
        <ele>51</ele>
        <time>2026-08-06T17:04:45.452Z</time>
        <extensions>
          <gpxtpx:TrackPointExtension>
            <gpxtpx:Extensions>
              <highway>path</highway>
              <sac_scale>hiking</sac_scale>
            </gpxtpx:Extensions>
          </gpxtpx:TrackPointExtension>
        </extensions>
      </trkpt>
      <trkpt lat="43.466765" lon="-3.945892">
        <ele>49.35</ele>
        <time>2026-08-06T17:04:48.597Z</time>
        <extensions>
          <gpxtpx:TrackPointExtension>
            <gpxtpx:Extensions>
              <highway>path</highway>
              <sac_scale>hiking</sac_scale>
            </gpxtpx:Extensions>
          </gpxtpx:TrackPointExtension>
        </extensions>
      </trkpt>
      <trkpt lat="43.46661" lon="-3.945983">
        <ele>44.78</ele>
        <time>2026-08-06T17:04:55.772Z</time>
        <extensions>
          <gpxtpx:TrackPointExtension>
            <gpxtpx:Extensions>
              <highway>path</highway>
              <sac_scale>hiking</sac_scale>
            </gpxtpx:Extensions>
          </gpxtpx:TrackPointExtension>
        </extensions>
      </trkpt>
      <trkpt lat="43.466467" lon="-3.9461">
        <ele>41.26</ele>
        <time>2026-08-06T17:05:02.855Z</time>
        <extensions>
          <gpxtpx:TrackPointExtension>
            <gpxtpx:Extensions>
              <highway>path</highway>
              <sac_scale>hiking</sac_scale>
            </gpxtpx:Extensions>
          </gpxtpx:TrackPointExtension>
        </extensions>
      </trkpt>
      <trkpt lat="43.466191" lon="-3.946547">
        <ele>37.5</ele>
        <time>2026-08-06T17:05:20.996Z</time>
        <extensions>
          <gpxtpx:TrackPointExtension>
            <gpxtpx:Extensions>
              <highway>path</highway>
              <sac_scale>hiking</sac_scale>
            </gpxtpx:Extensions>
          </gpxtpx:TrackPointExtension>
        </extensions>
      </trkpt>
      <trkpt lat="43.466124" lon="-3.946615">
        <ele>36.16</ele>
        <time>2026-08-06T17:05:24.540Z</time>
        <extensions>
          <gpxtpx:TrackPointExtension>
            <gpxtpx:Extensions>
              <highway>path</highway>
              <sac_scale>hiking</sac_scale>
            </gpxtpx:Extensions>
          </gpxtpx:TrackPointExtension>
        </extensions>
      </trkpt>
      <trkpt lat="43.466076" lon="-3.946648">
        <ele>35.17</ele>
        <time>2026-08-06T17:05:26.824Z</time>
        <extensions>
          <gpxtpx:TrackPointExtension>
            <gpxtpx:Extensions>
              <highway>path</highway>
              <sac_scale>hiking</sac_scale>
            </gpxtpx:Extensions>
          </gpxtpx:TrackPointExtension>
        </extensions>
      </trkpt>
      <trkpt lat="43.465936" lon="-3.946679">
        <ele>33.18</ele>
        <time>2026-08-06T17:05:32.863Z</time>
        <extensions>
          <gpxtpx:TrackPointExtension>
            <gpxtpx:Extensions>
              <highway>path</highway>
              <sac_scale>hiking</sac_scale>
            </gpxtpx:Extensions>
          </gpxtpx:TrackPointExtension>
        </extensions>
      </trkpt>
      <trkpt lat="43.465597" lon="-3.946733">
        <ele>32.3</ele>
        <time>2026-08-06T17:05:47.397Z</time>
        <extensions>
          <gpxtpx:TrackPointExtension>
            <gpxtpx:Extensions>
              <highway>track</highway>
              <sac_scale>hiking</sac_scale>
            </gpxtpx:Extensions>
          </gpxtpx:TrackPointExtension>
        </extensions>
      </trkpt>
      <trkpt lat="43.465473" lon="-3.946754">
        <ele>31.35</ele>
        <time>2026-08-06T17:05:52.718Z</time>
        <extensions>
          <gpxtpx:TrackPointExtension>
            <gpxtpx:Extensions>
              <highway>track</highway>
              <sac_scale>hiking</sac_scale>
            </gpxtpx:Extensions>
          </gpxtpx:TrackPointExtension>
        </extensions>
      </trkpt>
      <trkpt lat="43.46522" lon="-3.946845">
        <ele>30.2</ele>
        <time>2026-08-06T17:06:03.854Z</time>
        <extensions>
          <gpxtpx:TrackPointExtension>
            <gpxtpx:Extensions>
              <highway>track</highway>
              <sac_scale>hiking</sac_scale>
            </gpxtpx:Extensions>
          </gpxtpx:TrackPointExtension>
        </extensions>
      </trkpt>
      <trkpt lat="43.465053" lon="-3.94694">
        <ele>29.38</ele>
        <time>2026-08-06T17:06:11.549Z</time>
        <extensions>
          <gpxtpx:TrackPointExtension>
            <gpxtpx:Extensions>
              <highway>track</highway>
              <sac_scale>hiking</sac_scale>
            </gpxtpx:Extensions>
          </gpxtpx:TrackPointExtension>
        </extensions>
      </trkpt>
      <trkpt lat="43.464963" lon="-3.947022">
        <ele>28.58</ele>
        <time>2026-08-06T17:06:16.144Z</time>
        <extensions>
          <gpxtpx:TrackPointExtension>
            <gpxtpx:Extensions>
              <highway>track</highway>
              <sac_scale>hiking</sac_scale>
            </gpxtpx:Extensions>
          </gpxtpx:TrackPointExtension>
        </extensions>
      </trkpt>
      <trkpt lat="43.4649664" lon="-3.9470288">
        <ele>29</ele>
        <time>2026-08-06T17:06:16.399Z</time>
      </trkpt>
      <trkpt lat="43.4649457" lon="-3.9470504">
        <ele>29</ele>
        <time>2026-08-06T17:06:17.232Z</time>
      </trkpt>
      <trkpt lat="43.4649251" lon="-3.9470721">
        <ele>28</ele>
        <time>2026-08-06T17:06:18.232Z</time>
      </trkpt>
      <trkpt lat="43.464905" lon="-3.9470942">
        <ele>28</ele>
        <time>2026-08-06T17:06:19.232Z</time>
      </trkpt>
      <trkpt lat="43.464885" lon="-3.9471163">
        <ele>28</ele>
        <time>2026-08-06T17:06:20.232Z</time>
      </trkpt>
      <trkpt lat="43.4648648" lon="-3.9471385">
        <ele>28</ele>
        <time>2026-08-06T17:06:21.232Z</time>
      </trkpt>
      <trkpt lat="43.4648447" lon="-3.9471607">
        <ele>28</ele>
        <time>2026-08-06T17:06:22.232Z</time>
      </trkpt>
      <trkpt lat="43.464824" lon="-3.9471834">
        <ele>27</ele>
        <time>2026-08-06T17:06:23.232Z</time>
      </trkpt>
      <trkpt lat="43.4648033" lon="-3.9472061">
        <ele>27</ele>
        <time>2026-08-06T17:06:24.232Z</time>
      </trkpt>
      <trkpt lat="43.4647821" lon="-3.9472292">
        <ele>27</ele>
        <time>2026-08-06T17:06:25.232Z</time>
      </trkpt>
      <trkpt lat="43.464761" lon="-3.9472524">
        <ele>27</ele>
        <time>2026-08-06T17:06:26.232Z</time>
      </trkpt>
      <trkpt lat="43.4647402" lon="-3.9472771">
        <ele>27</ele>
        <time>2026-08-06T17:06:27.232Z</time>
      </trkpt>
      <trkpt lat="43.4647195" lon="-3.9473019">
        <ele>26</ele>
        <time>2026-08-06T17:06:28.232Z</time>
      </trkpt>
      <trkpt lat="43.4646996" lon="-3.9473276">
        <ele>26</ele>
        <time>2026-08-06T17:06:29.232Z</time>
      </trkpt>
      <trkpt lat="43.4646797" lon="-3.9473533">
        <ele>25</ele>
        <time>2026-08-06T17:06:30.232Z</time>
      </trkpt>
      <trkpt lat="43.4646611" lon="-3.947379">
        <ele>25</ele>
        <time>2026-08-06T17:06:31.232Z</time>
      </trkpt>
      <trkpt lat="43.4646426" lon="-3.9474047">
        <ele>25</ele>
        <time>2026-08-06T17:06:32.232Z</time>
      </trkpt>
      <trkpt lat="43.4646253" lon="-3.9474305">
        <ele>25</ele>
        <time>2026-08-06T17:06:33.232Z</time>
      </trkpt>
      <trkpt lat="43.4646081" lon="-3.9474564">
        <ele>25</ele>
        <time>2026-08-06T17:06:34.232Z</time>
      </trkpt>
      <trkpt lat="43.4645914" lon="-3.9474802">
        <ele>25</ele>
        <time>2026-08-06T17:06:35.232Z</time>
      </trkpt>
      <trkpt lat="43.4645748" lon="-3.947504">
        <ele>25</ele>
        <time>2026-08-06T17:06:36.232Z</time>
      </trkpt>
      <trkpt lat="43.4645577" lon="-3.9475255">
        <ele>25</ele>
        <time>2026-08-06T17:06:37.232Z</time>
      </trkpt>
      <trkpt lat="43.4645407" lon="-3.947547">
        <ele>25</ele>
        <time>2026-08-06T17:06:38.232Z</time>
      </trkpt>
      <trkpt lat="43.4645229" lon="-3.9475681">
        <ele>25</ele>
        <time>2026-08-06T17:06:39.232Z</time>
      </trkpt>
      <trkpt lat="43.4645051" lon="-3.9475892">
        <ele>25</ele>
        <time>2026-08-06T17:06:40.232Z</time>
      </trkpt>
      <trkpt lat="43.4644861" lon="-3.947609">
        <ele>25</ele>
        <time>2026-08-06T17:06:41.232Z</time>
      </trkpt>
      <trkpt lat="43.4644671" lon="-3.9476288">
        <ele>25</ele>
        <time>2026-08-06T17:06:42.232Z</time>
      </trkpt>
      <trkpt lat="43.4644467" lon="-3.9476471">
        <ele>25</ele>
        <time>2026-08-06T17:06:43.232Z</time>
      </trkpt>
      <trkpt lat="43.4644264" lon="-3.9476654">
        <ele>25</ele>
        <time>2026-08-06T17:06:44.232Z</time>
      </trkpt>
      <trkpt lat="43.4644053" lon="-3.9476836">
        <ele>25</ele>
        <time>2026-08-06T17:06:45.232Z</time>
      </trkpt>
      <trkpt lat="43.4643843" lon="-3.9477018">
        <ele>25</ele>
        <time>2026-08-06T17:06:46.232Z</time>
      </trkpt>
      <trkpt lat="43.4643633" lon="-3.9477206">
        <ele>25</ele>
        <time>2026-08-06T17:06:47.232Z</time>
      </trkpt>
      <trkpt lat="43.4643424" lon="-3.9477394">
        <ele>25</ele>
        <time>2026-08-06T17:06:48.232Z</time>
      </trkpt>
      <trkpt lat="43.4643218" lon="-3.9477581">
        <ele>25</ele>
        <time>2026-08-06T17:06:49.232Z</time>
      </trkpt>
      <trkpt lat="43.4643012" lon="-3.9477768">
        <ele>25</ele>
        <time>2026-08-06T17:06:50.232Z</time>
      </trkpt>
      <trkpt lat="43.4642813" lon="-3.9477951">
        <ele>25</ele>
        <time>2026-08-06T17:06:51.232Z</time>
      </trkpt>
      <trkpt lat="43.4642614" lon="-3.9478134">
        <ele>25</ele>
        <time>2026-08-06T17:06:52.232Z</time>
      </trkpt>
      <trkpt lat="43.4642417" lon="-3.9478317">
        <ele>25</ele>
        <time>2026-08-06T17:06:53.232Z</time>
      </trkpt>
      <trkpt lat="43.4642221" lon="-3.9478501">
        <ele>25</ele>
        <time>2026-08-06T17:06:54.232Z</time>
      </trkpt>
      <trkpt lat="43.4642023" lon="-3.9478697">
        <ele>25</ele>
        <time>2026-08-06T17:06:55.232Z</time>
      </trkpt>
      <trkpt lat="43.4641825" lon="-3.9478893">
        <ele>25</ele>
        <time>2026-08-06T17:06:56.232Z</time>
      </trkpt>
      <trkpt lat="43.4641629" lon="-3.9479103">
        <ele>25</ele>
        <time>2026-08-06T17:06:57.232Z</time>
      </trkpt>
      <trkpt lat="43.4641434" lon="-3.9479313">
        <ele>24</ele>
        <time>2026-08-06T17:06:58.232Z</time>
      </trkpt>
      <trkpt lat="43.4641236" lon="-3.9479542">
        <ele>24</ele>
        <time>2026-08-06T17:06:59.232Z</time>
      </trkpt>
      <trkpt lat="43.4641038" lon="-3.9479772">
        <ele>24</ele>
        <time>2026-08-06T17:07:00.232Z</time>
      </trkpt>
      <trkpt lat="43.4640836" lon="-3.948001">
        <ele>24</ele>
        <time>2026-08-06T17:07:01.232Z</time>
      </trkpt>
      <trkpt lat="43.4640635" lon="-3.9480249">
        <ele>24</ele>
        <time>2026-08-06T17:07:02.232Z</time>
      </trkpt>
      <trkpt lat="43.4640439" lon="-3.9480491">
        <ele>23</ele>
        <time>2026-08-06T17:07:03.232Z</time>
      </trkpt>
      <trkpt lat="43.4640244" lon="-3.9480734">
        <ele>23</ele>
        <time>2026-08-06T17:07:04.232Z</time>
      </trkpt>
      <trkpt lat="43.4640064" lon="-3.9480982">
        <ele>22</ele>
        <time>2026-08-06T17:07:05.232Z</time>
      </trkpt>
      <trkpt lat="43.4639885" lon="-3.9481231">
        <ele>22</ele>
        <time>2026-08-06T17:07:06.232Z</time>
      </trkpt>
      <trkpt lat="43.4639719" lon="-3.9481483">
        <ele>22</ele>
        <time>2026-08-06T17:07:07.232Z</time>
      </trkpt>
      <trkpt lat="43.4639553" lon="-3.9481736">
        <ele>21</ele>
        <time>2026-08-06T17:07:08.232Z</time>
      </trkpt>
      <trkpt lat="43.4639389" lon="-3.9481989">
        <ele>21</ele>
        <time>2026-08-06T17:07:09.232Z</time>
      </trkpt>
      <trkpt lat="43.4639226" lon="-3.9482243">
        <ele>21</ele>
        <time>2026-08-06T17:07:10.232Z</time>
      </trkpt>
      <trkpt lat="43.4639072" lon="-3.9482514">
        <ele>21</ele>
        <time>2026-08-06T17:07:11.232Z</time>
      </trkpt>
      <trkpt lat="43.4638919" lon="-3.9482785">
        <ele>21</ele>
        <time>2026-08-06T17:07:12.232Z</time>
      </trkpt>
      <trkpt lat="43.4638799" lon="-3.9483085">
        <ele>21</ele>
        <time>2026-08-06T17:07:13.232Z</time>
      </trkpt>
      <trkpt lat="43.463868" lon="-3.9483385">
        <ele>21</ele>
        <time>2026-08-06T17:07:14.232Z</time>
      </trkpt>
      <trkpt lat="43.4638591" lon="-3.9483698">
        <ele>21</ele>
        <time>2026-08-06T17:07:15.232Z</time>
      </trkpt>
      <trkpt lat="43.4638502" lon="-3.9484012">
        <ele>21</ele>
        <time>2026-08-06T17:07:16.232Z</time>
      </trkpt>
      <trkpt lat="43.4638435" lon="-3.948432">
        <ele>21</ele>
        <time>2026-08-06T17:07:17.232Z</time>
      </trkpt>
      <trkpt lat="43.4638368" lon="-3.9484629">
        <ele>21</ele>
        <time>2026-08-06T17:07:18.232Z</time>
      </trkpt>
      <trkpt lat="43.4638318" lon="-3.9484925">
        <ele>21</ele>
        <time>2026-08-06T17:07:19.232Z</time>
      </trkpt>
      <trkpt lat="43.4638268" lon="-3.9485221">
        <ele>21</ele>
        <time>2026-08-06T17:07:20.232Z</time>
      </trkpt>
      <trkpt lat="43.4638225" lon="-3.94855">
        <ele>21</ele>
        <time>2026-08-06T17:07:21.232Z</time>
      </trkpt>
      <trkpt lat="43.4638183" lon="-3.9485779">
        <ele>21</ele>
        <time>2026-08-06T17:07:22.232Z</time>
      </trkpt>
      <trkpt lat="43.4638134" lon="-3.9486046">
        <ele>21</ele>
        <time>2026-08-06T17:07:23.232Z</time>
      </trkpt>
      <trkpt lat="43.4638085" lon="-3.9486313">
        <ele>21</ele>
        <time>2026-08-06T17:07:24.232Z</time>
      </trkpt>
      <trkpt lat="43.4638019" lon="-3.9486568">
        <ele>21</ele>
        <time>2026-08-06T17:07:25.232Z</time>
      </trkpt>
      <trkpt lat="43.4637954" lon="-3.9486824">
        <ele>21</ele>
        <time>2026-08-06T17:07:26.232Z</time>
      </trkpt>
      <trkpt lat="43.4637877" lon="-3.9487084">
        <ele>22</ele>
        <time>2026-08-06T17:07:27.232Z</time>
      </trkpt>
      <trkpt lat="43.4637801" lon="-3.9487344">
        <ele>22</ele>
        <time>2026-08-06T17:07:28.232Z</time>
      </trkpt>
      <trkpt lat="43.4637717" lon="-3.9487609">
        <ele>22</ele>
        <time>2026-08-06T17:07:29.232Z</time>
      </trkpt>
      <trkpt lat="43.4637633" lon="-3.9487874">
        <ele>23</ele>
        <time>2026-08-06T17:07:30.232Z</time>
      </trkpt>
      <trkpt lat="43.4637562" lon="-3.9488151">
        <ele>23</ele>
        <time>2026-08-06T17:07:31.232Z</time>
      </trkpt>
      <trkpt lat="43.4637491" lon="-3.9488428">
        <ele>24</ele>
        <time>2026-08-06T17:07:32.232Z</time>
      </trkpt>
      <trkpt lat="43.4637427" lon="-3.9488719">
        <ele>24</ele>
        <time>2026-08-06T17:07:33.232Z</time>
      </trkpt>
      <trkpt lat="43.4637363" lon="-3.948901">
        <ele>24</ele>
        <time>2026-08-06T17:07:34.232Z</time>
      </trkpt>
      <trkpt lat="43.4637279" lon="-3.9489287">
        <ele>24</ele>
        <time>2026-08-06T17:07:35.232Z</time>
      </trkpt>
      <trkpt lat="43.4637195" lon="-3.9489564">
        <ele>24</ele>
        <time>2026-08-06T17:07:36.232Z</time>
      </trkpt>
      <trkpt lat="43.4637094" lon="-3.9489822">
        <ele>25</ele>
        <time>2026-08-06T17:07:37.232Z</time>
      </trkpt>
      <trkpt lat="43.4636993" lon="-3.949008">
        <ele>25</ele>
        <time>2026-08-06T17:07:38.232Z</time>
      </trkpt>
      <trkpt lat="43.4636888" lon="-3.9490336">
        <ele>25</ele>
        <time>2026-08-06T17:07:39.232Z</time>
      </trkpt>
      <trkpt lat="43.4636784" lon="-3.9490593">
        <ele>25</ele>
        <time>2026-08-06T17:07:40.232Z</time>
      </trkpt>
      <trkpt lat="43.4636678" lon="-3.9490867">
        <ele>25</ele>
        <time>2026-08-06T17:07:41.232Z</time>
      </trkpt>
      <trkpt lat="43.4636573" lon="-3.9491142">
        <ele>26</ele>
        <time>2026-08-06T17:07:42.232Z</time>
      </trkpt>
      <trkpt lat="43.4636456" lon="-3.9491426">
        <ele>26</ele>
        <time>2026-08-06T17:07:43.232Z</time>
      </trkpt>
      <trkpt lat="43.4636339" lon="-3.949171">
        <ele>26</ele>
        <time>2026-08-06T17:07:44.232Z</time>
      </trkpt>
      <trkpt lat="43.4636202" lon="-3.9491991">
        <ele>26</ele>
        <time>2026-08-06T17:07:45.232Z</time>
      </trkpt>
      <trkpt lat="43.4636065" lon="-3.9492273">
        <ele>26</ele>
        <time>2026-08-06T17:07:46.232Z</time>
      </trkpt>
      <trkpt lat="43.4635905" lon="-3.9492533">
        <ele>26</ele>
        <time>2026-08-06T17:07:47.232Z</time>
      </trkpt>
      <trkpt lat="43.4635745" lon="-3.9492794">
        <ele>26</ele>
        <time>2026-08-06T17:07:48.232Z</time>
      </trkpt>
      <trkpt lat="43.4635564" lon="-3.9493014">
        <ele>26</ele>
        <time>2026-08-06T17:07:49.232Z</time>
      </trkpt>
      <trkpt lat="43.4635384" lon="-3.9493234">
        <ele>26</ele>
        <time>2026-08-06T17:07:50.232Z</time>
      </trkpt>
      <trkpt lat="43.4635195" lon="-3.9493427">
        <ele>26</ele>
        <time>2026-08-06T17:07:51.232Z</time>
      </trkpt>
      <trkpt lat="43.4635006" lon="-3.949362">
        <ele>26</ele>
        <time>2026-08-06T17:07:52.232Z</time>
      </trkpt>
      <trkpt lat="43.463482" lon="-3.9493824">
        <ele>26</ele>
        <time>2026-08-06T17:07:53.232Z</time>
      </trkpt>
      <trkpt lat="43.4634634" lon="-3.9494028">
        <ele>26</ele>
        <time>2026-08-06T17:07:54.232Z</time>
      </trkpt>
      <trkpt lat="43.4634451" lon="-3.9494244">
        <ele>26</ele>
        <time>2026-08-06T17:07:55.232Z</time>
      </trkpt>
      <trkpt lat="43.4634268" lon="-3.9494461">
        <ele>26</ele>
        <time>2026-08-06T17:07:56.232Z</time>
      </trkpt>
      <trkpt lat="43.4634086" lon="-3.9494685">
        <ele>26</ele>
        <time>2026-08-06T17:07:57.232Z</time>
      </trkpt>
      <trkpt lat="43.4633905" lon="-3.949491">
        <ele>25</ele>
        <time>2026-08-06T17:07:58.232Z</time>
      </trkpt>
      <trkpt lat="43.4633721" lon="-3.9495136">
        <ele>25</ele>
        <time>2026-08-06T17:07:59.232Z</time>
      </trkpt>
      <trkpt lat="43.4633537" lon="-3.9495362">
        <ele>25</ele>
        <time>2026-08-06T17:08:00.232Z</time>
      </trkpt>
      <trkpt lat="43.4633351" lon="-3.9495584">
        <ele>25</ele>
        <time>2026-08-06T17:08:01.232Z</time>
      </trkpt>
      <trkpt lat="43.4633165" lon="-3.9495807">
        <ele>25</ele>
        <time>2026-08-06T17:08:02.232Z</time>
      </trkpt>
      <trkpt lat="43.4632981" lon="-3.9496029">
        <ele>24</ele>
        <time>2026-08-06T17:08:03.232Z</time>
      </trkpt>
      <trkpt lat="43.4632798" lon="-3.9496252">
        <ele>24</ele>
        <time>2026-08-06T17:08:04.232Z</time>
      </trkpt>
      <trkpt lat="43.4632619" lon="-3.9496471">
        <ele>24</ele>
        <time>2026-08-06T17:08:05.232Z</time>
      </trkpt>
      <trkpt lat="43.463244" lon="-3.9496691">
        <ele>24</ele>
        <time>2026-08-06T17:08:06.232Z</time>
      </trkpt>
      <trkpt lat="43.4632267" lon="-3.9496883">
        <ele>24</ele>
        <time>2026-08-06T17:08:07.232Z</time>
      </trkpt>
      <trkpt lat="43.4632094" lon="-3.9497076">
        <ele>24</ele>
        <time>2026-08-06T17:08:08.232Z</time>
      </trkpt>
      <trkpt lat="43.4631929" lon="-3.9497242">
        <ele>24</ele>
        <time>2026-08-06T17:08:09.232Z</time>
      </trkpt>
      <trkpt lat="43.4631765" lon="-3.9497409">
        <ele>24</ele>
        <time>2026-08-06T17:08:10.232Z</time>
      </trkpt>
      <trkpt lat="43.46316" lon="-3.9497559">
        <ele>24</ele>
        <time>2026-08-06T17:08:11.232Z</time>
      </trkpt>
      <trkpt lat="43.4631436" lon="-3.9497709">
        <ele>24</ele>
        <time>2026-08-06T17:08:12.232Z</time>
      </trkpt>
      <trkpt lat="43.4631253" lon="-3.9497829">
        <ele>24</ele>
        <time>2026-08-06T17:08:13.232Z</time>
      </trkpt>
      <trkpt lat="43.4631071" lon="-3.949795">
        <ele>24</ele>
        <time>2026-08-06T17:08:14.232Z</time>
      </trkpt>
      <trkpt lat="43.4630867" lon="-3.9498051">
        <ele>24</ele>
        <time>2026-08-06T17:08:15.232Z</time>
      </trkpt>
      <trkpt lat="43.4630663" lon="-3.9498153">
        <ele>24</ele>
        <time>2026-08-06T17:08:16.232Z</time>
      </trkpt>
      <trkpt lat="43.463045" lon="-3.9498221">
        <ele>24</ele>
        <time>2026-08-06T17:08:17.232Z</time>
      </trkpt>
      <trkpt lat="43.4630238" lon="-3.949829">
        <ele>23</ele>
        <time>2026-08-06T17:08:18.232Z</time>
      </trkpt>
      <trkpt lat="43.4630023" lon="-3.9498323">
        <ele>23</ele>
        <time>2026-08-06T17:08:19.232Z</time>
      </trkpt>
      <trkpt lat="43.4629809" lon="-3.9498356">
        <ele>22</ele>
        <time>2026-08-06T17:08:20.232Z</time>
      </trkpt>
      <trkpt lat="43.4629608" lon="-3.9498267">
        <ele>22</ele>
        <time>2026-08-06T17:08:21.232Z</time>
      </trkpt>
      <trkpt lat="43.4629407" lon="-3.9498178">
        <ele>22</ele>
        <time>2026-08-06T17:08:22.232Z</time>
      </trkpt>
      <trkpt lat="43.4629242" lon="-3.9497923">
        <ele>21</ele>
        <time>2026-08-06T17:08:23.232Z</time>
      </trkpt>
      <trkpt lat="43.4629078" lon="-3.9497668">
        <ele>21</ele>
        <time>2026-08-06T17:08:24.232Z</time>
      </trkpt>
      <trkpt lat="43.4628939" lon="-3.9497331">
        <ele>20</ele>
        <time>2026-08-06T17:08:25.232Z</time>
      </trkpt>
      <trkpt lat="43.4628801" lon="-3.9496994">
        <ele>20</ele>
        <time>2026-08-06T17:08:26.232Z</time>
      </trkpt>
      <trkpt lat="43.4628663" lon="-3.9496658">
        <ele>20</ele>
        <time>2026-08-06T17:08:27.232Z</time>
      </trkpt>
      <trkpt lat="43.4628525" lon="-3.9496322">
        <ele>19</ele>
        <time>2026-08-06T17:08:28.232Z</time>
      </trkpt>
      <trkpt lat="43.4628362" lon="-3.9496088">
        <ele>19</ele>
        <time>2026-08-06T17:08:29.232Z</time>
      </trkpt>
      <trkpt lat="43.4628199" lon="-3.9495855">
        <ele>18</ele>
        <time>2026-08-06T17:08:30.232Z</time>
      </trkpt>
      <trkpt lat="43.462802" lon="-3.9495808">
        <ele>18</ele>
        <time>2026-08-06T17:08:31.232Z</time>
      </trkpt>
      <trkpt lat="43.4627841" lon="-3.9495761">
        <ele>18</ele>
        <time>2026-08-06T17:08:32.232Z</time>
      </trkpt>
      <trkpt lat="43.4627645" lon="-3.9495802">
        <ele>17</ele>
        <time>2026-08-06T17:08:33.232Z</time>
      </trkpt>
      <trkpt lat="43.462745" lon="-3.9495843">
        <ele>16</ele>
        <time>2026-08-06T17:08:34.232Z</time>
      </trkpt>
      <trkpt lat="43.4627265" lon="-3.9495915">
        <ele>15</ele>
        <time>2026-08-06T17:08:35.232Z</time>
      </trkpt>
      <trkpt lat="43.4627081" lon="-3.9495987">
        <ele>14</ele>
        <time>2026-08-06T17:08:36.232Z</time>
      </trkpt>
      <trkpt lat="43.4626925" lon="-3.9496165">
        <ele>13</ele>
        <time>2026-08-06T17:08:37.232Z</time>
      </trkpt>
      <trkpt lat="43.4626769" lon="-3.9496343">
        <ele>12</ele>
        <time>2026-08-06T17:08:38.232Z</time>
      </trkpt>
      <trkpt lat="43.4626592" lon="-3.9496566">
        <ele>11</ele>
        <time>2026-08-06T17:08:39.232Z</time>
      </trkpt>
      <trkpt lat="43.4626416" lon="-3.9496789">
        <ele>10</ele>
        <time>2026-08-06T17:08:40.232Z</time>
      </trkpt>
      <trkpt lat="43.4626219" lon="-3.9496929">
        <ele>9</ele>
        <time>2026-08-06T17:08:41.232Z</time>
      </trkpt>
      <trkpt lat="43.4626023" lon="-3.949707">
        <ele>9</ele>
        <time>2026-08-06T17:08:42.232Z</time>
      </trkpt>
      <trkpt lat="43.4625836" lon="-3.9497182">
        <ele>8</ele>
        <time>2026-08-06T17:08:43.232Z</time>
      </trkpt>
      <trkpt lat="43.462565" lon="-3.9497294">
        <ele>8</ele>
        <time>2026-08-06T17:08:44.232Z</time>
      </trkpt>
      <trkpt lat="43.4625507" lon="-3.9497458">
        <ele>8</ele>
        <time>2026-08-06T17:08:45.232Z</time>
      </trkpt>
      <trkpt lat="43.4625365" lon="-3.9497623">
        <ele>8</ele>
        <time>2026-08-06T17:08:46.232Z</time>
      </trkpt>
      <trkpt lat="43.4625252" lon="-3.9497845">
        <ele>8</ele>
        <time>2026-08-06T17:08:47.232Z</time>
      </trkpt>
      <trkpt lat="43.4625139" lon="-3.9498067">
        <ele>8</ele>
        <time>2026-08-06T17:08:48.232Z</time>
      </trkpt>
      <trkpt lat="43.4625019" lon="-3.9498292">
        <ele>8</ele>
        <time>2026-08-06T17:08:49.232Z</time>
      </trkpt>
      <trkpt lat="43.4624899" lon="-3.9498517">
        <ele>8</ele>
        <time>2026-08-06T17:08:50.232Z</time>
      </trkpt>
      <trkpt lat="43.462476" lon="-3.9498722">
        <ele>8</ele>
        <time>2026-08-06T17:08:51.232Z</time>
      </trkpt>
      <trkpt lat="43.4624621" lon="-3.9498927">
        <ele>8</ele>
        <time>2026-08-06T17:08:52.232Z</time>
      </trkpt>
      <trkpt lat="43.4624481" lon="-3.9499129">
        <ele>8</ele>
        <time>2026-08-06T17:08:53.232Z</time>
      </trkpt>
      <trkpt lat="43.4624341" lon="-3.9499332">
        <ele>8</ele>
        <time>2026-08-06T17:08:54.232Z</time>
      </trkpt>
      <trkpt lat="43.4624198" lon="-3.949954">
        <ele>8</ele>
        <time>2026-08-06T17:08:55.232Z</time>
      </trkpt>
      <trkpt lat="43.4624056" lon="-3.9499748">
        <ele>8</ele>
        <time>2026-08-06T17:08:56.232Z</time>
      </trkpt>
      <trkpt lat="43.4623906" lon="-3.9499967">
        <ele>9</ele>
        <time>2026-08-06T17:08:57.232Z</time>
      </trkpt>
      <trkpt lat="43.4623756" lon="-3.9500187">
        <ele>9</ele>
        <time>2026-08-06T17:08:58.232Z</time>
      </trkpt>
      <trkpt lat="43.4623604" lon="-3.9500435">
        <ele>9</ele>
        <time>2026-08-06T17:08:59.232Z</time>
      </trkpt>
      <trkpt lat="43.4623452" lon="-3.9500683">
        <ele>9</ele>
        <time>2026-08-06T17:09:00.232Z</time>
      </trkpt>
      <trkpt lat="43.4623307" lon="-3.9500934">
        <ele>9</ele>
        <time>2026-08-06T17:09:01.232Z</time>
      </trkpt>
      <trkpt lat="43.4623163" lon="-3.9501186">
        <ele>10</ele>
        <time>2026-08-06T17:09:02.232Z</time>
      </trkpt>
      <trkpt lat="43.4623007" lon="-3.9501403">
        <ele>10</ele>
        <time>2026-08-06T17:09:03.232Z</time>
      </trkpt>
      <trkpt lat="43.4622852" lon="-3.9501621">
        <ele>10</ele>
        <time>2026-08-06T17:09:04.232Z</time>
      </trkpt>
      <trkpt lat="43.4622703" lon="-3.9501809">
        <ele>10</ele>
        <time>2026-08-06T17:09:05.232Z</time>
      </trkpt>
      <trkpt lat="43.4622555" lon="-3.9501998">
        <ele>10</ele>
        <time>2026-08-06T17:09:06.232Z</time>
      </trkpt>
      <trkpt lat="43.4622426" lon="-3.950219">
        <ele>11</ele>
        <time>2026-08-06T17:09:07.232Z</time>
      </trkpt>
      <trkpt lat="43.4622297" lon="-3.9502382">
        <ele>11</ele>
        <time>2026-08-06T17:09:08.232Z</time>
      </trkpt>
      <trkpt lat="43.4622165" lon="-3.9502578">
        <ele>11</ele>
        <time>2026-08-06T17:09:09.232Z</time>
      </trkpt>
      <trkpt lat="43.4622033" lon="-3.9502774">
        <ele>12</ele>
        <time>2026-08-06T17:09:10.232Z</time>
      </trkpt>
      <trkpt lat="43.4621882" lon="-3.9502942">
        <ele>12</ele>
        <time>2026-08-06T17:09:11.232Z</time>
      </trkpt>
      <trkpt lat="43.4621731" lon="-3.950311">
        <ele>13</ele>
        <time>2026-08-06T17:09:12.232Z</time>
      </trkpt>
      <trkpt lat="43.4621564" lon="-3.9503204">
        <ele>13</ele>
        <time>2026-08-06T17:09:13.232Z</time>
      </trkpt>
      <trkpt lat="43.4621397" lon="-3.9503299">
        <ele>13</ele>
        <time>2026-08-06T17:09:14.232Z</time>
      </trkpt>
      <trkpt lat="43.4621227" lon="-3.9503349">
        <ele>14</ele>
        <time>2026-08-06T17:09:15.232Z</time>
      </trkpt>
      <trkpt lat="43.4621058" lon="-3.95034">
        <ele>14</ele>
        <time>2026-08-06T17:09:16.232Z</time>
      </trkpt>
      <trkpt lat="43.4620886" lon="-3.950348">
        <ele>15</ele>
        <time>2026-08-06T17:09:17.232Z</time>
      </trkpt>
      <trkpt lat="43.4620715" lon="-3.950356">
        <ele>15</ele>
        <time>2026-08-06T17:09:18.232Z</time>
      </trkpt>
      <trkpt lat="43.4620543" lon="-3.9503677">
        <ele>15</ele>
        <time>2026-08-06T17:09:19.232Z</time>
      </trkpt>
      <trkpt lat="43.4620372" lon="-3.9503794">
        <ele>15</ele>
        <time>2026-08-06T17:09:20.232Z</time>
      </trkpt>
      <trkpt lat="43.4620201" lon="-3.9503955">
        <ele>15</ele>
        <time>2026-08-06T17:09:21.232Z</time>
      </trkpt>
      <trkpt lat="43.4620031" lon="-3.9504117">
        <ele>16</ele>
        <time>2026-08-06T17:09:22.232Z</time>
      </trkpt>
      <trkpt lat="43.4619864" lon="-3.9504285">
        <ele>16</ele>
        <time>2026-08-06T17:09:23.232Z</time>
      </trkpt>
      <trkpt lat="43.4619697" lon="-3.9504454">
        <ele>16</ele>
        <time>2026-08-06T17:09:24.232Z</time>
      </trkpt>
      <trkpt lat="43.4619525" lon="-3.9504602">
        <ele>17</ele>
        <time>2026-08-06T17:09:25.232Z</time>
      </trkpt>
      <trkpt lat="43.4619353" lon="-3.950475">
        <ele>17</ele>
        <time>2026-08-06T17:09:26.232Z</time>
      </trkpt>
      <trkpt lat="43.4619181" lon="-3.9504886">
        <ele>18</ele>
        <time>2026-08-06T17:09:27.232Z</time>
      </trkpt>
      <trkpt lat="43.4619009" lon="-3.9505022">
        <ele>18</ele>
        <time>2026-08-06T17:09:28.232Z</time>
      </trkpt>
      <trkpt lat="43.4618845" lon="-3.950518">
        <ele>18</ele>
        <time>2026-08-06T17:09:29.232Z</time>
      </trkpt>
      <trkpt lat="43.4618682" lon="-3.9505338">
        <ele>18</ele>
        <time>2026-08-06T17:09:30.232Z</time>
      </trkpt>
      <trkpt lat="43.4618525" lon="-3.9505505">
        <ele>18</ele>
        <time>2026-08-06T17:09:31.232Z</time>
      </trkpt>
      <trkpt lat="43.4618369" lon="-3.9505673">
        <ele>19</ele>
        <time>2026-08-06T17:09:32.232Z</time>
      </trkpt>
      <trkpt lat="43.4618212" lon="-3.9505841">
        <ele>19</ele>
        <time>2026-08-06T17:09:33.232Z</time>
      </trkpt>
      <trkpt lat="43.4618056" lon="-3.950601">
        <ele>19</ele>
        <time>2026-08-06T17:09:34.232Z</time>
      </trkpt>
      <trkpt lat="43.4617891" lon="-3.950618">
        <ele>19</ele>
        <time>2026-08-06T17:09:35.232Z</time>
      </trkpt>
      <trkpt lat="43.4617727" lon="-3.9506351">
        <ele>19</ele>
        <time>2026-08-06T17:09:36.232Z</time>
      </trkpt>
      <trkpt lat="43.4617542" lon="-3.9506504">
        <ele>20</ele>
        <time>2026-08-06T17:09:37.232Z</time>
      </trkpt>
      <trkpt lat="43.4617358" lon="-3.9506658">
        <ele>20</ele>
        <time>2026-08-06T17:09:38.232Z</time>
      </trkpt>
      <trkpt lat="43.4617159" lon="-3.9506786">
        <ele>20</ele>
        <time>2026-08-06T17:09:39.232Z</time>
      </trkpt>
      <trkpt lat="43.4616961" lon="-3.9506914">
        <ele>20</ele>
        <time>2026-08-06T17:09:40.232Z</time>
      </trkpt>
      <trkpt lat="43.4616758" lon="-3.9507038">
        <ele>20</ele>
        <time>2026-08-06T17:09:41.232Z</time>
      </trkpt>
      <trkpt lat="43.4616555" lon="-3.9507163">
        <ele>21</ele>
        <time>2026-08-06T17:09:42.232Z</time>
      </trkpt>
      <trkpt lat="43.4616345" lon="-3.9507274">
        <ele>21</ele>
        <time>2026-08-06T17:09:43.232Z</time>
      </trkpt>
      <trkpt lat="43.4616136" lon="-3.9507386">
        <ele>21</ele>
        <time>2026-08-06T17:09:44.232Z</time>
      </trkpt>
      <trkpt lat="43.4615917" lon="-3.9507472">
        <ele>21</ele>
        <time>2026-08-06T17:09:45.232Z</time>
      </trkpt>
      <trkpt lat="43.4615699" lon="-3.9507559">
        <ele>21</ele>
        <time>2026-08-06T17:09:46.232Z</time>
      </trkpt>
      <trkpt lat="43.4615471" lon="-3.9507624">
        <ele>22</ele>
        <time>2026-08-06T17:09:47.232Z</time>
      </trkpt>
      <trkpt lat="43.4615243" lon="-3.9507689">
        <ele>22</ele>
        <time>2026-08-06T17:09:48.232Z</time>
      </trkpt>
      <trkpt lat="43.4615007" lon="-3.9507737">
        <ele>22</ele>
        <time>2026-08-06T17:09:49.232Z</time>
      </trkpt>
      <trkpt lat="43.4614772" lon="-3.9507785">
        <ele>22</ele>
        <time>2026-08-06T17:09:50.232Z</time>
      </trkpt>
      <trkpt lat="43.4614537" lon="-3.9507828">
        <ele>22</ele>
        <time>2026-08-06T17:09:51.232Z</time>
      </trkpt>
      <trkpt lat="43.4614302" lon="-3.9507871">
        <ele>22</ele>
        <time>2026-08-06T17:09:52.232Z</time>
      </trkpt>
      <trkpt lat="43.4614077" lon="-3.9507931">
        <ele>22</ele>
        <time>2026-08-06T17:09:53.232Z</time>
      </trkpt>
      <trkpt lat="43.4613852" lon="-3.9507991">
        <ele>22</ele>
        <time>2026-08-06T17:09:54.232Z</time>
      </trkpt>
      <trkpt lat="43.4613638" lon="-3.9508067">
        <ele>22</ele>
        <time>2026-08-06T17:09:55.232Z</time>
      </trkpt>
      <trkpt lat="43.4613424" lon="-3.9508144">
        <ele>22</ele>
        <time>2026-08-06T17:09:56.232Z</time>
      </trkpt>
      <trkpt lat="43.4613214" lon="-3.9508232">
        <ele>22</ele>
        <time>2026-08-06T17:09:57.232Z</time>
      </trkpt>
      <trkpt lat="43.4613004" lon="-3.9508321">
        <ele>22</ele>
        <time>2026-08-06T17:09:58.232Z</time>
      </trkpt>
      <trkpt lat="43.4612803" lon="-3.9508431">
        <ele>22</ele>
        <time>2026-08-06T17:09:59.232Z</time>
      </trkpt>
      <trkpt lat="43.4612602" lon="-3.9508542">
        <ele>22</ele>
        <time>2026-08-06T17:10:00.232Z</time>
      </trkpt>
      <trkpt lat="43.4612418" lon="-3.9508674">
        <ele>22</ele>
        <time>2026-08-06T17:10:01.232Z</time>
      </trkpt>
      <trkpt lat="43.4612234" lon="-3.9508806">
        <ele>23</ele>
        <time>2026-08-06T17:10:02.232Z</time>
      </trkpt>
      <trkpt lat="43.4612069" lon="-3.9508981">
        <ele>23</ele>
        <time>2026-08-06T17:10:03.232Z</time>
      </trkpt>
      <trkpt lat="43.4611904" lon="-3.9509156">
        <ele>23</ele>
        <time>2026-08-06T17:10:04.232Z</time>
      </trkpt>
      <trkpt lat="43.4611753" lon="-3.9509385">
        <ele>23</ele>
        <time>2026-08-06T17:10:05.232Z</time>
      </trkpt>
      <trkpt lat="43.4611602" lon="-3.9509615">
        <ele>23</ele>
        <time>2026-08-06T17:10:06.232Z</time>
      </trkpt>
      <trkpt lat="43.4611466" lon="-3.9509883">
        <ele>24</ele>
        <time>2026-08-06T17:10:07.232Z</time>
      </trkpt>
      <trkpt lat="43.461133" lon="-3.9510152">
        <ele>24</ele>
        <time>2026-08-06T17:10:08.232Z</time>
      </trkpt>
      <trkpt lat="43.4611218" lon="-3.9510445">
        <ele>24</ele>
        <time>2026-08-06T17:10:09.232Z</time>
      </trkpt>
      <trkpt lat="43.4611106" lon="-3.9510738">
        <ele>24</ele>
        <time>2026-08-06T17:10:10.232Z</time>
      </trkpt>
      <trkpt lat="43.4611034" lon="-3.9511055">
        <ele>24</ele>
        <time>2026-08-06T17:10:11.232Z</time>
      </trkpt>
      <trkpt lat="43.4610962" lon="-3.9511372">
        <ele>24</ele>
        <time>2026-08-06T17:10:12.232Z</time>
      </trkpt>
      <trkpt lat="43.4610928" lon="-3.9511704">
        <ele>24</ele>
        <time>2026-08-06T17:10:13.232Z</time>
      </trkpt>
      <trkpt lat="43.4610895" lon="-3.9512037">
        <ele>24</ele>
        <time>2026-08-06T17:10:14.232Z</time>
      </trkpt>
      <trkpt lat="43.4610898" lon="-3.9512376">
        <ele>24</ele>
        <time>2026-08-06T17:10:15.232Z</time>
      </trkpt>
      <trkpt lat="43.4610901" lon="-3.9512716">
        <ele>24</ele>
        <time>2026-08-06T17:10:16.232Z</time>
      </trkpt>
      <trkpt lat="43.4610943" lon="-3.9513079">
        <ele>24</ele>
        <time>2026-08-06T17:10:17.232Z</time>
      </trkpt>
      <trkpt lat="43.4610985" lon="-3.9513442">
        <ele>24</ele>
        <time>2026-08-06T17:10:18.232Z</time>
      </trkpt>
      <trkpt lat="43.4611033" lon="-3.951382">
        <ele>24</ele>
        <time>2026-08-06T17:10:19.232Z</time>
      </trkpt>
      <trkpt lat="43.4611081" lon="-3.9514198">
        <ele>24</ele>
        <time>2026-08-06T17:10:20.232Z</time>
      </trkpt>
      <trkpt lat="43.461108" lon="-3.9514561">
        <ele>24</ele>
        <time>2026-08-06T17:10:21.232Z</time>
      </trkpt>
      <trkpt lat="43.461108" lon="-3.9514925">
        <ele>24</ele>
        <time>2026-08-06T17:10:22.232Z</time>
      </trkpt>
      <trkpt lat="43.461101" lon="-3.9515254">
        <ele>24</ele>
        <time>2026-08-06T17:10:23.232Z</time>
      </trkpt>
      <trkpt lat="43.4610941" lon="-3.9515584">
        <ele>24</ele>
        <time>2026-08-06T17:10:24.232Z</time>
      </trkpt>
      <trkpt lat="43.4610799" lon="-3.9515848">
        <ele>24</ele>
        <time>2026-08-06T17:10:25.232Z</time>
      </trkpt>
      <trkpt lat="43.4610657" lon="-3.9516112">
        <ele>24</ele>
        <time>2026-08-06T17:10:26.232Z</time>
      </trkpt>
      <trkpt lat="43.4610451" lon="-3.9516287">
        <ele>25</ele>
        <time>2026-08-06T17:10:27.232Z</time>
      </trkpt>
      <trkpt lat="43.4610245" lon="-3.9516463">
        <ele>25</ele>
        <time>2026-08-06T17:10:28.232Z</time>
      </trkpt>
      <trkpt lat="43.4609988" lon="-3.9516561">
        <ele>25</ele>
        <time>2026-08-06T17:10:29.232Z</time>
      </trkpt>
      <trkpt lat="43.4609731" lon="-3.9516659">
        <ele>25</ele>
        <time>2026-08-06T17:10:30.232Z</time>
      </trkpt>
      <trkpt lat="43.4609455" lon="-3.9516641">
        <ele>25</ele>
        <time>2026-08-06T17:10:31.232Z</time>
      </trkpt>
      <trkpt lat="43.4609179" lon="-3.9516624">
        <ele>25</ele>
        <time>2026-08-06T17:10:32.232Z</time>
      </trkpt>
      <trkpt lat="43.4608916" lon="-3.9516499">
        <ele>24</ele>
        <time>2026-08-06T17:10:33.232Z</time>
      </trkpt>
      <trkpt lat="43.4608654" lon="-3.9516374">
        <ele>24</ele>
        <time>2026-08-06T17:10:34.232Z</time>
      </trkpt>
      <trkpt lat="43.4608403" lon="-3.951624">
        <ele>24</ele>
        <time>2026-08-06T17:10:35.232Z</time>
      </trkpt>
      <trkpt lat="43.4608152" lon="-3.9516106">
        <ele>24</ele>
        <time>2026-08-06T17:10:36.232Z</time>
      </trkpt>
      <trkpt lat="43.4607906" lon="-3.951605">
        <ele>24</ele>
        <time>2026-08-06T17:10:37.232Z</time>
      </trkpt>
      <trkpt lat="43.460766" lon="-3.9515994">
        <ele>24</ele>
        <time>2026-08-06T17:10:38.232Z</time>
      </trkpt>
      <trkpt lat="43.460746" lon="-3.9516075">
        <ele>24</ele>
        <time>2026-08-06T17:10:39.232Z</time>
      </trkpt>
      <trkpt lat="43.460726" lon="-3.9516157">
        <ele>24</ele>
        <time>2026-08-06T17:10:40.232Z</time>
      </trkpt>
      <trkpt lat="43.4607127" lon="-3.9516387">
        <ele>24</ele>
        <time>2026-08-06T17:10:41.232Z</time>
      </trkpt>
      <trkpt lat="43.4606995" lon="-3.9516617">
        <ele>24</ele>
        <time>2026-08-06T17:10:42.232Z</time>
      </trkpt>
      <trkpt lat="43.4606869" lon="-3.9516931">
        <ele>23</ele>
        <time>2026-08-06T17:10:43.232Z</time>
      </trkpt>
      <trkpt lat="43.4606743" lon="-3.9517245">
        <ele>23</ele>
        <time>2026-08-06T17:10:44.232Z</time>
      </trkpt>
      <trkpt lat="43.4606564" lon="-3.9517573">
        <ele>22</ele>
        <time>2026-08-06T17:10:45.232Z</time>
      </trkpt>
      <trkpt lat="43.4606385" lon="-3.9517902">
        <ele>22</ele>
        <time>2026-08-06T17:10:46.232Z</time>
      </trkpt>
      <trkpt lat="43.4606153" lon="-3.9518203">
        <ele>22</ele>
        <time>2026-08-06T17:10:47.232Z</time>
      </trkpt>
      <trkpt lat="43.4605922" lon="-3.9518505">
        <ele>21</ele>
        <time>2026-08-06T17:10:48.232Z</time>
      </trkpt>
      <trkpt lat="43.4605681" lon="-3.9518775">
        <ele>21</ele>
        <time>2026-08-06T17:10:49.232Z</time>
      </trkpt>
      <trkpt lat="43.460544" lon="-3.9519045">
        <ele>21</ele>
        <time>2026-08-06T17:10:50.232Z</time>
      </trkpt>
      <trkpt lat="43.4605213" lon="-3.9519282">
        <ele>21</ele>
        <time>2026-08-06T17:10:51.232Z</time>
      </trkpt>
      <trkpt lat="43.4604987" lon="-3.951952">
        <ele>21</ele>
        <time>2026-08-06T17:10:52.232Z</time>
      </trkpt>
      <trkpt lat="43.460478" lon="-3.9519732">
        <ele>21</ele>
        <time>2026-08-06T17:10:53.232Z</time>
      </trkpt>
      <trkpt lat="43.4604573" lon="-3.9519944">
        <ele>21</ele>
        <time>2026-08-06T17:10:54.232Z</time>
      </trkpt>
      <trkpt lat="43.4604387" lon="-3.9520147">
        <ele>21</ele>
        <time>2026-08-06T17:10:55.232Z</time>
      </trkpt>
      <trkpt lat="43.4604201" lon="-3.952035">
        <ele>21</ele>
        <time>2026-08-06T17:10:56.232Z</time>
      </trkpt>
      <trkpt lat="43.4604035" lon="-3.9520545">
        <ele>22</ele>
        <time>2026-08-06T17:10:57.232Z</time>
      </trkpt>
      <trkpt lat="43.460387" lon="-3.952074">
        <ele>22</ele>
        <time>2026-08-06T17:10:58.232Z</time>
      </trkpt>
      <trkpt lat="43.460371" lon="-3.9520943">
        <ele>22</ele>
        <time>2026-08-06T17:10:59.232Z</time>
      </trkpt>
      <trkpt lat="43.4603551" lon="-3.9521146">
        <ele>22</ele>
        <time>2026-08-06T17:11:00.232Z</time>
      </trkpt>
      <trkpt lat="43.4603372" lon="-3.9521366">
        <ele>22</ele>
        <time>2026-08-06T17:11:01.232Z</time>
      </trkpt>
      <trkpt lat="43.4603194" lon="-3.9521587">
        <ele>23</ele>
        <time>2026-08-06T17:11:02.232Z</time>
      </trkpt>
      <trkpt lat="43.460299" lon="-3.9521818">
        <ele>22</ele>
        <time>2026-08-06T17:11:03.232Z</time>
      </trkpt>
      <trkpt lat="43.4602786" lon="-3.9522049">
        <ele>22</ele>
        <time>2026-08-06T17:11:04.232Z</time>
      </trkpt>
      <trkpt lat="43.4602573" lon="-3.9522305">
        <ele>22</ele>
        <time>2026-08-06T17:11:05.232Z</time>
      </trkpt>
      <trkpt lat="43.4602361" lon="-3.9522562">
        <ele>22</ele>
        <time>2026-08-06T17:11:06.232Z</time>
      </trkpt>
      <trkpt lat="43.4602164" lon="-3.9522849">
        <ele>22</ele>
        <time>2026-08-06T17:11:07.232Z</time>
      </trkpt>
      <trkpt lat="43.4601968" lon="-3.9523136">
        <ele>22</ele>
        <time>2026-08-06T17:11:08.232Z</time>
      </trkpt>
      <trkpt lat="43.4601787" lon="-3.9523394">
        <ele>22</ele>
        <time>2026-08-06T17:11:09.232Z</time>
      </trkpt>
      <trkpt lat="43.4601606" lon="-3.9523653">
        <ele>22</ele>
        <time>2026-08-06T17:11:10.232Z</time>
      </trkpt>
      <trkpt lat="43.4601433" lon="-3.9523854">
        <ele>22</ele>
        <time>2026-08-06T17:11:11.232Z</time>
      </trkpt>
      <trkpt lat="43.460126" lon="-3.9524056">
        <ele>22</ele>
        <time>2026-08-06T17:11:12.232Z</time>
      </trkpt>
      <trkpt lat="43.4601085" lon="-3.9524224">
        <ele>22</ele>
        <time>2026-08-06T17:11:13.232Z</time>
      </trkpt>
      <trkpt lat="43.460091" lon="-3.9524393">
        <ele>22</ele>
        <time>2026-08-06T17:11:14.232Z</time>
      </trkpt>
      <trkpt lat="43.4600728" lon="-3.9524578">
        <ele>23</ele>
        <time>2026-08-06T17:11:15.232Z</time>
      </trkpt>
      <trkpt lat="43.4600547" lon="-3.9524764">
        <ele>23</ele>
        <time>2026-08-06T17:11:16.232Z</time>
      </trkpt>
      <trkpt lat="43.4600361" lon="-3.9524954">
        <ele>24</ele>
        <time>2026-08-06T17:11:17.232Z</time>
      </trkpt>
      <trkpt lat="43.4600175" lon="-3.9525145">
        <ele>24</ele>
        <time>2026-08-06T17:11:18.232Z</time>
      </trkpt>
      <trkpt lat="43.4599982" lon="-3.9525314">
        <ele>24</ele>
        <time>2026-08-06T17:11:19.232Z</time>
      </trkpt>
      <trkpt lat="43.4599789" lon="-3.9525484">
        <ele>24</ele>
        <time>2026-08-06T17:11:20.232Z</time>
      </trkpt>
      <trkpt lat="43.4599599" lon="-3.9525651">
        <ele>24</ele>
        <time>2026-08-06T17:11:21.232Z</time>
      </trkpt>
      <trkpt lat="43.459941" lon="-3.9525819">
        <ele>24</ele>
        <time>2026-08-06T17:11:22.232Z</time>
      </trkpt>
      <trkpt lat="43.459923" lon="-3.9526017">
        <ele>24</ele>
        <time>2026-08-06T17:11:23.232Z</time>
      </trkpt>
      <trkpt lat="43.459905" lon="-3.9526215">
        <ele>24</ele>
        <time>2026-08-06T17:11:24.232Z</time>
      </trkpt>
      <trkpt lat="43.4598854" lon="-3.952641">
        <ele>24</ele>
        <time>2026-08-06T17:11:25.232Z</time>
      </trkpt>
      <trkpt lat="43.4598659" lon="-3.9526605">
        <ele>24</ele>
        <time>2026-08-06T17:11:26.232Z</time>
      </trkpt>
      <trkpt lat="43.4598424" lon="-3.9526778">
        <ele>25</ele>
        <time>2026-08-06T17:11:27.232Z</time>
      </trkpt>
      <trkpt lat="43.4598189" lon="-3.9526952">
        <ele>24</ele>
        <time>2026-08-06T17:11:28.232Z</time>
      </trkpt>
      <trkpt lat="43.4597925" lon="-3.9527109">
        <ele>24</ele>
        <time>2026-08-06T17:11:29.232Z</time>
      </trkpt>
      <trkpt lat="43.4597661" lon="-3.9527267">
        <ele>24</ele>
        <time>2026-08-06T17:11:30.232Z</time>
      </trkpt>
      <trkpt lat="43.4597418" lon="-3.9527445">
        <ele>24</ele>
        <time>2026-08-06T17:11:31.232Z</time>
      </trkpt>
      <trkpt lat="43.4597175" lon="-3.9527624">
        <ele>24</ele>
        <time>2026-08-06T17:11:32.232Z</time>
      </trkpt>
      <trkpt lat="43.4596974" lon="-3.952785">
        <ele>23</ele>
        <time>2026-08-06T17:11:33.232Z</time>
      </trkpt>
      <trkpt lat="43.4596774" lon="-3.9528077">
        <ele>23</ele>
        <time>2026-08-06T17:11:34.232Z</time>
      </trkpt>
      <trkpt lat="43.4596597" lon="-3.9528333">
        <ele>22</ele>
        <time>2026-08-06T17:11:35.232Z</time>
      </trkpt>
      <trkpt lat="43.4596421" lon="-3.9528589">
        <ele>22</ele>
        <time>2026-08-06T17:11:36.232Z</time>
      </trkpt>
      <trkpt lat="43.4596254" lon="-3.9528831">
        <ele>22</ele>
        <time>2026-08-06T17:11:37.232Z</time>
      </trkpt>
      <trkpt lat="43.4596088" lon="-3.9529073">
        <ele>22</ele>
        <time>2026-08-06T17:11:38.232Z</time>
      </trkpt>
      <trkpt lat="43.4595933" lon="-3.9529299">
        <ele>22</ele>
        <time>2026-08-06T17:11:39.232Z</time>
      </trkpt>
      <trkpt lat="43.4595778" lon="-3.9529526">
        <ele>22</ele>
        <time>2026-08-06T17:11:40.232Z</time>
      </trkpt>
      <trkpt lat="43.4595626" lon="-3.9529735">
        <ele>22</ele>
        <time>2026-08-06T17:11:41.232Z</time>
      </trkpt>
      <trkpt lat="43.4595475" lon="-3.9529944">
        <ele>22</ele>
        <time>2026-08-06T17:11:42.232Z</time>
      </trkpt>
      <trkpt lat="43.4595324" lon="-3.9530154">
        <ele>22</ele>
        <time>2026-08-06T17:11:43.232Z</time>
      </trkpt>
      <trkpt lat="43.4595174" lon="-3.9530365">
        <ele>22</ele>
        <time>2026-08-06T17:11:44.232Z</time>
      </trkpt>
      <trkpt lat="43.4595016" lon="-3.9530593">
        <ele>23</ele>
        <time>2026-08-06T17:11:45.232Z</time>
      </trkpt>
      <trkpt lat="43.4594859" lon="-3.9530822">
        <ele>23</ele>
        <time>2026-08-06T17:11:46.232Z</time>
      </trkpt>
      <trkpt lat="43.4594688" lon="-3.9531068">
        <ele>24</ele>
        <time>2026-08-06T17:11:47.232Z</time>
      </trkpt>
      <trkpt lat="43.4594517" lon="-3.9531315">
        <ele>24</ele>
        <time>2026-08-06T17:11:48.232Z</time>
      </trkpt>
      <trkpt lat="43.4594353" lon="-3.9531574">
        <ele>24</ele>
        <time>2026-08-06T17:11:49.232Z</time>
      </trkpt>
      <trkpt lat="43.4594189" lon="-3.9531834">
        <ele>24</ele>
        <time>2026-08-06T17:11:50.232Z</time>
      </trkpt>
      <trkpt lat="43.4594037" lon="-3.9532109">
        <ele>24</ele>
        <time>2026-08-06T17:11:51.232Z</time>
      </trkpt>
      <trkpt lat="43.4593885" lon="-3.9532384">
        <ele>25</ele>
        <time>2026-08-06T17:11:52.232Z</time>
      </trkpt>
      <trkpt lat="43.4593797" lon="-3.9532639">
        <ele>24</ele>
        <time>2026-08-06T17:11:53.232Z</time>
      </trkpt>
      <trkpt lat="43.4593709" lon="-3.9532894">
        <ele>24</ele>
        <time>2026-08-06T17:11:54.232Z</time>
      </trkpt>
      <trkpt lat="43.4593728" lon="-3.9533142">
        <ele>23</ele>
        <time>2026-08-06T17:11:55.232Z</time>
      </trkpt>
      <trkpt lat="43.4593747" lon="-3.9533391">
        <ele>23</ele>
        <time>2026-08-06T17:11:56.232Z</time>
      </trkpt>
      <trkpt lat="43.4593742" lon="-3.9533661">
        <ele>23</ele>
        <time>2026-08-06T17:11:57.232Z</time>
      </trkpt>
      <trkpt lat="43.4593737" lon="-3.9533932">
        <ele>22</ele>
        <time>2026-08-06T17:11:58.232Z</time>
      </trkpt>
      <trkpt lat="43.4593629" lon="-3.9534145">
        <ele>22</ele>
        <time>2026-08-06T17:11:59.232Z</time>
      </trkpt>
      <trkpt lat="43.4593521" lon="-3.9534358">
        <ele>22</ele>
        <time>2026-08-06T17:12:00.232Z</time>
      </trkpt>
      <trkpt lat="43.4593362" lon="-3.9534513">
        <ele>22</ele>
        <time>2026-08-06T17:12:01.232Z</time>
      </trkpt>
      <trkpt lat="43.4593203" lon="-3.9534669">
        <ele>22</ele>
        <time>2026-08-06T17:12:02.232Z</time>
      </trkpt>
      <trkpt lat="43.4593031" lon="-3.9534829">
        <ele>22</ele>
        <time>2026-08-06T17:12:03.232Z</time>
      </trkpt>
      <trkpt lat="43.459286" lon="-3.953499">
        <ele>22</ele>
        <time>2026-08-06T17:12:04.232Z</time>
      </trkpt>
      <trkpt lat="43.4592694" lon="-3.9535177">
        <ele>22</ele>
        <time>2026-08-06T17:12:05.232Z</time>
      </trkpt>
      <trkpt lat="43.4592528" lon="-3.9535365">
        <ele>22</ele>
        <time>2026-08-06T17:12:06.232Z</time>
      </trkpt>
      <trkpt lat="43.4592338" lon="-3.9535518">
        <ele>23</ele>
        <time>2026-08-06T17:12:07.232Z</time>
      </trkpt>
      <trkpt lat="43.4592148" lon="-3.9535671">
        <ele>23</ele>
        <time>2026-08-06T17:12:08.232Z</time>
      </trkpt>
      <trkpt lat="43.4591921" lon="-3.9535805">
        <ele>23</ele>
        <time>2026-08-06T17:12:09.232Z</time>
      </trkpt>
      <trkpt lat="43.4591695" lon="-3.953594">
        <ele>23</ele>
        <time>2026-08-06T17:12:10.232Z</time>
      </trkpt>
      <trkpt lat="43.459145" lon="-3.9536073">
        <ele>23</ele>
        <time>2026-08-06T17:12:11.232Z</time>
      </trkpt>
      <trkpt lat="43.4591206" lon="-3.9536207">
        <ele>24</ele>
        <time>2026-08-06T17:12:12.232Z</time>
      </trkpt>
      <trkpt lat="43.4590972" lon="-3.9536352">
        <ele>24</ele>
        <time>2026-08-06T17:12:13.232Z</time>
      </trkpt>
      <trkpt lat="43.4590739" lon="-3.9536497">
        <ele>24</ele>
        <time>2026-08-06T17:12:14.232Z</time>
      </trkpt>
      <trkpt lat="43.4590506" lon="-3.9536633">
        <ele>24</ele>
        <time>2026-08-06T17:12:15.232Z</time>
      </trkpt>
      <trkpt lat="43.4590273" lon="-3.9536769">
        <ele>24</ele>
        <time>2026-08-06T17:12:16.232Z</time>
      </trkpt>
      <trkpt lat="43.4590022" lon="-3.9536814">
        <ele>24</ele>
        <time>2026-08-06T17:12:17.232Z</time>
      </trkpt>
      <trkpt lat="43.4589771" lon="-3.953686">
        <ele>24</ele>
        <time>2026-08-06T17:12:18.232Z</time>
      </trkpt>
      <trkpt lat="43.4589526" lon="-3.9536786">
        <ele>24</ele>
        <time>2026-08-06T17:12:19.232Z</time>
      </trkpt>
      <trkpt lat="43.4589281" lon="-3.9536712">
        <ele>24</ele>
        <time>2026-08-06T17:12:20.232Z</time>
      </trkpt>
      <trkpt lat="43.4589056" lon="-3.9536568">
        <ele>24</ele>
        <time>2026-08-06T17:12:21.232Z</time>
      </trkpt>
      <trkpt lat="43.4588832" lon="-3.9536424">
        <ele>24</ele>
        <time>2026-08-06T17:12:22.232Z</time>
      </trkpt>
      <trkpt lat="43.4588609" lon="-3.9536304">
        <ele>24</ele>
        <time>2026-08-06T17:12:23.232Z</time>
      </trkpt>
      <trkpt lat="43.4588387" lon="-3.9536184">
        <ele>24</ele>
        <time>2026-08-06T17:12:24.232Z</time>
      </trkpt>
      <trkpt lat="43.4588167" lon="-3.953618">
        <ele>24</ele>
        <time>2026-08-06T17:12:25.232Z</time>
      </trkpt>
      <trkpt lat="43.4587948" lon="-3.9536176">
        <ele>24</ele>
        <time>2026-08-06T17:12:26.232Z</time>
      </trkpt>
      <trkpt lat="43.4587774" lon="-3.9536321">
        <ele>24</ele>
        <time>2026-08-06T17:12:27.232Z</time>
      </trkpt>
      <trkpt lat="43.45876" lon="-3.9536466">
        <ele>24</ele>
        <time>2026-08-06T17:12:28.232Z</time>
      </trkpt>
      <trkpt lat="43.4587506" lon="-3.9536729">
        <ele>24</ele>
        <time>2026-08-06T17:12:29.232Z</time>
      </trkpt>
      <trkpt lat="43.4587412" lon="-3.9536992">
        <ele>24</ele>
        <time>2026-08-06T17:12:30.232Z</time>
      </trkpt>
      <trkpt lat="43.4587358" lon="-3.9537308">
        <ele>24</ele>
        <time>2026-08-06T17:12:31.232Z</time>
      </trkpt>
      <trkpt lat="43.4587305" lon="-3.9537625">
        <ele>24</ele>
        <time>2026-08-06T17:12:32.232Z</time>
      </trkpt>
      <trkpt lat="43.4587272" lon="-3.9537947">
        <ele>24</ele>
        <time>2026-08-06T17:12:33.232Z</time>
      </trkpt>
      <trkpt lat="43.458724" lon="-3.953827">
        <ele>24</ele>
        <time>2026-08-06T17:12:34.232Z</time>
      </trkpt>
      <trkpt lat="43.4587226" lon="-3.9538583">
        <ele>24</ele>
        <time>2026-08-06T17:12:35.232Z</time>
      </trkpt>
      <trkpt lat="43.4587212" lon="-3.9538897">
        <ele>24</ele>
        <time>2026-08-06T17:12:36.232Z</time>
      </trkpt>
      <trkpt lat="43.4587168" lon="-3.9539171">
        <ele>24</ele>
        <time>2026-08-06T17:12:37.232Z</time>
      </trkpt>
      <trkpt lat="43.4587125" lon="-3.9539445">
        <ele>24</ele>
        <time>2026-08-06T17:12:38.232Z</time>
      </trkpt>
      <trkpt lat="43.4587045" lon="-3.9539687">
        <ele>24</ele>
        <time>2026-08-06T17:12:39.232Z</time>
      </trkpt>
      <trkpt lat="43.4586965" lon="-3.9539929">
        <ele>25</ele>
        <time>2026-08-06T17:12:40.232Z</time>
      </trkpt>
      <trkpt lat="43.4586853" lon="-3.9540145">
        <ele>25</ele>
        <time>2026-08-06T17:12:41.232Z</time>
      </trkpt>
      <trkpt lat="43.4586741" lon="-3.9540362">
        <ele>26</ele>
        <time>2026-08-06T17:12:42.232Z</time>
      </trkpt>
      <trkpt lat="43.4586577" lon="-3.954052">
        <ele>26</ele>
        <time>2026-08-06T17:12:43.232Z</time>
      </trkpt>
      <trkpt lat="43.4586414" lon="-3.9540678">
        <ele>26</ele>
        <time>2026-08-06T17:12:44.232Z</time>
      </trkpt>
      <trkpt lat="43.4586216" lon="-3.9540816">
        <ele>26</ele>
        <time>2026-08-06T17:12:45.232Z</time>
      </trkpt>
      <trkpt lat="43.4586019" lon="-3.9540955">
        <ele>26</ele>
        <time>2026-08-06T17:12:46.232Z</time>
      </trkpt>
      <trkpt lat="43.4585811" lon="-3.9541082">
        <ele>27</ele>
        <time>2026-08-06T17:12:47.232Z</time>
      </trkpt>
      <trkpt lat="43.4585603" lon="-3.954121">
        <ele>27</ele>
        <time>2026-08-06T17:12:48.232Z</time>
      </trkpt>
      <trkpt lat="43.4585396" lon="-3.9541315">
        <ele>27</ele>
        <time>2026-08-06T17:12:49.232Z</time>
      </trkpt>
      <trkpt lat="43.458519" lon="-3.954142">
        <ele>27</ele>
        <time>2026-08-06T17:12:50.232Z</time>
      </trkpt>
      <trkpt lat="43.4584976" lon="-3.9541475">
        <ele>27</ele>
        <time>2026-08-06T17:12:51.232Z</time>
      </trkpt>
      <trkpt lat="43.4584762" lon="-3.954153">
        <ele>27</ele>
        <time>2026-08-06T17:12:52.232Z</time>
      </trkpt>
      <trkpt lat="43.4584525" lon="-3.9541517">
        <ele>26</ele>
        <time>2026-08-06T17:12:53.232Z</time>
      </trkpt>
      <trkpt lat="43.4584289" lon="-3.9541505">
        <ele>26</ele>
        <time>2026-08-06T17:12:54.232Z</time>
      </trkpt>
      <trkpt lat="43.4584033" lon="-3.9541457">
        <ele>26</ele>
        <time>2026-08-06T17:12:55.232Z</time>
      </trkpt>
      <trkpt lat="43.4583777" lon="-3.9541409">
        <ele>26</ele>
        <time>2026-08-06T17:12:56.232Z</time>
      </trkpt>
      <trkpt lat="43.4583518" lon="-3.9541379">
        <ele>26</ele>
        <time>2026-08-06T17:12:57.232Z</time>
      </trkpt>
      <trkpt lat="43.4583259" lon="-3.954135">
        <ele>25</ele>
        <time>2026-08-06T17:12:58.232Z</time>
      </trkpt>
      <trkpt lat="43.4582991" lon="-3.9541352">
        <ele>25</ele>
        <time>2026-08-06T17:12:59.232Z</time>
      </trkpt>
      <trkpt lat="43.4582724" lon="-3.9541354">
        <ele>24</ele>
        <time>2026-08-06T17:13:00.232Z</time>
      </trkpt>
      <trkpt lat="43.4582455" lon="-3.954137">
        <ele>24</ele>
        <time>2026-08-06T17:13:01.232Z</time>
      </trkpt>
      <trkpt lat="43.4582187" lon="-3.9541386">
        <ele>24</ele>
        <time>2026-08-06T17:13:02.232Z</time>
      </trkpt>
      <trkpt lat="43.4581929" lon="-3.9541361">
        <ele>23</ele>
        <time>2026-08-06T17:13:03.232Z</time>
      </trkpt>
      <trkpt lat="43.4581671" lon="-3.9541337">
        <ele>23</ele>
        <time>2026-08-06T17:13:04.232Z</time>
      </trkpt>
      <trkpt lat="43.4581451" lon="-3.9541275">
        <ele>22</ele>
        <time>2026-08-06T17:13:05.232Z</time>
      </trkpt>
      <trkpt lat="43.4581232" lon="-3.9541213">
        <ele>22</ele>
        <time>2026-08-06T17:13:06.232Z</time>
      </trkpt>
      <trkpt lat="43.4581069" lon="-3.9541185">
        <ele>22</ele>
        <time>2026-08-06T17:13:07.232Z</time>
      </trkpt>
      <trkpt lat="43.4580906" lon="-3.9541157">
        <ele>21</ele>
        <time>2026-08-06T17:13:08.232Z</time>
      </trkpt>
      <trkpt lat="43.4580748" lon="-3.9541171">
        <ele>21</ele>
        <time>2026-08-06T17:13:09.232Z</time>
      </trkpt>
      <trkpt lat="43.4580591" lon="-3.9541186">
        <ele>21</ele>
        <time>2026-08-06T17:13:10.232Z</time>
      </trkpt>
      <trkpt lat="43.4580418" lon="-3.9541238">
        <ele>21</ele>
        <time>2026-08-06T17:13:11.232Z</time>
      </trkpt>
      <trkpt lat="43.4580245" lon="-3.954129">
        <ele>21</ele>
        <time>2026-08-06T17:13:12.232Z</time>
      </trkpt>
      <trkpt lat="43.4580058" lon="-3.9541354">
        <ele>20</ele>
        <time>2026-08-06T17:13:13.232Z</time>
      </trkpt>
      <trkpt lat="43.4579871" lon="-3.9541418">
        <ele>19</ele>
        <time>2026-08-06T17:13:14.232Z</time>
      </trkpt>
      <trkpt lat="43.457967" lon="-3.9541457">
        <ele>19</ele>
        <time>2026-08-06T17:13:15.232Z</time>
      </trkpt>
      <trkpt lat="43.457947" lon="-3.9541497">
        <ele>18</ele>
        <time>2026-08-06T17:13:16.232Z</time>
      </trkpt>
      <trkpt lat="43.4579255" lon="-3.9541526">
        <ele>18</ele>
        <time>2026-08-06T17:13:17.232Z</time>
      </trkpt>
      <trkpt lat="43.4579041" lon="-3.9541556">
        <ele>17</ele>
        <time>2026-08-06T17:13:18.232Z</time>
      </trkpt>
      <trkpt lat="43.4578828" lon="-3.9541594">
        <ele>17</ele>
        <time>2026-08-06T17:13:19.232Z</time>
      </trkpt>
      <trkpt lat="43.4578616" lon="-3.9541633">
        <ele>16</ele>
        <time>2026-08-06T17:13:20.232Z</time>
      </trkpt>
      <trkpt lat="43.4578412" lon="-3.9541692">
        <ele>16</ele>
        <time>2026-08-06T17:13:21.232Z</time>
      </trkpt>
      <trkpt lat="43.4578208" lon="-3.9541751">
        <ele>16</ele>
        <time>2026-08-06T17:13:22.232Z</time>
      </trkpt>
      <trkpt lat="43.4578009" lon="-3.9541829">
        <ele>15</ele>
        <time>2026-08-06T17:13:23.232Z</time>
      </trkpt>
      <trkpt lat="43.457781" lon="-3.9541907">
        <ele>14</ele>
        <time>2026-08-06T17:13:24.232Z</time>
      </trkpt>
      <trkpt lat="43.4577628" lon="-3.9541999">
        <ele>14</ele>
        <time>2026-08-06T17:13:25.232Z</time>
      </trkpt>
      <trkpt lat="43.4577446" lon="-3.9542092">
        <ele>13</ele>
        <time>2026-08-06T17:13:26.232Z</time>
      </trkpt>
      <trkpt lat="43.4577292" lon="-3.9542209">
        <ele>13</ele>
        <time>2026-08-06T17:13:27.232Z</time>
      </trkpt>
      <trkpt lat="43.4577138" lon="-3.9542326">
        <ele>12</ele>
        <time>2026-08-06T17:13:28.232Z</time>
      </trkpt>
      <trkpt lat="43.4577049" lon="-3.9542401">
        <ele>9</ele>
        <time>2026-08-06T17:13:56.232Z</time>
      </trkpt>
      <trkpt lat="43.4577027" lon="-3.9542467">
        <ele>9</ele>
        <time>2026-08-06T17:13:57.232Z</time>
      </trkpt>
      <trkpt lat="43.4577005" lon="-3.9542534">
        <ele>8</ele>
        <time>2026-08-06T17:13:58.232Z</time>
      </trkpt>
      <trkpt lat="43.4577039" lon="-3.9542635">
        <ele>8</ele>
        <time>2026-08-06T17:13:59.232Z</time>
      </trkpt>
      <trkpt lat="43.4577073" lon="-3.9542736">
        <ele>8</ele>
        <time>2026-08-06T17:14:00.232Z</time>
      </trkpt>
      <trkpt lat="43.4577135" lon="-3.9542894">
        <ele>8</ele>
        <time>2026-08-06T17:14:01.232Z</time>
      </trkpt>
      <trkpt lat="43.4577197" lon="-3.9543052">
        <ele>8</ele>
        <time>2026-08-06T17:14:02.232Z</time>
      </trkpt>
      <trkpt lat="43.4577285" lon="-3.9543182">
        <ele>8</ele>
        <time>2026-08-06T17:14:03.232Z</time>
      </trkpt>
      <trkpt lat="43.4577374" lon="-3.9543313">
        <ele>8</ele>
        <time>2026-08-06T17:14:04.232Z</time>
      </trkpt>
      <trkpt lat="43.4577486" lon="-3.9543356">
        <ele>8</ele>
        <time>2026-08-06T17:14:05.232Z</time>
      </trkpt>
      <trkpt lat="43.4577599" lon="-3.95434">
        <ele>8</ele>
        <time>2026-08-06T17:14:06.232Z</time>
      </trkpt>
      <trkpt lat="43.4577734" lon="-3.9543417">
        <ele>8</ele>
        <time>2026-08-06T17:14:07.232Z</time>
      </trkpt>
      <trkpt lat="43.4577869" lon="-3.9543435">
        <ele>8</ele>
        <time>2026-08-06T17:14:08.232Z</time>
      </trkpt>
      <trkpt lat="43.4577996" lon="-3.9543543">
        <ele>8</ele>
        <time>2026-08-06T17:14:09.232Z</time>
      </trkpt>
      <trkpt lat="43.4578124" lon="-3.9543651">
        <ele>8</ele>
        <time>2026-08-06T17:14:10.232Z</time>
      </trkpt>
      <trkpt lat="43.4578203" lon="-3.9543812">
        <ele>8</ele>
        <time>2026-08-06T17:14:11.232Z</time>
      </trkpt>
      <trkpt lat="43.4578282" lon="-3.9543973">
        <ele>8</ele>
        <time>2026-08-06T17:14:12.232Z</time>
      </trkpt>
      <trkpt lat="43.4578316" lon="-3.9544141">
        <ele>8</ele>
        <time>2026-08-06T17:14:13.232Z</time>
      </trkpt>
      <trkpt lat="43.457835" lon="-3.954431">
        <ele>8</ele>
        <time>2026-08-06T17:14:14.232Z</time>
      </trkpt>
      <trkpt lat="43.4578353" lon="-3.9544478">
        <ele>8</ele>
        <time>2026-08-06T17:14:15.232Z</time>
      </trkpt>
      <trkpt lat="43.4578357" lon="-3.9544647">
        <ele>8</ele>
        <time>2026-08-06T17:14:16.232Z</time>
      </trkpt>
      <trkpt lat="43.4578374" lon="-3.9544812">
        <ele>8</ele>
        <time>2026-08-06T17:14:17.232Z</time>
      </trkpt>
      <trkpt lat="43.4578392" lon="-3.9544977">
        <ele>8</ele>
        <time>2026-08-06T17:14:18.232Z</time>
      </trkpt>
      <trkpt lat="43.4578455" lon="-3.9545104">
        <ele>8</ele>
        <time>2026-08-06T17:14:19.232Z</time>
      </trkpt>
      <trkpt lat="43.4578519" lon="-3.9545231">
        <ele>8</ele>
        <time>2026-08-06T17:14:20.232Z</time>
      </trkpt>
      <trkpt lat="43.4578627" lon="-3.95453">
        <ele>8</ele>
        <time>2026-08-06T17:14:21.232Z</time>
      </trkpt>
      <trkpt lat="43.4578735" lon="-3.9545369">
        <ele>8</ele>
        <time>2026-08-06T17:14:22.232Z</time>
      </trkpt>
      <trkpt lat="43.4578862" lon="-3.9545436">
        <ele>8</ele>
        <time>2026-08-06T17:14:23.232Z</time>
      </trkpt>
      <trkpt lat="43.4578989" lon="-3.9545504">
        <ele>8</ele>
        <time>2026-08-06T17:14:24.232Z</time>
      </trkpt>
      <trkpt lat="43.4579107" lon="-3.9545598">
        <ele>8</ele>
        <time>2026-08-06T17:14:25.232Z</time>
      </trkpt>
      <trkpt lat="43.4579225" lon="-3.9545693">
        <ele>8</ele>
        <time>2026-08-06T17:14:26.232Z</time>
      </trkpt>
      <trkpt lat="43.4579313" lon="-3.9545799">
        <ele>9</ele>
        <time>2026-08-06T17:14:27.232Z</time>
      </trkpt>
      <trkpt lat="43.4579402" lon="-3.9545905">
        <ele>9</ele>
        <time>2026-08-06T17:14:28.232Z</time>
      </trkpt>
      <trkpt lat="43.457947" lon="-3.954601">
        <ele>9</ele>
        <time>2026-08-06T17:14:29.232Z</time>
      </trkpt>
      <trkpt lat="43.4579538" lon="-3.9546116">
        <ele>10</ele>
        <time>2026-08-06T17:14:30.232Z</time>
      </trkpt>
      <trkpt lat="43.4579598" lon="-3.9546205">
        <ele>10</ele>
        <time>2026-08-06T17:14:31.232Z</time>
      </trkpt>
      <trkpt lat="43.4579659" lon="-3.9546294">
        <ele>11</ele>
        <time>2026-08-06T17:14:32.232Z</time>
      </trkpt>
      <trkpt lat="43.4579716" lon="-3.9546374">
        <ele>11</ele>
        <time>2026-08-06T17:14:33.232Z</time>
      </trkpt>
      <trkpt lat="43.4579774" lon="-3.9546455">
        <ele>11</ele>
        <time>2026-08-06T17:14:34.232Z</time>
      </trkpt>
      <trkpt lat="43.4579816" lon="-3.9546563">
        <ele>11</ele>
        <time>2026-08-06T17:14:35.232Z</time>
      </trkpt>
      <trkpt lat="43.4579859" lon="-3.9546672">
        <ele>11</ele>
        <time>2026-08-06T17:14:36.232Z</time>
      </trkpt>
      <trkpt lat="43.4579866" lon="-3.9546792">
        <ele>12</ele>
        <time>2026-08-06T17:14:37.232Z</time>
      </trkpt>
      <trkpt lat="43.4579874" lon="-3.9546913">
        <ele>12</ele>
        <time>2026-08-06T17:14:38.232Z</time>
      </trkpt>
      <trkpt lat="43.4579825" lon="-3.9546981">
        <ele>13</ele>
        <time>2026-08-06T17:14:39.232Z</time>
      </trkpt>
      <trkpt lat="43.4579777" lon="-3.9547049">
        <ele>13</ele>
        <time>2026-08-06T17:14:40.232Z</time>
      </trkpt>
      <trkpt lat="43.4579684" lon="-3.9547071">
        <ele>14</ele>
        <time>2026-08-06T17:14:41.232Z</time>
      </trkpt>
      <trkpt lat="43.4579591" lon="-3.9547094">
        <ele>15</ele>
        <time>2026-08-06T17:14:42.232Z</time>
      </trkpt>
      <trkpt lat="43.4579502" lon="-3.9547116">
        <ele>15</ele>
        <time>2026-08-06T17:14:43.232Z</time>
      </trkpt>
      <trkpt lat="43.4579414" lon="-3.9547138">
        <ele>15</ele>
        <time>2026-08-06T17:14:44.232Z</time>
      </trkpt>
      <trkpt lat="43.4579367" lon="-3.9547193">
        <ele>16</ele>
        <time>2026-08-06T17:14:45.232Z</time>
      </trkpt>
      <trkpt lat="43.457932" lon="-3.9547249">
        <ele>16</ele>
        <time>2026-08-06T17:14:46.232Z</time>
      </trkpt>
      <trkpt lat="43.4579304" lon="-3.9547332">
        <ele>17</ele>
        <time>2026-08-06T17:14:47.232Z</time>
      </trkpt>
      <trkpt lat="43.4579288" lon="-3.9547416">
        <ele>17</ele>
        <time>2026-08-06T17:14:48.232Z</time>
      </trkpt>
      <trkpt lat="43.4579256" lon="-3.9547501">
        <ele>17</ele>
        <time>2026-08-06T17:14:49.232Z</time>
      </trkpt>
      <trkpt lat="43.4579225" lon="-3.9547587">
        <ele>18</ele>
        <time>2026-08-06T17:14:50.232Z</time>
      </trkpt>
      <trkpt lat="43.4579146" lon="-3.9547642">
        <ele>18</ele>
        <time>2026-08-06T17:14:51.232Z</time>
      </trkpt>
      <trkpt lat="43.4579067" lon="-3.9547698">
        <ele>19</ele>
        <time>2026-08-06T17:14:52.232Z</time>
      </trkpt>
      <trkpt lat="43.4578956" lon="-3.9547694">
        <ele>19</ele>
        <time>2026-08-06T17:14:53.232Z</time>
      </trkpt>
      <trkpt lat="43.4578845" lon="-3.9547691">
        <ele>20</ele>
        <time>2026-08-06T17:14:54.232Z</time>
      </trkpt>
      <trkpt lat="43.4578734" lon="-3.9547661">
        <ele>20</ele>
        <time>2026-08-06T17:14:55.232Z</time>
      </trkpt>
      <trkpt lat="43.4578624" lon="-3.9547632">
        <ele>21</ele>
        <time>2026-08-06T17:14:56.232Z</time>
      </trkpt>
      <trkpt lat="43.4578509" lon="-3.9547596">
        <ele>22</ele>
        <time>2026-08-06T17:14:57.232Z</time>
      </trkpt>
      <trkpt lat="43.4578395" lon="-3.9547561">
        <ele>22</ele>
        <time>2026-08-06T17:14:58.232Z</time>
      </trkpt>
      <trkpt lat="43.4578261" lon="-3.9547546">
        <ele>22</ele>
        <time>2026-08-06T17:14:59.232Z</time>
      </trkpt>
      <trkpt lat="43.4578128" lon="-3.9547531">
        <ele>22</ele>
        <time>2026-08-06T17:15:00.232Z</time>
      </trkpt>
      <trkpt lat="43.4577978" lon="-3.9547534">
        <ele>22</ele>
        <time>2026-08-06T17:15:01.232Z</time>
      </trkpt>
      <trkpt lat="43.4577829" lon="-3.9547538">
        <ele>23</ele>
        <time>2026-08-06T17:15:02.232Z</time>
      </trkpt>
      <trkpt lat="43.4577659" lon="-3.9547537">
        <ele>23</ele>
        <time>2026-08-06T17:15:03.232Z</time>
      </trkpt>
      <trkpt lat="43.457749" lon="-3.9547537">
        <ele>23</ele>
        <time>2026-08-06T17:15:04.232Z</time>
      </trkpt>
      <trkpt lat="43.4577289" lon="-3.9547516">
        <ele>23</ele>
        <time>2026-08-06T17:15:05.232Z</time>
      </trkpt>
      <trkpt lat="43.4577089" lon="-3.9547496">
        <ele>23</ele>
        <time>2026-08-06T17:15:06.232Z</time>
      </trkpt>
      <trkpt lat="43.4576858" lon="-3.9547451">
        <ele>24</ele>
        <time>2026-08-06T17:15:07.232Z</time>
      </trkpt>
      <trkpt lat="43.4576628" lon="-3.9547407">
        <ele>23</ele>
        <time>2026-08-06T17:15:08.232Z</time>
      </trkpt>
      <trkpt lat="43.4576393" lon="-3.954738">
        <ele>23</ele>
        <time>2026-08-06T17:15:09.232Z</time>
      </trkpt>
      <trkpt lat="43.4576159" lon="-3.9547354">
        <ele>22</ele>
        <time>2026-08-06T17:15:10.232Z</time>
      </trkpt>
      <trkpt lat="43.4575931" lon="-3.9547372">
        <ele>22</ele>
        <time>2026-08-06T17:15:11.232Z</time>
      </trkpt>
      <trkpt lat="43.4575704" lon="-3.9547391">
        <ele>22</ele>
        <time>2026-08-06T17:15:12.232Z</time>
      </trkpt>
      <trkpt lat="43.4575474" lon="-3.9547475">
        <ele>21</ele>
        <time>2026-08-06T17:15:13.232Z</time>
      </trkpt>
      <trkpt lat="43.4575245" lon="-3.954756">
        <ele>21</ele>
        <time>2026-08-06T17:15:14.232Z</time>
      </trkpt>
      <trkpt lat="43.4575062" lon="-3.9547759">
        <ele>20</ele>
        <time>2026-08-06T17:15:15.232Z</time>
      </trkpt>
      <trkpt lat="43.457488" lon="-3.9547958">
        <ele>20</ele>
        <time>2026-08-06T17:15:16.232Z</time>
      </trkpt>
      <trkpt lat="43.4574753" lon="-3.9548234">
        <ele>20</ele>
        <time>2026-08-06T17:15:17.232Z</time>
      </trkpt>
      <trkpt lat="43.4574627" lon="-3.954851">
        <ele>20</ele>
        <time>2026-08-06T17:15:18.232Z</time>
      </trkpt>
      <trkpt lat="43.4574517" lon="-3.9548797">
        <ele>20</ele>
        <time>2026-08-06T17:15:19.232Z</time>
      </trkpt>
      <trkpt lat="43.4574408" lon="-3.9549084">
        <ele>20</ele>
        <time>2026-08-06T17:15:20.232Z</time>
      </trkpt>
      <trkpt lat="43.457426" lon="-3.954932">
        <ele>20</ele>
        <time>2026-08-06T17:15:21.232Z</time>
      </trkpt>
      <trkpt lat="43.4574113" lon="-3.9549556">
        <ele>20</ele>
        <time>2026-08-06T17:15:22.232Z</time>
      </trkpt>
      <trkpt lat="43.4573918" lon="-3.9549708">
        <ele>20</ele>
        <time>2026-08-06T17:15:23.232Z</time>
      </trkpt>
      <trkpt lat="43.4573724" lon="-3.954986">
        <ele>20</ele>
        <time>2026-08-06T17:15:24.232Z</time>
      </trkpt>
      <trkpt lat="43.4573503" lon="-3.9549969">
        <ele>20</ele>
        <time>2026-08-06T17:15:25.232Z</time>
      </trkpt>
      <trkpt lat="43.4573282" lon="-3.9550079">
        <ele>20</ele>
        <time>2026-08-06T17:15:26.232Z</time>
      </trkpt>
      <trkpt lat="43.4573067" lon="-3.9550211">
        <ele>21</ele>
        <time>2026-08-06T17:15:27.232Z</time>
      </trkpt>
      <trkpt lat="43.4572853" lon="-3.9550344">
        <ele>21</ele>
        <time>2026-08-06T17:15:28.232Z</time>
      </trkpt>
      <trkpt lat="43.4572663" lon="-3.9550536">
        <ele>21</ele>
        <time>2026-08-06T17:15:29.232Z</time>
      </trkpt>
      <trkpt lat="43.4572473" lon="-3.9550728">
        <ele>21</ele>
        <time>2026-08-06T17:15:30.232Z</time>
      </trkpt>
      <trkpt lat="43.4572294" lon="-3.9550963">
        <ele>21</ele>
        <time>2026-08-06T17:15:31.232Z</time>
      </trkpt>
      <trkpt lat="43.4572116" lon="-3.9551199">
        <ele>21</ele>
        <time>2026-08-06T17:15:32.232Z</time>
      </trkpt>
      <trkpt lat="43.4571923" lon="-3.9551425">
        <ele>21</ele>
        <time>2026-08-06T17:15:33.232Z</time>
      </trkpt>
      <trkpt lat="43.457173" lon="-3.9551652">
        <ele>21</ele>
        <time>2026-08-06T17:15:34.232Z</time>
      </trkpt>
      <trkpt lat="43.4571516" lon="-3.9551841">
        <ele>21</ele>
        <time>2026-08-06T17:15:35.232Z</time>
      </trkpt>
      <trkpt lat="43.4571303" lon="-3.955203">
        <ele>21</ele>
        <time>2026-08-06T17:15:36.232Z</time>
      </trkpt>
      <trkpt lat="43.4571071" lon="-3.9552177">
        <ele>22</ele>
        <time>2026-08-06T17:15:37.232Z</time>
      </trkpt>
      <trkpt lat="43.457084" lon="-3.9552324">
        <ele>21</ele>
        <time>2026-08-06T17:15:38.232Z</time>
      </trkpt>
      <trkpt lat="43.4570604" lon="-3.9552394">
        <ele>21</ele>
        <time>2026-08-06T17:15:39.232Z</time>
      </trkpt>
      <trkpt lat="43.4570368" lon="-3.9552465">
        <ele>21</ele>
        <time>2026-08-06T17:15:40.232Z</time>
      </trkpt>
      <trkpt lat="43.4570135" lon="-3.9552463">
        <ele>21</ele>
        <time>2026-08-06T17:15:41.232Z</time>
      </trkpt>
      <trkpt lat="43.4569903" lon="-3.9552461">
        <ele>21</ele>
        <time>2026-08-06T17:15:42.232Z</time>
      </trkpt>
      <trkpt lat="43.4569716" lon="-3.9552554">
        <ele>20</ele>
        <time>2026-08-06T17:15:43.232Z</time>
      </trkpt>
      <trkpt lat="43.4569529" lon="-3.9552648">
        <ele>20</ele>
        <time>2026-08-06T17:15:44.232Z</time>
      </trkpt>
      <trkpt lat="43.4569451" lon="-3.9552898">
        <ele>19</ele>
        <time>2026-08-06T17:15:45.232Z</time>
      </trkpt>
      <trkpt lat="43.4569374" lon="-3.9553148">
        <ele>19</ele>
        <time>2026-08-06T17:15:46.232Z</time>
      </trkpt>
      <trkpt lat="43.4569338" lon="-3.9553487">
        <ele>19</ele>
        <time>2026-08-06T17:15:47.232Z</time>
      </trkpt>
      <trkpt lat="43.4569303" lon="-3.9553826">
        <ele>18</ele>
        <time>2026-08-06T17:15:48.232Z</time>
      </trkpt>
      <trkpt lat="43.4569219" lon="-3.9554171">
        <ele>18</ele>
        <time>2026-08-06T17:15:49.232Z</time>
      </trkpt>
      <trkpt lat="43.4569135" lon="-3.9554516">
        <ele>18</ele>
        <time>2026-08-06T17:15:50.232Z</time>
      </trkpt>
      <trkpt lat="43.4568975" lon="-3.95548">
        <ele>18</ele>
        <time>2026-08-06T17:15:51.232Z</time>
      </trkpt>
      <trkpt lat="43.4568815" lon="-3.9555084">
        <ele>18</ele>
        <time>2026-08-06T17:15:52.232Z</time>
      </trkpt>
      <trkpt lat="43.4568595" lon="-3.9555292">
        <ele>18</ele>
        <time>2026-08-06T17:15:53.232Z</time>
      </trkpt>
      <trkpt lat="43.4568375" lon="-3.95555">
        <ele>18</ele>
        <time>2026-08-06T17:15:54.232Z</time>
      </trkpt>
      <trkpt lat="43.4568135" lon="-3.9555669">
        <ele>18</ele>
        <time>2026-08-06T17:15:55.232Z</time>
      </trkpt>
      <trkpt lat="43.4567896" lon="-3.9555839">
        <ele>18</ele>
        <time>2026-08-06T17:15:56.232Z</time>
      </trkpt>
      <trkpt lat="43.4567704" lon="-3.9556032">
        <ele>18</ele>
        <time>2026-08-06T17:15:57.232Z</time>
      </trkpt>
      <trkpt lat="43.4567512" lon="-3.9556225">
        <ele>18</ele>
        <time>2026-08-06T17:15:58.232Z</time>
      </trkpt>
      <trkpt lat="43.4567421" lon="-3.9556512">
        <ele>18</ele>
        <time>2026-08-06T17:15:59.232Z</time>
      </trkpt>
      <trkpt lat="43.456733" lon="-3.95568">
        <ele>18</ele>
        <time>2026-08-06T17:16:00.232Z</time>
      </trkpt>
      <trkpt lat="43.4567298" lon="-3.9557179">
        <ele>18</ele>
        <time>2026-08-06T17:16:01.232Z</time>
      </trkpt>
      <trkpt lat="43.4567266" lon="-3.9557558">
        <ele>18</ele>
        <time>2026-08-06T17:16:02.232Z</time>
      </trkpt>
      <trkpt lat="43.4567242" lon="-3.9557965">
        <ele>18</ele>
        <time>2026-08-06T17:16:03.232Z</time>
      </trkpt>
      <trkpt lat="43.4567218" lon="-3.9558372">
        <ele>18</ele>
        <time>2026-08-06T17:16:04.232Z</time>
      </trkpt>
      <trkpt lat="43.4567129" lon="-3.9558709">
        <ele>18</ele>
        <time>2026-08-06T17:16:05.232Z</time>
      </trkpt>
      <trkpt lat="43.4567041" lon="-3.9559046">
        <ele>18</ele>
        <time>2026-08-06T17:16:06.232Z</time>
      </trkpt>
      <trkpt lat="43.456688" lon="-3.9559263">
        <ele>18</ele>
        <time>2026-08-06T17:16:07.232Z</time>
      </trkpt>
      <trkpt lat="43.456672" lon="-3.955948">
        <ele>18</ele>
        <time>2026-08-06T17:16:08.232Z</time>
      </trkpt>
      <trkpt lat="43.4566536" lon="-3.9559587">
        <ele>18</ele>
        <time>2026-08-06T17:16:09.232Z</time>
      </trkpt>
      <trkpt lat="43.4566353" lon="-3.9559695">
        <ele>18</ele>
        <time>2026-08-06T17:16:10.232Z</time>
      </trkpt>
      <trkpt lat="43.4566171" lon="-3.9559661">
        <ele>18</ele>
        <time>2026-08-06T17:16:11.232Z</time>
      </trkpt>
      <trkpt lat="43.4565989" lon="-3.9559628">
        <ele>19</ele>
        <time>2026-08-06T17:16:12.232Z</time>
      </trkpt>
      <trkpt lat="43.456578" lon="-3.9559588">
        <ele>19</ele>
        <time>2026-08-06T17:16:13.232Z</time>
      </trkpt>
      <trkpt lat="43.4565571" lon="-3.9559549">
        <ele>19</ele>
        <time>2026-08-06T17:16:14.232Z</time>
      </trkpt>
      <trkpt lat="43.4565334" lon="-3.9559599">
        <ele>19</ele>
        <time>2026-08-06T17:16:15.232Z</time>
      </trkpt>
      <trkpt lat="43.4565098" lon="-3.955965">
        <ele>19</ele>
        <time>2026-08-06T17:16:16.232Z</time>
      </trkpt>
      <trkpt lat="43.4564881" lon="-3.955981">
        <ele>20</ele>
        <time>2026-08-06T17:16:17.232Z</time>
      </trkpt>
      <trkpt lat="43.4564665" lon="-3.9559971">
        <ele>20</ele>
        <time>2026-08-06T17:16:18.232Z</time>
      </trkpt>
      <trkpt lat="43.45645" lon="-3.9560211">
        <ele>20</ele>
        <time>2026-08-06T17:16:19.232Z</time>
      </trkpt>
      <trkpt lat="43.4564335" lon="-3.9560452">
        <ele>20</ele>
        <time>2026-08-06T17:16:20.232Z</time>
      </trkpt>
      <trkpt lat="43.456418" lon="-3.9560711">
        <ele>20</ele>
        <time>2026-08-06T17:16:21.232Z</time>
      </trkpt>
      <trkpt lat="43.4564025" lon="-3.956097">
        <ele>20</ele>
        <time>2026-08-06T17:16:22.232Z</time>
      </trkpt>
      <trkpt lat="43.4563844" lon="-3.9561196">
        <ele>20</ele>
        <time>2026-08-06T17:16:23.232Z</time>
      </trkpt>
      <trkpt lat="43.4563663" lon="-3.9561422">
        <ele>20</ele>
        <time>2026-08-06T17:16:24.232Z</time>
      </trkpt>
      <trkpt lat="43.4563504" lon="-3.9561659">
        <ele>20</ele>
        <time>2026-08-06T17:16:25.232Z</time>
      </trkpt>
      <trkpt lat="43.4563346" lon="-3.9561896">
        <ele>20</ele>
        <time>2026-08-06T17:16:26.232Z</time>
      </trkpt>
      <trkpt lat="43.45632" lon="-3.9562112">
        <ele>21</ele>
        <time>2026-08-06T17:16:27.232Z</time>
      </trkpt>
      <trkpt lat="43.4563054" lon="-3.9562328">
        <ele>21</ele>
        <time>2026-08-06T17:16:28.232Z</time>
      </trkpt>
      <trkpt lat="43.456287" lon="-3.9562448">
        <ele>21</ele>
        <time>2026-08-06T17:16:29.232Z</time>
      </trkpt>
      <trkpt lat="43.4562686" lon="-3.9562568">
        <ele>21</ele>
        <time>2026-08-06T17:16:30.232Z</time>
      </trkpt>
      <trkpt lat="43.4562458" lon="-3.9562601">
        <ele>21</ele>
        <time>2026-08-06T17:16:31.232Z</time>
      </trkpt>
      <trkpt lat="43.456223" lon="-3.9562634">
        <ele>21</ele>
        <time>2026-08-06T17:16:32.232Z</time>
      </trkpt>
      <trkpt lat="43.4561988" lon="-3.9562569">
        <ele>21</ele>
        <time>2026-08-06T17:16:33.232Z</time>
      </trkpt>
      <trkpt lat="43.4561747" lon="-3.9562505">
        <ele>21</ele>
        <time>2026-08-06T17:16:34.232Z</time>
      </trkpt>
      <trkpt lat="43.4561499" lon="-3.9562417">
        <ele>21</ele>
        <time>2026-08-06T17:16:35.232Z</time>
      </trkpt>
      <trkpt lat="43.4561251" lon="-3.956233">
        <ele>21</ele>
        <time>2026-08-06T17:16:36.232Z</time>
      </trkpt>
      <trkpt lat="43.4561009" lon="-3.9562261">
        <ele>22</ele>
        <time>2026-08-06T17:16:37.232Z</time>
      </trkpt>
      <trkpt lat="43.4560767" lon="-3.9562192">
        <ele>22</ele>
        <time>2026-08-06T17:16:38.232Z</time>
      </trkpt>
      <trkpt lat="43.4560558" lon="-3.956218">
        <ele>22</ele>
        <time>2026-08-06T17:16:39.232Z</time>
      </trkpt>
      <trkpt lat="43.456035" lon="-3.9562168">
        <ele>22</ele>
        <time>2026-08-06T17:16:40.232Z</time>
      </trkpt>
      <trkpt lat="43.4560191" lon="-3.9562321">
        <ele>22</ele>
        <time>2026-08-06T17:16:41.232Z</time>
      </trkpt>
      <trkpt lat="43.4560033" lon="-3.9562475">
        <ele>22</ele>
        <time>2026-08-06T17:16:42.232Z</time>
      </trkpt>
      <trkpt lat="43.4559935" lon="-3.9562805">
        <ele>21</ele>
        <time>2026-08-06T17:16:43.232Z</time>
      </trkpt>
      <trkpt lat="43.4559838" lon="-3.9563136">
        <ele>21</ele>
        <time>2026-08-06T17:16:44.232Z</time>
      </trkpt>
      <trkpt lat="43.4559801" lon="-3.9563515">
        <ele>21</ele>
        <time>2026-08-06T17:16:45.232Z</time>
      </trkpt>
      <trkpt lat="43.4559765" lon="-3.9563894">
        <ele>21</ele>
        <time>2026-08-06T17:16:46.232Z</time>
      </trkpt>
      <trkpt lat="43.455969" lon="-3.9564179">
        <ele>21</ele>
        <time>2026-08-06T17:16:47.232Z</time>
      </trkpt>
      <trkpt lat="43.4559615" lon="-3.9564464">
        <ele>21</ele>
        <time>2026-08-06T17:16:48.232Z</time>
      </trkpt>
      <trkpt lat="43.4559461" lon="-3.9564591">
        <ele>21</ele>
        <time>2026-08-06T17:16:49.232Z</time>
      </trkpt>
      <trkpt lat="43.4559307" lon="-3.9564719">
        <ele>21</ele>
        <time>2026-08-06T17:16:50.232Z</time>
      </trkpt>
      <trkpt lat="43.455912" lon="-3.956479">
        <ele>21</ele>
        <time>2026-08-06T17:16:51.232Z</time>
      </trkpt>
      <trkpt lat="43.4558934" lon="-3.9564862">
        <ele>21</ele>
        <time>2026-08-06T17:16:52.232Z</time>
      </trkpt>
      <trkpt lat="43.455874" lon="-3.9564957">
        <ele>21</ele>
        <time>2026-08-06T17:16:53.232Z</time>
      </trkpt>
      <trkpt lat="43.4558546" lon="-3.9565053">
        <ele>21</ele>
        <time>2026-08-06T17:16:54.232Z</time>
      </trkpt>
      <trkpt lat="43.4558342" lon="-3.956516">
        <ele>21</ele>
        <time>2026-08-06T17:16:55.232Z</time>
      </trkpt>
      <trkpt lat="43.4558139" lon="-3.9565267">
        <ele>21</ele>
        <time>2026-08-06T17:16:56.232Z</time>
      </trkpt>
      <trkpt lat="43.4557929" lon="-3.9565394">
        <ele>22</ele>
        <time>2026-08-06T17:16:57.232Z</time>
      </trkpt>
      <trkpt lat="43.4557719" lon="-3.9565521">
        <ele>22</ele>
        <time>2026-08-06T17:16:58.232Z</time>
      </trkpt>
      <trkpt lat="43.4557494" lon="-3.9565635">
        <ele>22</ele>
        <time>2026-08-06T17:16:59.232Z</time>
      </trkpt>
      <trkpt lat="43.4557269" lon="-3.956575">
        <ele>22</ele>
        <time>2026-08-06T17:17:00.232Z</time>
      </trkpt>
      <trkpt lat="43.4557033" lon="-3.9565873">
        <ele>22</ele>
        <time>2026-08-06T17:17:01.232Z</time>
      </trkpt>
      <trkpt lat="43.4556797" lon="-3.9565997">
        <ele>22</ele>
        <time>2026-08-06T17:17:02.232Z</time>
      </trkpt>
      <trkpt lat="43.4556569" lon="-3.9566145">
        <ele>22</ele>
        <time>2026-08-06T17:17:03.232Z</time>
      </trkpt>
      <trkpt lat="43.4556342" lon="-3.9566293">
        <ele>22</ele>
        <time>2026-08-06T17:17:04.232Z</time>
      </trkpt>
      <trkpt lat="43.4556112" lon="-3.9566463">
        <ele>22</ele>
        <time>2026-08-06T17:17:05.232Z</time>
      </trkpt>
      <trkpt lat="43.4555883" lon="-3.9566634">
        <ele>22</ele>
        <time>2026-08-06T17:17:06.232Z</time>
      </trkpt>
      <trkpt lat="43.4555641" lon="-3.9566859">
        <ele>22</ele>
        <time>2026-08-06T17:17:07.232Z</time>
      </trkpt>
      <trkpt lat="43.45554" lon="-3.9567084">
        <ele>21</ele>
        <time>2026-08-06T17:17:08.232Z</time>
      </trkpt>
      <trkpt lat="43.4555167" lon="-3.9567305">
        <ele>21</ele>
        <time>2026-08-06T17:17:09.232Z</time>
      </trkpt>
      <trkpt lat="43.4554934" lon="-3.9567527">
        <ele>21</ele>
        <time>2026-08-06T17:17:10.232Z</time>
      </trkpt>
      <trkpt lat="43.4554744" lon="-3.956776">
        <ele>21</ele>
        <time>2026-08-06T17:17:11.232Z</time>
      </trkpt>
      <trkpt lat="43.4554554" lon="-3.9567993">
        <ele>21</ele>
        <time>2026-08-06T17:17:12.232Z</time>
      </trkpt>
      <trkpt lat="43.4554382" lon="-3.956819">
        <ele>21</ele>
        <time>2026-08-06T17:17:13.232Z</time>
      </trkpt>
      <trkpt lat="43.455421" lon="-3.9568387">
        <ele>21</ele>
        <time>2026-08-06T17:17:14.232Z</time>
      </trkpt>
      <trkpt lat="43.4554046" lon="-3.9568545">
        <ele>21</ele>
        <time>2026-08-06T17:17:15.232Z</time>
      </trkpt>
      <trkpt lat="43.4553882" lon="-3.9568703">
        <ele>21</ele>
        <time>2026-08-06T17:17:16.232Z</time>
      </trkpt>
      <trkpt lat="43.4553713" lon="-3.956885">
        <ele>21</ele>
        <time>2026-08-06T17:17:17.232Z</time>
      </trkpt>
      <trkpt lat="43.4553544" lon="-3.9568997">
        <ele>21</ele>
        <time>2026-08-06T17:17:18.232Z</time>
      </trkpt>
      <trkpt lat="43.4553361" lon="-3.9569137">
        <ele>21</ele>
        <time>2026-08-06T17:17:19.232Z</time>
      </trkpt>
      <trkpt lat="43.4553179" lon="-3.9569278">
        <ele>22</ele>
        <time>2026-08-06T17:17:20.232Z</time>
      </trkpt>
      <trkpt lat="43.4552988" lon="-3.956943">
        <ele>22</ele>
        <time>2026-08-06T17:17:21.232Z</time>
      </trkpt>
      <trkpt lat="43.4552797" lon="-3.9569582">
        <ele>23</ele>
        <time>2026-08-06T17:17:22.232Z</time>
      </trkpt>
      <trkpt lat="43.4552605" lon="-3.9569747">
        <ele>23</ele>
        <time>2026-08-06T17:17:23.232Z</time>
      </trkpt>
      <trkpt lat="43.4552413" lon="-3.9569912">
        <ele>23</ele>
        <time>2026-08-06T17:17:24.232Z</time>
      </trkpt>
      <trkpt lat="43.4552216" lon="-3.9570057">
        <ele>23</ele>
        <time>2026-08-06T17:17:25.232Z</time>
      </trkpt>
      <trkpt lat="43.4552019" lon="-3.9570203">
        <ele>23</ele>
        <time>2026-08-06T17:17:26.232Z</time>
      </trkpt>
      <trkpt lat="43.4551836" lon="-3.9570366">
        <ele>24</ele>
        <time>2026-08-06T17:17:27.232Z</time>
      </trkpt>
      <trkpt lat="43.4551653" lon="-3.9570529">
        <ele>24</ele>
        <time>2026-08-06T17:17:28.232Z</time>
      </trkpt>
      <trkpt lat="43.4551482" lon="-3.9570708">
        <ele>24</ele>
        <time>2026-08-06T17:17:29.232Z</time>
      </trkpt>
      <trkpt lat="43.4551311" lon="-3.9570888">
        <ele>24</ele>
        <time>2026-08-06T17:17:30.232Z</time>
      </trkpt>
      <trkpt lat="43.4551138" lon="-3.9571063">
        <ele>24</ele>
        <time>2026-08-06T17:17:31.232Z</time>
      </trkpt>
      <trkpt lat="43.4550966" lon="-3.9571238">
        <ele>25</ele>
        <time>2026-08-06T17:17:32.232Z</time>
      </trkpt>
      <trkpt lat="43.4550797" lon="-3.957143">
        <ele>25</ele>
        <time>2026-08-06T17:17:33.232Z</time>
      </trkpt>
      <trkpt lat="43.4550628" lon="-3.9571622">
        <ele>25</ele>
        <time>2026-08-06T17:17:34.232Z</time>
      </trkpt>
      <trkpt lat="43.4550456" lon="-3.9571818">
        <ele>25</ele>
        <time>2026-08-06T17:17:35.232Z</time>
      </trkpt>
      <trkpt lat="43.4550284" lon="-3.9572015">
        <ele>25</ele>
        <time>2026-08-06T17:17:36.232Z</time>
      </trkpt>
      <trkpt lat="43.4550106" lon="-3.957219">
        <ele>26</ele>
        <time>2026-08-06T17:17:37.232Z</time>
      </trkpt>
      <trkpt lat="43.4549929" lon="-3.9572366">
        <ele>26</ele>
        <time>2026-08-06T17:17:38.232Z</time>
      </trkpt>
      <trkpt lat="43.4549741" lon="-3.9572496">
        <ele>26</ele>
        <time>2026-08-06T17:17:39.232Z</time>
      </trkpt>
      <trkpt lat="43.4549553" lon="-3.9572627">
        <ele>26</ele>
        <time>2026-08-06T17:17:40.232Z</time>
      </trkpt>
      <trkpt lat="43.454935" lon="-3.9572728">
        <ele>26</ele>
        <time>2026-08-06T17:17:41.232Z</time>
      </trkpt>
      <trkpt lat="43.4549147" lon="-3.957283">
        <ele>27</ele>
        <time>2026-08-06T17:17:42.232Z</time>
      </trkpt>
      <trkpt lat="43.4548953" lon="-3.9572978">
        <ele>27</ele>
        <time>2026-08-06T17:17:43.232Z</time>
      </trkpt>
      <trkpt lat="43.4548759" lon="-3.9573126">
        <ele>27</ele>
        <time>2026-08-06T17:17:44.232Z</time>
      </trkpt>
      <trkpt lat="43.4548571" lon="-3.9573326">
        <ele>27</ele>
        <time>2026-08-06T17:17:45.232Z</time>
      </trkpt>
      <trkpt lat="43.4548384" lon="-3.9573527">
        <ele>27</ele>
        <time>2026-08-06T17:17:46.232Z</time>
      </trkpt>
      <trkpt lat="43.4548178" lon="-3.9573727">
        <ele>27</ele>
        <time>2026-08-06T17:17:47.232Z</time>
      </trkpt>
      <trkpt lat="43.4547973" lon="-3.9573927">
        <ele>27</ele>
        <time>2026-08-06T17:17:48.232Z</time>
      </trkpt>
      <trkpt lat="43.4547754" lon="-3.9574111">
        <ele>27</ele>
        <time>2026-08-06T17:17:49.232Z</time>
      </trkpt>
      <trkpt lat="43.4547535" lon="-3.9574296">
        <ele>27</ele>
        <time>2026-08-06T17:17:50.232Z</time>
      </trkpt>
      <trkpt lat="43.4547323" lon="-3.9574491">
        <ele>27</ele>
        <time>2026-08-06T17:17:51.232Z</time>
      </trkpt>
      <trkpt lat="43.4547111" lon="-3.9574686">
        <ele>27</ele>
        <time>2026-08-06T17:17:52.232Z</time>
      </trkpt>
      <trkpt lat="43.4546897" lon="-3.9574875">
        <ele>27</ele>
        <time>2026-08-06T17:17:53.232Z</time>
      </trkpt>
      <trkpt lat="43.4546684" lon="-3.9575065">
        <ele>27</ele>
        <time>2026-08-06T17:17:54.232Z</time>
      </trkpt>
      <trkpt lat="43.4546461" lon="-3.9575232">
        <ele>27</ele>
        <time>2026-08-06T17:17:55.232Z</time>
      </trkpt>
      <trkpt lat="43.4546239" lon="-3.9575399">
        <ele>27</ele>
        <time>2026-08-06T17:17:56.232Z</time>
      </trkpt>
      <trkpt lat="43.4546027" lon="-3.9575595">
        <ele>27</ele>
        <time>2026-08-06T17:17:57.232Z</time>
      </trkpt>
      <trkpt lat="43.4545816" lon="-3.9575792">
        <ele>26</ele>
        <time>2026-08-06T17:17:58.232Z</time>
      </trkpt>
      <trkpt lat="43.4545641" lon="-3.9576044">
        <ele>26</ele>
        <time>2026-08-06T17:17:59.232Z</time>
      </trkpt>
      <trkpt lat="43.4545466" lon="-3.9576296">
        <ele>26</ele>
        <time>2026-08-06T17:18:00.232Z</time>
      </trkpt>
      <trkpt lat="43.4545303" lon="-3.9576573">
        <ele>26</ele>
        <time>2026-08-06T17:18:01.232Z</time>
      </trkpt>
      <trkpt lat="43.454514" lon="-3.9576851">
        <ele>26</ele>
        <time>2026-08-06T17:18:02.232Z</time>
      </trkpt>
      <trkpt lat="43.4544942" lon="-3.9577066">
        <ele>26</ele>
        <time>2026-08-06T17:18:03.232Z</time>
      </trkpt>
      <trkpt lat="43.4544744" lon="-3.9577281">
        <ele>26</ele>
        <time>2026-08-06T17:18:04.232Z</time>
      </trkpt>
      <trkpt lat="43.4544524" lon="-3.9577388">
        <ele>26</ele>
        <time>2026-08-06T17:18:05.232Z</time>
      </trkpt>
      <trkpt lat="43.4544305" lon="-3.9577495">
        <ele>26</ele>
        <time>2026-08-06T17:18:06.232Z</time>
      </trkpt>
      <trkpt lat="43.4544087" lon="-3.9577543">
        <ele>26</ele>
        <time>2026-08-06T17:18:07.232Z</time>
      </trkpt>
      <trkpt lat="43.4543869" lon="-3.9577591">
        <ele>26</ele>
        <time>2026-08-06T17:18:08.232Z</time>
      </trkpt>
      <trkpt lat="43.4543659" lon="-3.9577633">
        <ele>26</ele>
        <time>2026-08-06T17:18:09.232Z</time>
      </trkpt>
      <trkpt lat="43.454345" lon="-3.9577676">
        <ele>26</ele>
        <time>2026-08-06T17:18:10.232Z</time>
      </trkpt>
      <trkpt lat="43.4543248" lon="-3.9577742">
        <ele>26</ele>
        <time>2026-08-06T17:18:11.232Z</time>
      </trkpt>
      <trkpt lat="43.4543046" lon="-3.9577809">
        <ele>27</ele>
        <time>2026-08-06T17:18:12.232Z</time>
      </trkpt>
      <trkpt lat="43.4542862" lon="-3.9577923">
        <ele>27</ele>
        <time>2026-08-06T17:18:13.232Z</time>
      </trkpt>
      <trkpt lat="43.4542679" lon="-3.9578037">
        <ele>27</ele>
        <time>2026-08-06T17:18:14.232Z</time>
      </trkpt>
      <trkpt lat="43.4542506" lon="-3.9578183">
        <ele>27</ele>
        <time>2026-08-06T17:18:15.232Z</time>
      </trkpt>
      <trkpt lat="43.4542334" lon="-3.957833">
        <ele>27</ele>
        <time>2026-08-06T17:18:16.232Z</time>
      </trkpt>
      <trkpt lat="43.4542169" lon="-3.9578511">
        <ele>28</ele>
        <time>2026-08-06T17:18:17.232Z</time>
      </trkpt>
      <trkpt lat="43.4542005" lon="-3.9578692">
        <ele>28</ele>
        <time>2026-08-06T17:18:18.232Z</time>
      </trkpt>
      <trkpt lat="43.4541868" lon="-3.9578916">
        <ele>28</ele>
        <time>2026-08-06T17:18:19.232Z</time>
      </trkpt>
      <trkpt lat="43.4541732" lon="-3.9579141">
        <ele>28</ele>
        <time>2026-08-06T17:18:20.232Z</time>
      </trkpt>
      <trkpt lat="43.4541631" lon="-3.95794">
        <ele>28</ele>
        <time>2026-08-06T17:18:21.232Z</time>
      </trkpt>
      <trkpt lat="43.454153" lon="-3.9579659">
        <ele>28</ele>
        <time>2026-08-06T17:18:22.232Z</time>
      </trkpt>
      <trkpt lat="43.4541412" lon="-3.9579909">
        <ele>28</ele>
        <time>2026-08-06T17:18:23.232Z</time>
      </trkpt>
      <trkpt lat="43.4541295" lon="-3.958016">
        <ele>28</ele>
        <time>2026-08-06T17:18:24.232Z</time>
      </trkpt>
      <trkpt lat="43.4541128" lon="-3.9580366">
        <ele>28</ele>
        <time>2026-08-06T17:18:25.232Z</time>
      </trkpt>
      <trkpt lat="43.4540962" lon="-3.9580573">
        <ele>28</ele>
        <time>2026-08-06T17:18:26.232Z</time>
      </trkpt>
      <trkpt lat="43.4540751" lon="-3.9580716">
        <ele>28</ele>
        <time>2026-08-06T17:18:27.232Z</time>
      </trkpt>
      <trkpt lat="43.4540541" lon="-3.9580859">
        <ele>27</ele>
        <time>2026-08-06T17:18:28.232Z</time>
      </trkpt>
      <trkpt lat="43.4540303" lon="-3.9580957">
        <ele>27</ele>
        <time>2026-08-06T17:18:29.232Z</time>
      </trkpt>
      <trkpt lat="43.4540066" lon="-3.9581055">
        <ele>27</ele>
        <time>2026-08-06T17:18:30.232Z</time>
      </trkpt>
      <trkpt lat="43.4539819" lon="-3.9581139">
        <ele>27</ele>
        <time>2026-08-06T17:18:31.232Z</time>
      </trkpt>
      <trkpt lat="43.4539572" lon="-3.9581224">
        <ele>27</ele>
        <time>2026-08-06T17:18:32.232Z</time>
      </trkpt>
      <trkpt lat="43.4539328" lon="-3.9581301">
        <ele>26</ele>
        <time>2026-08-06T17:18:33.232Z</time>
      </trkpt>
      <trkpt lat="43.4539085" lon="-3.9581378">
        <ele>26</ele>
        <time>2026-08-06T17:18:34.232Z</time>
      </trkpt>
      <trkpt lat="43.4538876" lon="-3.9581423">
        <ele>26</ele>
        <time>2026-08-06T17:18:35.232Z</time>
      </trkpt>
      <trkpt lat="43.4538668" lon="-3.9581469">
        <ele>26</ele>
        <time>2026-08-06T17:18:36.232Z</time>
      </trkpt>
      <trkpt lat="43.4538482" lon="-3.9581489">
        <ele>26</ele>
        <time>2026-08-06T17:19:34.232Z</time>
      </trkpt>
      <trkpt lat="43.4538453" lon="-3.9581488">
        <ele>26</ele>
        <time>2026-08-06T17:19:35.232Z</time>
      </trkpt>
      <trkpt lat="43.4538424" lon="-3.9581487">
        <ele>26</ele>
        <time>2026-08-06T17:19:36.232Z</time>
      </trkpt>
      <trkpt lat="43.4538366" lon="-3.958147">
        <ele>26</ele>
        <time>2026-08-06T17:19:37.232Z</time>
      </trkpt>
      <trkpt lat="43.4538309" lon="-3.9581453">
        <ele>26</ele>
        <time>2026-08-06T17:19:38.232Z</time>
      </trkpt>
      <trkpt lat="43.4538183" lon="-3.9581416">
        <ele>26</ele>
        <time>2026-08-06T17:19:39.232Z</time>
      </trkpt>
      <trkpt lat="43.4538057" lon="-3.958138">
        <ele>26</ele>
        <time>2026-08-06T17:19:40.232Z</time>
      </trkpt>
      <trkpt lat="43.453787" lon="-3.9581361">
        <ele>26</ele>
        <time>2026-08-06T17:19:41.232Z</time>
      </trkpt>
      <trkpt lat="43.4537684" lon="-3.9581342">
        <ele>26</ele>
        <time>2026-08-06T17:19:42.232Z</time>
      </trkpt>
      <trkpt lat="43.453747" lon="-3.9581361">
        <ele>26</ele>
        <time>2026-08-06T17:19:43.232Z</time>
      </trkpt>
      <trkpt lat="43.4537257" lon="-3.9581381">
        <ele>26</ele>
        <time>2026-08-06T17:19:44.232Z</time>
      </trkpt>
      <trkpt lat="43.453703" lon="-3.9581429">
        <ele>26</ele>
        <time>2026-08-06T17:19:45.232Z</time>
      </trkpt>
      <trkpt lat="43.4536803" lon="-3.9581478">
        <ele>26</ele>
        <time>2026-08-06T17:19:46.232Z</time>
      </trkpt>
      <trkpt lat="43.4536572" lon="-3.9581519">
        <ele>27</ele>
        <time>2026-08-06T17:19:47.232Z</time>
      </trkpt>
      <trkpt lat="43.4536341" lon="-3.9581561">
        <ele>27</ele>
        <time>2026-08-06T17:19:48.232Z</time>
      </trkpt>
      <trkpt lat="43.4536106" lon="-3.9581587">
        <ele>27</ele>
        <time>2026-08-06T17:19:49.232Z</time>
      </trkpt>
      <trkpt lat="43.4535872" lon="-3.9581614">
        <ele>27</ele>
        <time>2026-08-06T17:19:50.232Z</time>
      </trkpt>
      <trkpt lat="43.4535632" lon="-3.9581617">
        <ele>27</ele>
        <time>2026-08-06T17:19:51.232Z</time>
      </trkpt>
      <trkpt lat="43.4535393" lon="-3.9581621">
        <ele>28</ele>
        <time>2026-08-06T17:19:52.232Z</time>
      </trkpt>
      <trkpt lat="43.453515" lon="-3.9581599">
        <ele>28</ele>
        <time>2026-08-06T17:19:53.232Z</time>
      </trkpt>
      <trkpt lat="43.4534907" lon="-3.9581578">
        <ele>28</ele>
        <time>2026-08-06T17:19:54.232Z</time>
      </trkpt>
      <trkpt lat="43.4534665" lon="-3.9581552">
        <ele>28</ele>
        <time>2026-08-06T17:19:55.232Z</time>
      </trkpt>
      <trkpt lat="43.4534423" lon="-3.9581526">
        <ele>28</ele>
        <time>2026-08-06T17:19:56.232Z</time>
      </trkpt>
      <trkpt lat="43.4534176" lon="-3.9581519">
        <ele>29</ele>
        <time>2026-08-06T17:19:57.232Z</time>
      </trkpt>
      <trkpt lat="43.4533929" lon="-3.9581513">
        <ele>29</ele>
        <time>2026-08-06T17:19:58.232Z</time>
      </trkpt>
      <trkpt lat="43.4533675" lon="-3.9581525">
        <ele>29</ele>
        <time>2026-08-06T17:19:59.232Z</time>
      </trkpt>
      <trkpt lat="43.4533422" lon="-3.9581537">
        <ele>29</ele>
        <time>2026-08-06T17:20:00.232Z</time>
      </trkpt>
      <trkpt lat="43.4533171" lon="-3.9581552">
        <ele>29</ele>
        <time>2026-08-06T17:20:01.232Z</time>
      </trkpt>
      <trkpt lat="43.453292" lon="-3.9581567">
        <ele>29</ele>
        <time>2026-08-06T17:20:02.232Z</time>
      </trkpt>
      <trkpt lat="43.4532666" lon="-3.9581583">
        <ele>29</ele>
        <time>2026-08-06T17:20:03.232Z</time>
      </trkpt>
      <trkpt lat="43.4532412" lon="-3.95816">
        <ele>29</ele>
        <time>2026-08-06T17:20:04.232Z</time>
      </trkpt>
      <trkpt lat="43.4532155" lon="-3.9581614">
        <ele>29</ele>
        <time>2026-08-06T17:20:05.232Z</time>
      </trkpt>
      <trkpt lat="43.4531898" lon="-3.9581629">
        <ele>29</ele>
        <time>2026-08-06T17:20:06.232Z</time>
      </trkpt>
      <trkpt lat="43.4531646" lon="-3.958163">
        <ele>29</ele>
        <time>2026-08-06T17:20:07.232Z</time>
      </trkpt>
      <trkpt lat="43.4531395" lon="-3.9581631">
        <ele>29</ele>
        <time>2026-08-06T17:20:08.232Z</time>
      </trkpt>
      <trkpt lat="43.4531145" lon="-3.9581604">
        <ele>29</ele>
        <time>2026-08-06T17:20:09.232Z</time>
      </trkpt>
      <trkpt lat="43.4530895" lon="-3.9581578">
        <ele>29</ele>
        <time>2026-08-06T17:20:10.232Z</time>
      </trkpt>
      <trkpt lat="43.4530649" lon="-3.9581525">
        <ele>29</ele>
        <time>2026-08-06T17:20:11.232Z</time>
      </trkpt>
      <trkpt lat="43.4530404" lon="-3.9581473">
        <ele>30</ele>
        <time>2026-08-06T17:20:12.232Z</time>
      </trkpt>
      <trkpt lat="43.4530167" lon="-3.9581438">
        <ele>30</ele>
        <time>2026-08-06T17:20:13.232Z</time>
      </trkpt>
      <trkpt lat="43.4529931" lon="-3.9581403">
        <ele>30</ele>
        <time>2026-08-06T17:20:14.232Z</time>
      </trkpt>
      <trkpt lat="43.4529716" lon="-3.9581454">
        <ele>30</ele>
        <time>2026-08-06T17:20:15.232Z</time>
      </trkpt>
      <trkpt lat="43.4529501" lon="-3.9581505">
        <ele>30</ele>
        <time>2026-08-06T17:20:16.232Z</time>
      </trkpt>
      <trkpt lat="43.4529325" lon="-3.9581676">
        <ele>30</ele>
        <time>2026-08-06T17:20:17.232Z</time>
      </trkpt>
      <trkpt lat="43.4529149" lon="-3.9581848">
        <ele>30</ele>
        <time>2026-08-06T17:20:18.232Z</time>
      </trkpt>
      <trkpt lat="43.4529002" lon="-3.9582098">
        <ele>30</ele>
        <time>2026-08-06T17:20:19.232Z</time>
      </trkpt>
      <trkpt lat="43.4528855" lon="-3.9582348">
        <ele>30</ele>
        <time>2026-08-06T17:20:20.232Z</time>
      </trkpt>
      <trkpt lat="43.4528723" lon="-3.9582634">
        <ele>30</ele>
        <time>2026-08-06T17:20:21.232Z</time>
      </trkpt>
      <trkpt lat="43.4528591" lon="-3.958292">
        <ele>31</ele>
        <time>2026-08-06T17:20:22.232Z</time>
      </trkpt>
      <trkpt lat="43.4528453" lon="-3.9583218">
        <ele>31</ele>
        <time>2026-08-06T17:20:23.232Z</time>
      </trkpt>
      <trkpt lat="43.4528316" lon="-3.9583516">
        <ele>31</ele>
        <time>2026-08-06T17:20:24.232Z</time>
      </trkpt>
      <trkpt lat="43.4528182" lon="-3.9583801">
        <ele>31</ele>
        <time>2026-08-06T17:20:25.232Z</time>
      </trkpt>
      <trkpt lat="43.4528049" lon="-3.9584086">
        <ele>31</ele>
        <time>2026-08-06T17:20:26.232Z</time>
      </trkpt>
      <trkpt lat="43.4527919" lon="-3.9584369">
        <ele>31</ele>
        <time>2026-08-06T17:20:27.232Z</time>
      </trkpt>
      <trkpt lat="43.4527789" lon="-3.9584653">
        <ele>31</ele>
        <time>2026-08-06T17:20:28.232Z</time>
      </trkpt>
      <trkpt lat="43.4527652" lon="-3.9584935">
        <ele>31</ele>
        <time>2026-08-06T17:20:29.232Z</time>
      </trkpt>
      <trkpt lat="43.4527516" lon="-3.9585217">
        <ele>31</ele>
        <time>2026-08-06T17:20:30.232Z</time>
      </trkpt>
      <trkpt lat="43.4527375" lon="-3.9585506">
        <ele>31</ele>
        <time>2026-08-06T17:20:31.232Z</time>
      </trkpt>
      <trkpt lat="43.4527235" lon="-3.9585795">
        <ele>31</ele>
        <time>2026-08-06T17:20:32.232Z</time>
      </trkpt>
      <trkpt lat="43.4527087" lon="-3.9586076">
        <ele>30</ele>
        <time>2026-08-06T17:20:33.232Z</time>
      </trkpt>
      <trkpt lat="43.4526939" lon="-3.9586357">
        <ele>30</ele>
        <time>2026-08-06T17:20:34.232Z</time>
      </trkpt>
      <trkpt lat="43.4526778" lon="-3.9586632">
        <ele>30</ele>
        <time>2026-08-06T17:20:35.232Z</time>
      </trkpt>
      <trkpt lat="43.4526617" lon="-3.9586907">
        <ele>30</ele>
        <time>2026-08-06T17:20:36.232Z</time>
      </trkpt>
      <trkpt lat="43.4526448" lon="-3.9587174">
        <ele>30</ele>
        <time>2026-08-06T17:20:37.232Z</time>
      </trkpt>
      <trkpt lat="43.4526279" lon="-3.9587441">
        <ele>30</ele>
        <time>2026-08-06T17:20:38.232Z</time>
      </trkpt>
      <trkpt lat="43.4526099" lon="-3.9587702">
        <ele>30</ele>
        <time>2026-08-06T17:20:39.232Z</time>
      </trkpt>
      <trkpt lat="43.452592" lon="-3.9587963">
        <ele>30</ele>
        <time>2026-08-06T17:20:40.232Z</time>
      </trkpt>
      <trkpt lat="43.4525735" lon="-3.9588218">
        <ele>30</ele>
        <time>2026-08-06T17:20:41.232Z</time>
      </trkpt>
      <trkpt lat="43.4525551" lon="-3.9588473">
        <ele>30</ele>
        <time>2026-08-06T17:20:42.232Z</time>
      </trkpt>
      <trkpt lat="43.4525374" lon="-3.9588734">
        <ele>29</ele>
        <time>2026-08-06T17:20:43.232Z</time>
      </trkpt>
      <trkpt lat="43.4525198" lon="-3.9588996">
        <ele>29</ele>
        <time>2026-08-06T17:20:44.232Z</time>
      </trkpt>
      <trkpt lat="43.4525037" lon="-3.9589264">
        <ele>29</ele>
        <time>2026-08-06T17:20:45.232Z</time>
      </trkpt>
      <trkpt lat="43.4524876" lon="-3.9589533">
        <ele>29</ele>
        <time>2026-08-06T17:20:46.232Z</time>
      </trkpt>
      <trkpt lat="43.4524706" lon="-3.9589766">
        <ele>29</ele>
        <time>2026-08-06T17:20:47.232Z</time>
      </trkpt>
      <trkpt lat="43.4524537" lon="-3.9589999">
        <ele>29</ele>
        <time>2026-08-06T17:20:48.232Z</time>
      </trkpt>
      <trkpt lat="43.4524359" lon="-3.9590097">
        <ele>29</ele>
        <time>2026-08-06T17:20:49.232Z</time>
      </trkpt>
      <trkpt lat="43.4524181" lon="-3.9590195">
        <ele>29</ele>
        <time>2026-08-06T17:20:50.232Z</time>
      </trkpt>
      <trkpt lat="43.4524025" lon="-3.9590156">
        <ele>29</ele>
        <time>2026-08-06T17:20:51.232Z</time>
      </trkpt>
      <trkpt lat="43.452387" lon="-3.9590118">
        <ele>29</ele>
        <time>2026-08-06T17:20:52.232Z</time>
      </trkpt>
      <trkpt lat="43.4523723" lon="-3.9589988">
        <ele>29</ele>
        <time>2026-08-06T17:20:53.232Z</time>
      </trkpt>
      <trkpt lat="43.4523576" lon="-3.9589859">
        <ele>29</ele>
        <time>2026-08-06T17:20:54.232Z</time>
      </trkpt>
      <trkpt lat="43.4523441" lon="-3.9589658">
        <ele>29</ele>
        <time>2026-08-06T17:20:55.232Z</time>
      </trkpt>
      <trkpt lat="43.4523307" lon="-3.9589458">
        <ele>29</ele>
        <time>2026-08-06T17:20:56.232Z</time>
      </trkpt>
      <trkpt lat="43.4523183" lon="-3.9589212">
        <ele>30</ele>
        <time>2026-08-06T17:20:57.232Z</time>
      </trkpt>
      <trkpt lat="43.4523059" lon="-3.9588966">
        <ele>30</ele>
        <time>2026-08-06T17:20:58.232Z</time>
      </trkpt>
      <trkpt lat="43.4522934" lon="-3.9588702">
        <ele>30</ele>
        <time>2026-08-06T17:20:59.232Z</time>
      </trkpt>
      <trkpt lat="43.4522809" lon="-3.9588439">
        <ele>30</ele>
        <time>2026-08-06T17:21:00.232Z</time>
      </trkpt>
      <trkpt lat="43.4522693" lon="-3.958817">
        <ele>30</ele>
        <time>2026-08-06T17:21:01.232Z</time>
      </trkpt>
      <trkpt lat="43.4522577" lon="-3.9587901">
        <ele>31</ele>
        <time>2026-08-06T17:21:02.232Z</time>
      </trkpt>
      <trkpt lat="43.4522503" lon="-3.958761">
        <ele>31</ele>
        <time>2026-08-06T17:21:03.232Z</time>
      </trkpt>
      <trkpt lat="43.4522429" lon="-3.958732">
        <ele>31</ele>
        <time>2026-08-06T17:21:04.232Z</time>
      </trkpt>
      <trkpt lat="43.4522414" lon="-3.9586999">
        <ele>31</ele>
        <time>2026-08-06T17:21:05.232Z</time>
      </trkpt>
      <trkpt lat="43.45224" lon="-3.9586678">
        <ele>31</ele>
        <time>2026-08-06T17:21:06.232Z</time>
      </trkpt>
      <trkpt lat="43.4522449" lon="-3.9586354">
        <ele>32</ele>
        <time>2026-08-06T17:21:07.232Z</time>
      </trkpt>
      <trkpt lat="43.4522499" lon="-3.958603">
        <ele>32</ele>
        <time>2026-08-06T17:21:08.232Z</time>
      </trkpt>
      <trkpt lat="43.452257" lon="-3.9585708">
        <ele>32</ele>
        <time>2026-08-06T17:21:09.232Z</time>
      </trkpt>
      <trkpt lat="43.4522642" lon="-3.9585386">
        <ele>32</ele>
        <time>2026-08-06T17:21:10.232Z</time>
      </trkpt>
      <trkpt lat="43.4522711" lon="-3.9585072">
        <ele>32</ele>
        <time>2026-08-06T17:21:11.232Z</time>
      </trkpt>
      <trkpt lat="43.452278" lon="-3.9584758">
        <ele>32</ele>
        <time>2026-08-06T17:21:12.232Z</time>
      </trkpt>
      <trkpt lat="43.4522812" lon="-3.9584465">
        <ele>32</ele>
        <time>2026-08-06T17:21:13.232Z</time>
      </trkpt>
      <trkpt lat="43.4522844" lon="-3.9584173">
        <ele>32</ele>
        <time>2026-08-06T17:21:14.232Z</time>
      </trkpt>
      <trkpt lat="43.4522795" lon="-3.9583912">
        <ele>32</ele>
        <time>2026-08-06T17:21:15.232Z</time>
      </trkpt>
      <trkpt lat="43.4522746" lon="-3.9583651">
        <ele>32</ele>
        <time>2026-08-06T17:21:16.232Z</time>
      </trkpt>
      <trkpt lat="43.4522642" lon="-3.95834">
        <ele>32</ele>
        <time>2026-08-06T17:21:17.232Z</time>
      </trkpt>
      <trkpt lat="43.4522538" lon="-3.958315">
        <ele>32</ele>
        <time>2026-08-06T17:21:18.232Z</time>
      </trkpt>
      <trkpt lat="43.4522433" lon="-3.9582893">
        <ele>32</ele>
        <time>2026-08-06T17:21:19.232Z</time>
      </trkpt>
      <trkpt lat="43.4522329" lon="-3.9582636">
        <ele>32</ele>
        <time>2026-08-06T17:21:20.232Z</time>
      </trkpt>
      <trkpt lat="43.4522262" lon="-3.9582383">
        <ele>32</ele>
        <time>2026-08-06T17:21:21.232Z</time>
      </trkpt>
      <trkpt lat="43.4522196" lon="-3.9582131">
        <ele>33</ele>
        <time>2026-08-06T17:21:22.232Z</time>
      </trkpt>
      <trkpt lat="43.4522157" lon="-3.958188">
        <ele>33</ele>
        <time>2026-08-06T17:21:23.232Z</time>
      </trkpt>
      <trkpt lat="43.4522119" lon="-3.958163">
        <ele>33</ele>
        <time>2026-08-06T17:21:24.232Z</time>
      </trkpt>
      <trkpt lat="43.4522092" lon="-3.9581369">
        <ele>33</ele>
        <time>2026-08-06T17:21:25.232Z</time>
      </trkpt>
      <trkpt lat="43.4522066" lon="-3.9581109">
        <ele>33</ele>
        <time>2026-08-06T17:21:26.232Z</time>
      </trkpt>
      <trkpt lat="43.4522065" lon="-3.9580839">
        <ele>34</ele>
        <time>2026-08-06T17:21:27.232Z</time>
      </trkpt>
      <trkpt lat="43.4522064" lon="-3.958057">
        <ele>34</ele>
        <time>2026-08-06T17:21:28.232Z</time>
      </trkpt>
      <trkpt lat="43.4522081" lon="-3.9580302">
        <ele>34</ele>
        <time>2026-08-06T17:21:29.232Z</time>
      </trkpt>
      <trkpt lat="43.4522099" lon="-3.9580034">
        <ele>34</ele>
        <time>2026-08-06T17:21:30.232Z</time>
      </trkpt>
      <trkpt lat="43.4522102" lon="-3.9579773">
        <ele>34</ele>
        <time>2026-08-06T17:21:31.232Z</time>
      </trkpt>
      <trkpt lat="43.4522106" lon="-3.9579513">
        <ele>35</ele>
        <time>2026-08-06T17:21:32.232Z</time>
      </trkpt>
      <trkpt lat="43.4522073" lon="-3.9579258">
        <ele>35</ele>
        <time>2026-08-06T17:21:33.232Z</time>
      </trkpt>
      <trkpt lat="43.452204" lon="-3.9579003">
        <ele>35</ele>
        <time>2026-08-06T17:21:34.232Z</time>
      </trkpt>
      <trkpt lat="43.4521974" lon="-3.9578757">
        <ele>35</ele>
        <time>2026-08-06T17:21:35.232Z</time>
      </trkpt>
      <trkpt lat="43.4521909" lon="-3.9578512">
        <ele>35</ele>
        <time>2026-08-06T17:21:36.232Z</time>
      </trkpt>
      <trkpt lat="43.452182" lon="-3.957827">
        <ele>36</ele>
        <time>2026-08-06T17:21:37.232Z</time>
      </trkpt>
      <trkpt lat="43.4521731" lon="-3.9578028">
        <ele>36</ele>
        <time>2026-08-06T17:21:38.232Z</time>
      </trkpt>
      <trkpt lat="43.4521621" lon="-3.9577791">
        <ele>36</ele>
        <time>2026-08-06T17:21:39.232Z</time>
      </trkpt>
      <trkpt lat="43.4521511" lon="-3.9577555">
        <ele>36</ele>
        <time>2026-08-06T17:21:40.232Z</time>
      </trkpt>
      <trkpt lat="43.4521392" lon="-3.9577336">
        <ele>36</ele>
        <time>2026-08-06T17:21:41.232Z</time>
      </trkpt>
      <trkpt lat="43.4521274" lon="-3.9577118">
        <ele>37</ele>
        <time>2026-08-06T17:21:42.232Z</time>
      </trkpt>
      <trkpt lat="43.4521157" lon="-3.9576913">
        <ele>37</ele>
        <time>2026-08-06T17:21:43.232Z</time>
      </trkpt>
      <trkpt lat="43.452104" lon="-3.9576709">
        <ele>37</ele>
        <time>2026-08-06T17:21:44.232Z</time>
      </trkpt>
      <trkpt lat="43.452092" lon="-3.9576492">
        <ele>38</ele>
        <time>2026-08-06T17:21:45.232Z</time>
      </trkpt>
      <trkpt lat="43.4520801" lon="-3.9576276">
        <ele>38</ele>
        <time>2026-08-06T17:21:46.232Z</time>
      </trkpt>
      <trkpt lat="43.4520674" lon="-3.9576045">
        <ele>39</ele>
        <time>2026-08-06T17:21:47.232Z</time>
      </trkpt>
      <trkpt lat="43.4520548" lon="-3.9575815">
        <ele>39</ele>
        <time>2026-08-06T17:21:48.232Z</time>
      </trkpt>
      <trkpt lat="43.4520413" lon="-3.9575599">
        <ele>39</ele>
        <time>2026-08-06T17:21:49.232Z</time>
      </trkpt>
      <trkpt lat="43.4520278" lon="-3.9575384">
        <ele>39</ele>
        <time>2026-08-06T17:21:50.232Z</time>
      </trkpt>
      <trkpt lat="43.4520136" lon="-3.9575181">
        <ele>39</ele>
        <time>2026-08-06T17:21:51.232Z</time>
      </trkpt>
      <trkpt lat="43.4519995" lon="-3.9574979">
        <ele>39</ele>
        <time>2026-08-06T17:21:52.232Z</time>
      </trkpt>
      <trkpt lat="43.4519846" lon="-3.9574784">
        <ele>39</ele>
        <time>2026-08-06T17:21:53.232Z</time>
      </trkpt>
      <trkpt lat="43.4519697" lon="-3.9574589">
        <ele>39</ele>
        <time>2026-08-06T17:21:54.232Z</time>
      </trkpt>
      <trkpt lat="43.4519546" lon="-3.957441">
        <ele>39</ele>
        <time>2026-08-06T17:21:55.232Z</time>
      </trkpt>
      <trkpt lat="43.4519396" lon="-3.9574231">
        <ele>39</ele>
        <time>2026-08-06T17:21:56.232Z</time>
      </trkpt>
      <trkpt lat="43.4519247" lon="-3.9574053">
        <ele>40</ele>
        <time>2026-08-06T17:21:57.232Z</time>
      </trkpt>
      <trkpt lat="43.4519098" lon="-3.9573875">
        <ele>40</ele>
        <time>2026-08-06T17:21:58.232Z</time>
      </trkpt>
      <trkpt lat="43.4518947" lon="-3.9573687">
        <ele>40</ele>
        <time>2026-08-06T17:21:59.232Z</time>
      </trkpt>
      <trkpt lat="43.4518796" lon="-3.95735">
        <ele>40</ele>
        <time>2026-08-06T17:22:00.232Z</time>
      </trkpt>
      <trkpt lat="43.4518646" lon="-3.9573307">
        <ele>40</ele>
        <time>2026-08-06T17:22:01.232Z</time>
      </trkpt>
      <trkpt lat="43.4518497" lon="-3.9573114">
        <ele>40</ele>
        <time>2026-08-06T17:22:02.232Z</time>
      </trkpt>
      <trkpt lat="43.4518357" lon="-3.9572906">
        <ele>40</ele>
        <time>2026-08-06T17:22:03.232Z</time>
      </trkpt>
      <trkpt lat="43.4518218" lon="-3.9572698">
        <ele>40</ele>
        <time>2026-08-06T17:22:04.232Z</time>
      </trkpt>
      <trkpt lat="43.4518094" lon="-3.9572476">
        <ele>40</ele>
        <time>2026-08-06T17:22:05.232Z</time>
      </trkpt>
      <trkpt lat="43.4517971" lon="-3.9572255">
        <ele>40</ele>
        <time>2026-08-06T17:22:06.232Z</time>
      </trkpt>
      <trkpt lat="43.4517877" lon="-3.9572008">
        <ele>40</ele>
        <time>2026-08-06T17:22:07.232Z</time>
      </trkpt>
      <trkpt lat="43.4517784" lon="-3.9571761">
        <ele>40</ele>
        <time>2026-08-06T17:22:08.232Z</time>
      </trkpt>
      <trkpt lat="43.4517737" lon="-3.9571483">
        <ele>40</ele>
        <time>2026-08-06T17:22:09.232Z</time>
      </trkpt>
      <trkpt lat="43.451769" lon="-3.9571205">
        <ele>40</ele>
        <time>2026-08-06T17:22:10.232Z</time>
      </trkpt>
      <trkpt lat="43.4517706" lon="-3.9570914">
        <ele>40</ele>
        <time>2026-08-06T17:22:11.232Z</time>
      </trkpt>
      <trkpt lat="43.4517723" lon="-3.9570624">
        <ele>40</ele>
        <time>2026-08-06T17:22:12.232Z</time>
      </trkpt>
      <trkpt lat="43.4517792" lon="-3.9570341">
        <ele>40</ele>
        <time>2026-08-06T17:22:13.232Z</time>
      </trkpt>
      <trkpt lat="43.4517862" lon="-3.9570058">
        <ele>40</ele>
        <time>2026-08-06T17:22:14.232Z</time>
      </trkpt>
      <trkpt lat="43.4517975" lon="-3.9569785">
        <ele>40</ele>
        <time>2026-08-06T17:22:15.232Z</time>
      </trkpt>
      <trkpt lat="43.4518088" lon="-3.9569512">
        <ele>40</ele>
        <time>2026-08-06T17:22:16.232Z</time>
      </trkpt>
      <trkpt lat="43.4518221" lon="-3.9569229">
        <ele>41</ele>
        <time>2026-08-06T17:22:17.232Z</time>
      </trkpt>
      <trkpt lat="43.4518355" lon="-3.9568947">
        <ele>41</ele>
        <time>2026-08-06T17:22:18.232Z</time>
      </trkpt>
      <trkpt lat="43.4518485" lon="-3.9568657">
        <ele>41</ele>
        <time>2026-08-06T17:22:19.232Z</time>
      </trkpt>
      <trkpt lat="43.4518615" lon="-3.9568368">
        <ele>41</ele>
        <time>2026-08-06T17:22:20.232Z</time>
      </trkpt>
      <trkpt lat="43.4518744" lon="-3.9568082">
        <ele>41</ele>
        <time>2026-08-06T17:22:21.232Z</time>
      </trkpt>
      <trkpt lat="43.4518874" lon="-3.9567797">
        <ele>41</ele>
        <time>2026-08-06T17:22:22.232Z</time>
      </trkpt>
      <trkpt lat="43.4519007" lon="-3.956751">
        <ele>41</ele>
        <time>2026-08-06T17:22:23.232Z</time>
      </trkpt>
      <trkpt lat="43.451914" lon="-3.9567223">
        <ele>41</ele>
        <time>2026-08-06T17:22:24.232Z</time>
      </trkpt>
      <trkpt lat="43.4519267" lon="-3.9566924">
        <ele>41</ele>
        <time>2026-08-06T17:22:25.232Z</time>
      </trkpt>
      <trkpt lat="43.4519394" lon="-3.9566626">
        <ele>41</ele>
        <time>2026-08-06T17:22:26.232Z</time>
      </trkpt>
      <trkpt lat="43.4519508" lon="-3.9566333">
        <ele>42</ele>
        <time>2026-08-06T17:22:27.232Z</time>
      </trkpt>
      <trkpt lat="43.4519622" lon="-3.9566041">
        <ele>42</ele>
        <time>2026-08-06T17:22:28.232Z</time>
      </trkpt>
      <trkpt lat="43.4519734" lon="-3.9565776">
        <ele>42</ele>
        <time>2026-08-06T17:22:29.232Z</time>
      </trkpt>
      <trkpt lat="43.4519847" lon="-3.9565512">
        <ele>42</ele>
        <time>2026-08-06T17:22:30.232Z</time>
      </trkpt>
      <trkpt lat="43.4519969" lon="-3.9565247">
        <ele>42</ele>
        <time>2026-08-06T17:22:31.232Z</time>
      </trkpt>
      <trkpt lat="43.4520091" lon="-3.9564983">
        <ele>42</ele>
        <time>2026-08-06T17:22:32.232Z</time>
      </trkpt>
      <trkpt lat="43.4520229" lon="-3.9564724">
        <ele>42</ele>
        <time>2026-08-06T17:22:33.232Z</time>
      </trkpt>
      <trkpt lat="43.4520368" lon="-3.9564466">
        <ele>42</ele>
        <time>2026-08-06T17:22:34.232Z</time>
      </trkpt>
      <trkpt lat="43.4520509" lon="-3.9564215">
        <ele>42</ele>
        <time>2026-08-06T17:22:35.232Z</time>
      </trkpt>
      <trkpt lat="43.452065" lon="-3.9563964">
        <ele>42</ele>
        <time>2026-08-06T17:22:36.232Z</time>
      </trkpt>
      <trkpt lat="43.452079" lon="-3.9563721">
        <ele>43</ele>
        <time>2026-08-06T17:22:37.232Z</time>
      </trkpt>
      <trkpt lat="43.4520931" lon="-3.9563478">
        <ele>43</ele>
        <time>2026-08-06T17:22:38.232Z</time>
      </trkpt>
      <trkpt lat="43.4521078" lon="-3.9563246">
        <ele>43</ele>
        <time>2026-08-06T17:22:39.232Z</time>
      </trkpt>
      <trkpt lat="43.4521225" lon="-3.9563015">
        <ele>43</ele>
        <time>2026-08-06T17:22:40.232Z</time>
      </trkpt>
      <trkpt lat="43.4521378" lon="-3.95628">
        <ele>43</ele>
        <time>2026-08-06T17:22:41.232Z</time>
      </trkpt>
      <trkpt lat="43.4521532" lon="-3.9562585">
        <ele>43</ele>
        <time>2026-08-06T17:22:42.232Z</time>
      </trkpt>
      <trkpt lat="43.4521694" lon="-3.9562378">
        <ele>42</ele>
        <time>2026-08-06T17:22:43.232Z</time>
      </trkpt>
      <trkpt lat="43.4521856" lon="-3.9562171">
        <ele>42</ele>
        <time>2026-08-06T17:22:44.232Z</time>
      </trkpt>
      <trkpt lat="43.4522015" lon="-3.9561978">
        <ele>42</ele>
        <time>2026-08-06T17:22:45.232Z</time>
      </trkpt>
      <trkpt lat="43.4522175" lon="-3.9561786">
        <ele>42</ele>
        <time>2026-08-06T17:22:46.232Z</time>
      </trkpt>
      <trkpt lat="43.4522326" lon="-3.9561606">
        <ele>42</ele>
        <time>2026-08-06T17:22:47.232Z</time>
      </trkpt>
      <trkpt lat="43.4522478" lon="-3.9561427">
        <ele>42</ele>
        <time>2026-08-06T17:22:48.232Z</time>
      </trkpt>
      <trkpt lat="43.4522641" lon="-3.9561243">
        <ele>42</ele>
        <time>2026-08-06T17:22:49.232Z</time>
      </trkpt>
      <trkpt lat="43.4522805" lon="-3.9561059">
        <ele>42</ele>
        <time>2026-08-06T17:22:50.232Z</time>
      </trkpt>
      <trkpt lat="43.4522994" lon="-3.9560886">
        <ele>42</ele>
        <time>2026-08-06T17:22:51.232Z</time>
      </trkpt>
      <trkpt lat="43.4523184" lon="-3.9560713">
        <ele>42</ele>
        <time>2026-08-06T17:22:52.232Z</time>
      </trkpt>
      <trkpt lat="43.4523393" lon="-3.9560568">
        <ele>42</ele>
        <time>2026-08-06T17:22:53.232Z</time>
      </trkpt>
      <trkpt lat="43.4523603" lon="-3.9560424">
        <ele>42</ele>
        <time>2026-08-06T17:22:54.232Z</time>
      </trkpt>
      <trkpt lat="43.4523828" lon="-3.9560307">
        <ele>42</ele>
        <time>2026-08-06T17:22:55.232Z</time>
      </trkpt>
      <trkpt lat="43.4524054" lon="-3.9560191">
        <ele>42</ele>
        <time>2026-08-06T17:22:56.232Z</time>
      </trkpt>
      <trkpt lat="43.4524287" lon="-3.9560091">
        <ele>42</ele>
        <time>2026-08-06T17:22:57.232Z</time>
      </trkpt>
      <trkpt lat="43.4524521" lon="-3.9559992">
        <ele>42</ele>
        <time>2026-08-06T17:22:58.232Z</time>
      </trkpt>
      <trkpt lat="43.4524748" lon="-3.955989">
        <ele>42</ele>
        <time>2026-08-06T17:22:59.232Z</time>
      </trkpt>
      <trkpt lat="43.4524975" lon="-3.9559789">
        <ele>42</ele>
        <time>2026-08-06T17:23:00.232Z</time>
      </trkpt>
      <trkpt lat="43.4525193" lon="-3.9559662">
        <ele>42</ele>
        <time>2026-08-06T17:23:01.232Z</time>
      </trkpt>
      <trkpt lat="43.4525412" lon="-3.9559536">
        <ele>43</ele>
        <time>2026-08-06T17:23:02.232Z</time>
      </trkpt>
      <trkpt lat="43.4525627" lon="-3.9559357">
        <ele>43</ele>
        <time>2026-08-06T17:23:03.232Z</time>
      </trkpt>
      <trkpt lat="43.4525842" lon="-3.9559178">
        <ele>43</ele>
        <time>2026-08-06T17:23:04.232Z</time>
      </trkpt>
      <trkpt lat="43.4526056" lon="-3.9558973">
        <ele>43</ele>
        <time>2026-08-06T17:23:05.232Z</time>
      </trkpt>
      <trkpt lat="43.4526271" lon="-3.9558768">
        <ele>43</ele>
        <time>2026-08-06T17:23:06.232Z</time>
      </trkpt>
      <trkpt lat="43.4526479" lon="-3.9558561">
        <ele>43</ele>
        <time>2026-08-06T17:23:07.232Z</time>
      </trkpt>
      <trkpt lat="43.4526688" lon="-3.9558354">
        <ele>43</ele>
        <time>2026-08-06T17:23:08.232Z</time>
      </trkpt>
      <trkpt lat="43.4526872" lon="-3.9558112">
        <ele>43</ele>
        <time>2026-08-06T17:23:09.232Z</time>
      </trkpt>
      <trkpt lat="43.4527057" lon="-3.955787">
        <ele>43</ele>
        <time>2026-08-06T17:23:10.232Z</time>
      </trkpt>
      <trkpt lat="43.4527217" lon="-3.95576">
        <ele>43</ele>
        <time>2026-08-06T17:23:11.232Z</time>
      </trkpt>
      <trkpt lat="43.4527377" lon="-3.955733">
        <ele>43</ele>
        <time>2026-08-06T17:23:12.232Z</time>
      </trkpt>
      <trkpt lat="43.4527519" lon="-3.9557042">
        <ele>43</ele>
        <time>2026-08-06T17:23:13.232Z</time>
      </trkpt>
      <trkpt lat="43.4527662" lon="-3.9556755">
        <ele>43</ele>
        <time>2026-08-06T17:23:14.232Z</time>
      </trkpt>
      <trkpt lat="43.4527801" lon="-3.9556473">
        <ele>43</ele>
        <time>2026-08-06T17:23:15.232Z</time>
      </trkpt>
      <trkpt lat="43.4527941" lon="-3.9556192">
        <ele>43</ele>
        <time>2026-08-06T17:23:16.232Z</time>
      </trkpt>
      <trkpt lat="43.4528092" lon="-3.9555928">
        <ele>43</ele>
        <time>2026-08-06T17:23:17.232Z</time>
      </trkpt>
      <trkpt lat="43.4528243" lon="-3.9555665">
        <ele>43</ele>
        <time>2026-08-06T17:23:18.232Z</time>
      </trkpt>
      <trkpt lat="43.4528412" lon="-3.9555417">
        <ele>43</ele>
        <time>2026-08-06T17:23:19.232Z</time>
      </trkpt>
      <trkpt lat="43.4528582" lon="-3.9555169">
        <ele>43</ele>
        <time>2026-08-06T17:23:20.232Z</time>
      </trkpt>
      <trkpt lat="43.4528766" lon="-3.9554941">
        <ele>43</ele>
        <time>2026-08-06T17:23:21.232Z</time>
      </trkpt>
      <trkpt lat="43.4528951" lon="-3.9554714">
        <ele>43</ele>
        <time>2026-08-06T17:23:22.232Z</time>
      </trkpt>
      <trkpt lat="43.4529138" lon="-3.9554491">
        <ele>43</ele>
        <time>2026-08-06T17:23:23.232Z</time>
      </trkpt>
      <trkpt lat="43.4529325" lon="-3.9554268">
        <ele>43</ele>
        <time>2026-08-06T17:23:24.232Z</time>
      </trkpt>
      <trkpt lat="43.4529509" lon="-3.9554045">
        <ele>43</ele>
        <time>2026-08-06T17:23:25.232Z</time>
      </trkpt>
      <trkpt lat="43.4529693" lon="-3.9553822">
        <ele>43</ele>
        <time>2026-08-06T17:23:26.232Z</time>
      </trkpt>
      <trkpt lat="43.452987" lon="-3.9553623">
        <ele>43</ele>
        <time>2026-08-06T17:23:27.232Z</time>
      </trkpt>
      <trkpt lat="43.4530048" lon="-3.9553424">
        <ele>43</ele>
        <time>2026-08-06T17:23:28.232Z</time>
      </trkpt>
      <trkpt lat="43.4530217" lon="-3.9553242">
        <ele>43</ele>
        <time>2026-08-06T17:23:29.232Z</time>
      </trkpt>
      <trkpt lat="43.4530386" lon="-3.955306">
        <ele>43</ele>
        <time>2026-08-06T17:23:30.232Z</time>
      </trkpt>
      <trkpt lat="43.4530569" lon="-3.9552922">
        <ele>43</ele>
        <time>2026-08-06T17:23:31.232Z</time>
      </trkpt>
      <trkpt lat="43.4530752" lon="-3.9552785">
        <ele>43</ele>
        <time>2026-08-06T17:23:32.232Z</time>
      </trkpt>
      <trkpt lat="43.4530965" lon="-3.9552711">
        <ele>43</ele>
        <time>2026-08-06T17:23:33.232Z</time>
      </trkpt>
      <trkpt lat="43.4531178" lon="-3.9552637">
        <ele>43</ele>
        <time>2026-08-06T17:23:34.232Z</time>
      </trkpt>
      <trkpt lat="43.4531407" lon="-3.9552631">
        <ele>43</ele>
        <time>2026-08-06T17:23:35.232Z</time>
      </trkpt>
      <trkpt lat="43.4531637" lon="-3.9552626">
        <ele>43</ele>
        <time>2026-08-06T17:23:36.232Z</time>
      </trkpt>
      <trkpt lat="43.4531872" lon="-3.9552661">
        <ele>44</ele>
        <time>2026-08-06T17:23:37.232Z</time>
      </trkpt>
      <trkpt lat="43.4532108" lon="-3.9552697">
        <ele>44</ele>
        <time>2026-08-06T17:23:38.232Z</time>
      </trkpt>
      <trkpt lat="43.4532337" lon="-3.9552734">
        <ele>44</ele>
        <time>2026-08-06T17:23:39.232Z</time>
      </trkpt>
      <trkpt lat="43.4532567" lon="-3.9552771">
        <ele>44</ele>
        <time>2026-08-06T17:23:40.232Z</time>
      </trkpt>
      <trkpt lat="43.4532787" lon="-3.9552788">
        <ele>44</ele>
        <time>2026-08-06T17:23:41.232Z</time>
      </trkpt>
      <trkpt lat="43.4533008" lon="-3.9552805">
        <ele>44</ele>
        <time>2026-08-06T17:23:42.232Z</time>
      </trkpt>
      <trkpt lat="43.4533234" lon="-3.9552778">
        <ele>44</ele>
        <time>2026-08-06T17:23:43.232Z</time>
      </trkpt>
      <trkpt lat="43.453346" lon="-3.9552751">
        <ele>44</ele>
        <time>2026-08-06T17:23:44.232Z</time>
      </trkpt>
      <trkpt lat="43.4533688" lon="-3.9552661">
        <ele>44</ele>
        <time>2026-08-06T17:23:45.232Z</time>
      </trkpt>
      <trkpt lat="43.4533917" lon="-3.9552571">
        <ele>44</ele>
        <time>2026-08-06T17:23:46.232Z</time>
      </trkpt>
      <trkpt lat="43.4534121" lon="-3.9552426">
        <ele>44</ele>
        <time>2026-08-06T17:23:47.232Z</time>
      </trkpt>
      <trkpt lat="43.4534326" lon="-3.9552281">
        <ele>43</ele>
        <time>2026-08-06T17:23:48.232Z</time>
      </trkpt>
      <trkpt lat="43.4534483" lon="-3.9552072">
        <ele>43</ele>
        <time>2026-08-06T17:23:49.232Z</time>
      </trkpt>
      <trkpt lat="43.453464" lon="-3.9551864">
        <ele>43</ele>
        <time>2026-08-06T17:23:50.232Z</time>
      </trkpt>
      <trkpt lat="43.4534746" lon="-3.9551583">
        <ele>43</ele>
        <time>2026-08-06T17:23:51.232Z</time>
      </trkpt>
      <trkpt lat="43.4534852" lon="-3.9551302">
        <ele>43</ele>
        <time>2026-08-06T17:23:52.232Z</time>
      </trkpt>
      <trkpt lat="43.4534916" lon="-3.9550981">
        <ele>43</ele>
        <time>2026-08-06T17:23:53.232Z</time>
      </trkpt>
      <trkpt lat="43.453498" lon="-3.955066">
        <ele>43</ele>
        <time>2026-08-06T17:23:54.232Z</time>
      </trkpt>
      <trkpt lat="43.4535016" lon="-3.955033">
        <ele>43</ele>
        <time>2026-08-06T17:23:55.232Z</time>
      </trkpt>
      <trkpt lat="43.4535053" lon="-3.955">
        <ele>43</ele>
        <time>2026-08-06T17:23:56.232Z</time>
      </trkpt>
      <trkpt lat="43.4535086" lon="-3.9549676">
        <ele>43</ele>
        <time>2026-08-06T17:23:57.232Z</time>
      </trkpt>
      <trkpt lat="43.453512" lon="-3.9549352">
        <ele>43</ele>
        <time>2026-08-06T17:23:58.232Z</time>
      </trkpt>
      <trkpt lat="43.4535172" lon="-3.9549034">
        <ele>43</ele>
        <time>2026-08-06T17:23:59.232Z</time>
      </trkpt>
      <trkpt lat="43.4535225" lon="-3.9548716">
        <ele>43</ele>
        <time>2026-08-06T17:24:00.232Z</time>
      </trkpt>
      <trkpt lat="43.4535296" lon="-3.9548388">
        <ele>43</ele>
        <time>2026-08-06T17:24:01.232Z</time>
      </trkpt>
      <trkpt lat="43.4535367" lon="-3.954806">
        <ele>43</ele>
        <time>2026-08-06T17:24:02.232Z</time>
      </trkpt>
      <trkpt lat="43.4535451" lon="-3.9547742">
        <ele>43</ele>
        <time>2026-08-06T17:24:03.232Z</time>
      </trkpt>
      <trkpt lat="43.4535536" lon="-3.9547425">
        <ele>43</ele>
        <time>2026-08-06T17:24:04.232Z</time>
      </trkpt>
      <trkpt lat="43.4535623" lon="-3.9547127">
        <ele>43</ele>
        <time>2026-08-06T17:24:05.232Z</time>
      </trkpt>
      <trkpt lat="43.4535711" lon="-3.954683">
        <ele>43</ele>
        <time>2026-08-06T17:24:06.232Z</time>
      </trkpt>
      <trkpt lat="43.4535792" lon="-3.9546542">
        <ele>43</ele>
        <time>2026-08-06T17:24:07.232Z</time>
      </trkpt>
      <trkpt lat="43.4535874" lon="-3.9546255">
        <ele>43</ele>
        <time>2026-08-06T17:24:08.232Z</time>
      </trkpt>
      <trkpt lat="43.4535943" lon="-3.9545971">
        <ele>43</ele>
        <time>2026-08-06T17:24:09.232Z</time>
      </trkpt>
      <trkpt lat="43.4536012" lon="-3.9545687">
        <ele>43</ele>
        <time>2026-08-06T17:24:10.232Z</time>
      </trkpt>
      <trkpt lat="43.4536078" lon="-3.9545405">
        <ele>43</ele>
        <time>2026-08-06T17:24:11.232Z</time>
      </trkpt>
      <trkpt lat="43.4536145" lon="-3.9545124">
        <ele>44</ele>
        <time>2026-08-06T17:24:12.232Z</time>
      </trkpt>
      <trkpt lat="43.4536219" lon="-3.9544838">
        <ele>43</ele>
        <time>2026-08-06T17:24:13.232Z</time>
      </trkpt>
      <trkpt lat="43.4536294" lon="-3.9544552">
        <ele>43</ele>
        <time>2026-08-06T17:24:14.232Z</time>
      </trkpt>
      <trkpt lat="43.4536379" lon="-3.9544256">
        <ele>43</ele>
        <time>2026-08-06T17:24:15.232Z</time>
      </trkpt>
      <trkpt lat="43.4536465" lon="-3.954396">
        <ele>43</ele>
        <time>2026-08-06T17:24:16.232Z</time>
      </trkpt>
      <trkpt lat="43.4536544" lon="-3.954366">
        <ele>43</ele>
        <time>2026-08-06T17:24:17.232Z</time>
      </trkpt>
      <trkpt lat="43.4536623" lon="-3.954336">
        <ele>43</ele>
        <time>2026-08-06T17:24:18.232Z</time>
      </trkpt>
      <trkpt lat="43.4536687" lon="-3.9543044">
        <ele>43</ele>
        <time>2026-08-06T17:24:19.232Z</time>
      </trkpt>
      <trkpt lat="43.4536752" lon="-3.9542728">
        <ele>43</ele>
        <time>2026-08-06T17:24:20.232Z</time>
      </trkpt>
      <trkpt lat="43.4536805" lon="-3.9542392">
        <ele>43</ele>
        <time>2026-08-06T17:24:21.232Z</time>
      </trkpt>
      <trkpt lat="43.4536859" lon="-3.9542056">
        <ele>44</ele>
        <time>2026-08-06T17:24:22.363Z</time>
      </trkpt>
      <trkpt lat="43.45369" lon="-3.954206">
        <ele>42.91</ele>
        <time>2026-08-06T17:24:22.549Z</time>
        <extensions>
          <gpxtpx:TrackPointExtension>
            <gpxtpx:Extensions>
              <highway>track</highway>
            </gpxtpx:Extensions>
          </gpxtpx:TrackPointExtension>
        </extensions>
      </trkpt>
      <trkpt lat="43.453692" lon="-3.954106">
        <ele>42.22</ele>
        <time>2026-08-06T17:24:25.838Z</time>
        <extensions>
          <gpxtpx:TrackPointExtension>
            <gpxtpx:Extensions>
              <highway>track</highway>
            </gpxtpx:Extensions>
          </gpxtpx:TrackPointExtension>
        </extensions>
      </trkpt>
      <trkpt lat="43.453459" lon="-3.953652">
        <ele>41.68</ele>
        <time>2026-08-06T17:24:44.121Z</time>
        <extensions>
          <gpxtpx:TrackPointExtension>
            <gpxtpx:Extensions>
              <highway>track</highway>
            </gpxtpx:Extensions>
          </gpxtpx:TrackPointExtension>
        </extensions>
      </trkpt>
      <trkpt lat="43.45338" lon="-3.953518">
        <ele>42.02</ele>
        <time>2026-08-06T17:24:49.797Z</time>
        <extensions>
          <gpxtpx:TrackPointExtension>
            <gpxtpx:Extensions>
              <highway>track</highway>
            </gpxtpx:Extensions>
          </gpxtpx:TrackPointExtension>
        </extensions>
      </trkpt>
      <trkpt lat="43.453178" lon="-3.953012">
        <ele>43</ele>
        <time>2026-08-06T17:25:08.786Z</time>
        <extensions>
          <gpxtpx:TrackPointExtension>
            <gpxtpx:Extensions>
              <highway>track</highway>
            </gpxtpx:Extensions>
          </gpxtpx:TrackPointExtension>
        </extensions>
      </trkpt>
      <trkpt lat="43.453123" lon="-3.952794">
        <ele>43.55</ele>
        <time>2026-08-06T17:25:16.375Z</time>
        <extensions>
          <gpxtpx:TrackPointExtension>
            <gpxtpx:Extensions>
              <highway>track</highway>
            </gpxtpx:Extensions>
          </gpxtpx:TrackPointExtension>
        </extensions>
      </trkpt>
      <trkpt lat="43.453007" lon="-3.952166">
        <ele>45</ele>
        <time>2026-08-06T17:25:37.684Z</time>
        <extensions>
          <gpxtpx:TrackPointExtension>
            <gpxtpx:Extensions>
              <highway>track</highway>
            </gpxtpx:Extensions>
          </gpxtpx:TrackPointExtension>
        </extensions>
      </trkpt>
      <trkpt lat="43.45289" lon="-3.951855">
        <ele>46</ele>
        <time>2026-08-06T17:25:49.202Z</time>
        <extensions>
          <gpxtpx:TrackPointExtension>
            <gpxtpx:Extensions>
              <highway>track</highway>
            </gpxtpx:Extensions>
          </gpxtpx:TrackPointExtension>
        </extensions>
      </trkpt>
      <trkpt lat="43.452884" lon="-3.951839">
        <ele>46.05</ele>
        <time>2026-08-06T17:25:49.794Z</time>
        <extensions>
          <gpxtpx:TrackPointExtension>
            <gpxtpx:Extensions>
              <highway>path</highway>
            </gpxtpx:Extensions>
          </gpxtpx:TrackPointExtension>
        </extensions>
      </trkpt>
      <trkpt lat="43.452928" lon="-3.951713">
        <ele>45</ele>
        <time>2026-08-06T17:25:54.391Z</time>
        <extensions>
          <gpxtpx:TrackPointExtension>
            <gpxtpx:Extensions>
              <highway>path</highway>
            </gpxtpx:Extensions>
          </gpxtpx:TrackPointExtension>
        </extensions>
      </trkpt>
      <trkpt lat="43.453002" lon="-3.951552">
        <ele>45.17</ele>
        <time>2026-08-06T17:26:00.657Z</time>
        <extensions>
          <gpxtpx:TrackPointExtension>
            <gpxtpx:Extensions>
              <highway>path</highway>
            </gpxtpx:Extensions>
          </gpxtpx:TrackPointExtension>
        </extensions>
      </trkpt>
      <trkpt lat="43.453116" lon="-3.951367">
        <ele>45</ele>
        <time>2026-08-06T17:26:08.636Z</time>
        <extensions>
          <gpxtpx:TrackPointExtension>
            <gpxtpx:Extensions>
              <highway>path</highway>
            </gpxtpx:Extensions>
          </gpxtpx:TrackPointExtension>
        </extensions>
      </trkpt>
      <trkpt lat="43.45337" lon="-3.951053">
        <ele>44.39</ele>
        <time>2026-08-06T17:26:24.095Z</time>
        <extensions>
          <gpxtpx:TrackPointExtension>
            <gpxtpx:Extensions>
              <highway>path</highway>
            </gpxtpx:Extensions>
          </gpxtpx:TrackPointExtension>
        </extensions>
      </trkpt>
      <trkpt lat="43.453601" lon="-3.950781">
        <ele>43.06</ele>
        <time>2026-08-06T17:26:37.860Z</time>
        <extensions>
          <gpxtpx:TrackPointExtension>
            <gpxtpx:Extensions>
              <highway>path</highway>
            </gpxtpx:Extensions>
          </gpxtpx:TrackPointExtension>
        </extensions>
      </trkpt>
      <trkpt lat="43.453735" lon="-3.950652">
        <ele>42.2</ele>
        <time>2026-08-06T17:26:45.265Z</time>
        <extensions>
          <gpxtpx:TrackPointExtension>
            <gpxtpx:Extensions>
              <highway>path</highway>
            </gpxtpx:Extensions>
          </gpxtpx:TrackPointExtension>
        </extensions>
      </trkpt>
      <trkpt lat="43.453841" lon="-3.950573">
        <ele>41.69</ele>
        <time>2026-08-06T17:26:50.724Z</time>
        <extensions>
          <gpxtpx:TrackPointExtension>
            <gpxtpx:Extensions>
              <highway>path</highway>
            </gpxtpx:Extensions>
          </gpxtpx:TrackPointExtension>
        </extensions>
      </trkpt>
      <trkpt lat="43.453927" lon="-3.95049">
        <ele>41.72</ele>
        <time>2026-08-06T17:26:55.480Z</time>
        <extensions>
          <gpxtpx:TrackPointExtension>
            <gpxtpx:Extensions>
              <highway>path</highway>
            </gpxtpx:Extensions>
          </gpxtpx:TrackPointExtension>
        </extensions>
      </trkpt>
      <trkpt lat="43.45399" lon="-3.950368">
        <ele>42.96</ele>
        <time>2026-08-06T17:27:00.403Z</time>
        <extensions>
          <gpxtpx:TrackPointExtension>
            <gpxtpx:Extensions>
              <highway>path</highway>
            </gpxtpx:Extensions>
          </gpxtpx:TrackPointExtension>
        </extensions>
      </trkpt>
      <trkpt lat="43.454008" lon="-3.950201">
        <ele>44.77</ele>
        <time>2026-08-06T17:27:05.954Z</time>
        <extensions>
          <gpxtpx:TrackPointExtension>
            <gpxtpx:Extensions>
              <highway>path</highway>
            </gpxtpx:Extensions>
          </gpxtpx:TrackPointExtension>
        </extensions>
      </trkpt>
      <trkpt lat="43.454009" lon="-3.950201">
        <ele>44.77</ele>
        <time>2026-08-06T17:27:05.999Z</time>
        <extensions>
          <gpxtpx:TrackPointExtension>
            <gpxtpx:Extensions>
              <highway>path</highway>
            </gpxtpx:Extensions>
          </gpxtpx:TrackPointExtension>
        </extensions>
      </trkpt>
      <trkpt lat="43.453984" lon="-3.950054">
        <ele>46.64</ele>
        <time>2026-08-06T17:27:29.426Z</time>
        <extensions>
          <gpxtpx:TrackPointExtension>
            <gpxtpx:Extensions>
              <highway>path</highway>
            </gpxtpx:Extensions>
          </gpxtpx:TrackPointExtension>
        </extensions>
      </trkpt>
      <trkpt lat="43.45391" lon="-3.949959">
        <ele>45.89</ele>
        <time>2026-08-06T17:27:34.359Z</time>
        <extensions>
          <gpxtpx:TrackPointExtension>
            <gpxtpx:Extensions>
              <highway>path</highway>
            </gpxtpx:Extensions>
          </gpxtpx:TrackPointExtension>
        </extensions>
      </trkpt>
      <trkpt lat="43.453878" lon="-3.949794">
        <ele>45.14</ele>
        <time>2026-08-06T17:27:40.405Z</time>
        <extensions>
          <gpxtpx:TrackPointExtension>
            <gpxtpx:Extensions>
              <highway>path</highway>
            </gpxtpx:Extensions>
          </gpxtpx:TrackPointExtension>
        </extensions>
      </trkpt>
      <trkpt lat="43.453861" lon="-3.949617">
        <ele>45.05</ele>
        <time>2026-08-06T17:27:46.726Z</time>
        <extensions>
          <gpxtpx:TrackPointExtension>
            <gpxtpx:Extensions>
              <highway>path</highway>
            </gpxtpx:Extensions>
          </gpxtpx:TrackPointExtension>
        </extensions>
      </trkpt>
      <trkpt lat="43.453861" lon="-3.949409">
        <ele>45.18</ele>
        <time>2026-08-06T17:27:54.090Z</time>
        <extensions>
          <gpxtpx:TrackPointExtension>
            <gpxtpx:Extensions>
              <highway>path</highway>
            </gpxtpx:Extensions>
          </gpxtpx:TrackPointExtension>
        </extensions>
      </trkpt>
      <trkpt lat="43.453881" lon="-3.949161">
        <ele>45.12</ele>
        <time>2026-08-06T17:28:02.924Z</time>
        <extensions>
          <gpxtpx:TrackPointExtension>
            <gpxtpx:Extensions>
              <highway>path</highway>
            </gpxtpx:Extensions>
          </gpxtpx:TrackPointExtension>
        </extensions>
      </trkpt>
      <trkpt lat="43.453887" lon="-3.948945">
        <ele>45.58</ele>
        <time>2026-08-06T17:28:10.576Z</time>
        <extensions>
          <gpxtpx:TrackPointExtension>
            <gpxtpx:Extensions>
              <highway>path</highway>
            </gpxtpx:Extensions>
          </gpxtpx:TrackPointExtension>
        </extensions>
      </trkpt>
      <trkpt lat="43.453904" lon="-3.948764">
        <ele>46.68</ele>
        <time>2026-08-06T17:28:17.037Z</time>
        <extensions>
          <gpxtpx:TrackPointExtension>
            <gpxtpx:Extensions>
              <highway>path</highway>
            </gpxtpx:Extensions>
          </gpxtpx:TrackPointExtension>
        </extensions>
      </trkpt>
      <trkpt lat="43.453898" lon="-3.948587">
        <ele>47.51</ele>
        <time>2026-08-06T17:28:23.310Z</time>
        <extensions>
          <gpxtpx:TrackPointExtension>
            <gpxtpx:Extensions>
              <highway>path</highway>
            </gpxtpx:Extensions>
          </gpxtpx:TrackPointExtension>
        </extensions>
      </trkpt>
      <trkpt lat="43.453873" lon="-3.948422">
        <ele>44.09</ele>
        <time>2026-08-06T17:28:29.277Z</time>
        <extensions>
          <gpxtpx:TrackPointExtension>
            <gpxtpx:Extensions>
              <highway>path</highway>
            </gpxtpx:Extensions>
          </gpxtpx:TrackPointExtension>
        </extensions>
      </trkpt>
      <trkpt lat="43.453815" lon="-3.948261">
        <ele>40.63</ele>
        <time>2026-08-06T17:28:35.640Z</time>
        <extensions>
          <gpxtpx:TrackPointExtension>
            <gpxtpx:Extensions>
              <highway>path</highway>
            </gpxtpx:Extensions>
          </gpxtpx:TrackPointExtension>
        </extensions>
      </trkpt>
      <trkpt lat="43.453741" lon="-3.948135">
        <ele>40.72</ele>
        <time>2026-08-06T17:28:41.378Z</time>
        <extensions>
          <gpxtpx:TrackPointExtension>
            <gpxtpx:Extensions>
              <highway>path</highway>
            </gpxtpx:Extensions>
          </gpxtpx:TrackPointExtension>
        </extensions>
      </trkpt>
      <trkpt lat="43.453641" lon="-3.947882">
        <ele>40.02</ele>
        <time>2026-08-06T17:28:51.576Z</time>
        <extensions>
          <gpxtpx:TrackPointExtension>
            <gpxtpx:Extensions>
              <highway>path</highway>
            </gpxtpx:Extensions>
          </gpxtpx:TrackPointExtension>
        </extensions>
      </trkpt>
      <trkpt lat="43.453641" lon="-3.947882">
        <ele>40.03</ele>
        <time>2026-08-06T17:28:51.576Z</time>
        <extensions>
          <gpxtpx:TrackPointExtension>
            <gpxtpx:Extensions>
              <highway>path</highway>
            </gpxtpx:Extensions>
          </gpxtpx:TrackPointExtension>
        </extensions>
      </trkpt>
      <trkpt lat="43.453641" lon="-3.947882">
        <ele>40.02</ele>
        <time>2026-08-06T17:28:58.728Z</time>
        <extensions>
          <gpxtpx:TrackPointExtension>
            <gpxtpx:Extensions>
              <highway>path</highway>
            </gpxtpx:Extensions>
          </gpxtpx:TrackPointExtension>
        </extensions>
      </trkpt>
      <trkpt lat="43.453601" lon="-3.947793">
        <ele>39.65</ele>
        <time>2026-08-06T17:29:02.866Z</time>
        <extensions>
          <gpxtpx:TrackPointExtension>
            <gpxtpx:Extensions>
              <highway>path</highway>
            </gpxtpx:Extensions>
          </gpxtpx:TrackPointExtension>
        </extensions>
      </trkpt>
      <trkpt lat="43.45351" lon="-3.947671">
        <ele>39.45</ele>
        <time>2026-08-06T17:29:09.781Z</time>
        <extensions>
          <gpxtpx:TrackPointExtension>
            <gpxtpx:Extensions>
              <highway>path</highway>
            </gpxtpx:Extensions>
          </gpxtpx:TrackPointExtension>
        </extensions>
      </trkpt>
      <trkpt lat="43.453421" lon="-3.947628">
        <ele>40.32</ele>
        <time>2026-08-06T17:29:14.917Z</time>
        <extensions>
          <gpxtpx:TrackPointExtension>
            <gpxtpx:Extensions>
              <highway>path</highway>
            </gpxtpx:Extensions>
          </gpxtpx:TrackPointExtension>
        </extensions>
      </trkpt>
      <trkpt lat="43.453207" lon="-3.94747">
        <ele>42.68</ele>
        <time>2026-08-06T17:29:28.139Z</time>
        <extensions>
          <gpxtpx:TrackPointExtension>
            <gpxtpx:Extensions>
              <highway>path</highway>
            </gpxtpx:Extensions>
          </gpxtpx:TrackPointExtension>
        </extensions>
      </trkpt>
      <trkpt lat="43.453093" lon="-3.947427">
        <ele>43.95</ele>
        <time>2026-08-06T17:29:34.575Z</time>
        <extensions>
          <gpxtpx:TrackPointExtension>
            <gpxtpx:Extensions>
              <highway>path</highway>
            </gpxtpx:Extensions>
          </gpxtpx:TrackPointExtension>
        </extensions>
      </trkpt>
      <trkpt lat="43.452939" lon="-3.947392">
        <ele>44.51</ele>
        <time>2026-08-06T17:29:43.075Z</time>
        <extensions>
          <gpxtpx:TrackPointExtension>
            <gpxtpx:Extensions>
              <highway>path</highway>
            </gpxtpx:Extensions>
          </gpxtpx:TrackPointExtension>
        </extensions>
      </trkpt>
      <trkpt lat="43.452805" lon="-3.947372">
        <ele>46.15</ele>
        <time>2026-08-06T17:29:50.415Z</time>
        <extensions>
          <gpxtpx:TrackPointExtension>
            <gpxtpx:Extensions>
              <highway>path</highway>
            </gpxtpx:Extensions>
          </gpxtpx:TrackPointExtension>
        </extensions>
      </trkpt>
      <trkpt lat="43.452651" lon="-3.947325">
        <ele>49.76</ele>
        <time>2026-08-06T17:29:59.005Z</time>
        <extensions>
          <gpxtpx:TrackPointExtension>
            <gpxtpx:Extensions>
              <highway>path</highway>
            </gpxtpx:Extensions>
          </gpxtpx:TrackPointExtension>
        </extensions>
      </trkpt>
      <trkpt lat="43.452519" lon="-3.947293">
        <ele>49.64</ele>
        <time>2026-08-06T17:30:06.304Z</time>
        <extensions>
          <gpxtpx:TrackPointExtension>
            <gpxtpx:Extensions>
              <highway>path</highway>
            </gpxtpx:Extensions>
          </gpxtpx:TrackPointExtension>
        </extensions>
      </trkpt>
      <trkpt lat="43.452348" lon="-3.947285">
        <ele>49.16</ele>
        <time>2026-08-06T17:30:15.621Z</time>
        <extensions>
          <gpxtpx:TrackPointExtension>
            <gpxtpx:Extensions>
              <highway>path</highway>
            </gpxtpx:Extensions>
          </gpxtpx:TrackPointExtension>
        </extensions>
      </trkpt>
      <trkpt lat="43.452208" lon="-3.947262">
        <ele>50.33</ele>
        <time>2026-08-06T17:30:23.299Z</time>
        <extensions>
          <gpxtpx:TrackPointExtension>
            <gpxtpx:Extensions>
              <highway>path</highway>
            </gpxtpx:Extensions>
          </gpxtpx:TrackPointExtension>
        </extensions>
      </trkpt>
      <trkpt lat="43.452091" lon="-3.947226">
        <ele>53.11</ele>
        <time>2026-08-06T17:30:29.827Z</time>
        <extensions>
          <gpxtpx:TrackPointExtension>
            <gpxtpx:Extensions>
              <highway>path</highway>
            </gpxtpx:Extensions>
          </gpxtpx:TrackPointExtension>
        </extensions>
      </trkpt>
      <trkpt lat="43.451917" lon="-3.947136">
        <ele>54.83</ele>
        <time>2026-08-06T17:30:39.948Z</time>
        <extensions>
          <gpxtpx:TrackPointExtension>
            <gpxtpx:Extensions>
              <highway>path</highway>
            </gpxtpx:Extensions>
          </gpxtpx:TrackPointExtension>
        </extensions>
      </trkpt>
      <trkpt lat="43.451737" lon="-3.947073">
        <ele>56.98</ele>
        <time>2026-08-06T17:30:50.062Z</time>
        <extensions>
          <gpxtpx:TrackPointExtension>
            <gpxtpx:Extensions>
              <highway>path</highway>
            </gpxtpx:Extensions>
          </gpxtpx:TrackPointExtension>
        </extensions>
      </trkpt>
      <trkpt lat="43.451632" lon="-3.946975">
        <ele>57.86</ele>
        <time>2026-08-06T17:30:56.969Z</time>
        <extensions>
          <gpxtpx:TrackPointExtension>
            <gpxtpx:Extensions>
              <highway>path</highway>
            </gpxtpx:Extensions>
          </gpxtpx:TrackPointExtension>
        </extensions>
      </trkpt>
      <trkpt lat="43.451483" lon="-3.946896">
        <ele>57.86</ele>
        <time>2026-08-06T17:31:05.663Z</time>
        <extensions>
          <gpxtpx:TrackPointExtension>
            <gpxtpx:Extensions>
              <highway>path</highway>
            </gpxtpx:Extensions>
          </gpxtpx:TrackPointExtension>
        </extensions>
      </trkpt>
      <trkpt lat="43.451169" lon="-3.94688">
        <ele>60.69</ele>
        <time>2026-08-06T17:31:22.774Z</time>
        <extensions>
          <gpxtpx:TrackPointExtension>
            <gpxtpx:Extensions>
              <highway>path</highway>
            </gpxtpx:Extensions>
          </gpxtpx:TrackPointExtension>
        </extensions>
      </trkpt>
      <trkpt lat="43.451097" lon="-3.946911">
        <ele>61.59</ele>
        <time>2026-08-06T17:31:26.922Z</time>
        <extensions>
          <gpxtpx:TrackPointExtension>
            <gpxtpx:Extensions>
              <highway>path</highway>
            </gpxtpx:Extensions>
          </gpxtpx:TrackPointExtension>
        </extensions>
      </trkpt>
      <trkpt lat="43.451097" lon="-3.946911">
        <ele>61.58</ele>
        <time>2026-08-06T17:31:26.922Z</time>
        <extensions>
          <gpxtpx:TrackPointExtension>
            <gpxtpx:Extensions>
              <highway>path</highway>
            </gpxtpx:Extensions>
          </gpxtpx:TrackPointExtension>
        </extensions>
      </trkpt>
      <trkpt lat="43.450855" lon="-3.946987">
        <ele>63.63</ele>
        <time>2026-08-06T17:31:40.571Z</time>
        <extensions>
          <gpxtpx:TrackPointExtension>
            <gpxtpx:Extensions>
              <highway>path</highway>
            </gpxtpx:Extensions>
          </gpxtpx:TrackPointExtension>
        </extensions>
      </trkpt>
      <trkpt lat="43.450658" lon="-3.947049">
        <ele>61.96</ele>
        <time>2026-08-06T17:31:51.683Z</time>
        <extensions>
          <gpxtpx:TrackPointExtension>
            <gpxtpx:Extensions>
              <highway>path</highway>
            </gpxtpx:Extensions>
          </gpxtpx:TrackPointExtension>
        </extensions>
      </trkpt>
      <trkpt lat="43.450527" lon="-3.947152">
        <ele>62.83</ele>
        <time>2026-08-06T17:31:59.977Z</time>
        <extensions>
          <gpxtpx:TrackPointExtension>
            <gpxtpx:Extensions>
              <highway>path</highway>
            </gpxtpx:Extensions>
          </gpxtpx:TrackPointExtension>
        </extensions>
      </trkpt>
      <trkpt lat="43.450421" lon="-3.94723">
        <ele>61.49</ele>
        <time>2026-08-06T17:32:06.585Z</time>
        <extensions>
          <gpxtpx:TrackPointExtension>
            <gpxtpx:Extensions>
              <highway>path</highway>
            </gpxtpx:Extensions>
          </gpxtpx:TrackPointExtension>
        </extensions>
      </trkpt>
      <trkpt lat="43.450344" lon="-3.947364">
        <ele>64.39</ele>
        <time>2026-08-06T17:32:13.407Z</time>
        <extensions>
          <gpxtpx:TrackPointExtension>
            <gpxtpx:Extensions>
              <highway>path</highway>
            </gpxtpx:Extensions>
          </gpxtpx:TrackPointExtension>
        </extensions>
      </trkpt>
      <trkpt lat="43.450256" lon="-3.947458">
        <ele>66.66</ele>
        <time>2026-08-06T17:32:19.530Z</time>
        <extensions>
          <gpxtpx:TrackPointExtension>
            <gpxtpx:Extensions>
              <highway>path</highway>
            </gpxtpx:Extensions>
          </gpxtpx:TrackPointExtension>
        </extensions>
      </trkpt>
      <trkpt lat="43.450173" lon="-3.947494">
        <ele>68.61</ele>
        <time>2026-08-06T17:32:24.315Z</time>
        <extensions>
          <gpxtpx:TrackPointExtension>
            <gpxtpx:Extensions>
              <highway>path</highway>
            </gpxtpx:Extensions>
          </gpxtpx:TrackPointExtension>
        </extensions>
      </trkpt>
      <trkpt lat="43.450093" lon="-3.947455">
        <ele>68.34</ele>
        <time>2026-08-06T17:32:28.981Z</time>
        <extensions>
          <gpxtpx:TrackPointExtension>
            <gpxtpx:Extensions>
              <highway>path</highway>
            </gpxtpx:Extensions>
          </gpxtpx:TrackPointExtension>
        </extensions>
      </trkpt>
      <trkpt lat="43.450021" lon="-3.947466">
        <ele>68.67</ele>
        <time>2026-08-06T17:32:32.964Z</time>
        <extensions>
          <gpxtpx:TrackPointExtension>
            <gpxtpx:Extensions>
              <highway>path</highway>
            </gpxtpx:Extensions>
          </gpxtpx:TrackPointExtension>
        </extensions>
      </trkpt>
      <trkpt lat="43.449824" lon="-3.947608">
        <ele>70.14</ele>
        <time>2026-08-06T17:32:45.190Z</time>
        <extensions>
          <gpxtpx:TrackPointExtension>
            <gpxtpx:Extensions>
              <highway>path</highway>
            </gpxtpx:Extensions>
          </gpxtpx:TrackPointExtension>
        </extensions>
      </trkpt>
      <trkpt lat="43.449713" lon="-3.947671">
        <ele>71.82</ele>
        <time>2026-08-06T17:32:51.791Z</time>
        <extensions>
          <gpxtpx:TrackPointExtension>
            <gpxtpx:Extensions>
              <highway>path</highway>
            </gpxtpx:Extensions>
          </gpxtpx:TrackPointExtension>
        </extensions>
      </trkpt>
      <trkpt lat="43.449585" lon="-3.947706">
        <ele>71.93</ele>
        <time>2026-08-06T17:32:58.967Z</time>
        <extensions>
          <gpxtpx:TrackPointExtension>
            <gpxtpx:Extensions>
              <highway>path</highway>
            </gpxtpx:Extensions>
          </gpxtpx:TrackPointExtension>
        </extensions>
      </trkpt>
      <trkpt lat="43.449465" lon="-3.947785">
        <ele>73.52</ele>
        <time>2026-08-06T17:33:06.280Z</time>
        <extensions>
          <gpxtpx:TrackPointExtension>
            <gpxtpx:Extensions>
              <highway>path</highway>
            </gpxtpx:Extensions>
          </gpxtpx:TrackPointExtension>
        </extensions>
      </trkpt>
      <trkpt lat="43.449385" lon="-3.947816">
        <ele>74.17</ele>
        <time>2026-08-06T17:33:10.850Z</time>
        <extensions>
          <gpxtpx:TrackPointExtension>
            <gpxtpx:Extensions>
              <highway>path</highway>
            </gpxtpx:Extensions>
          </gpxtpx:TrackPointExtension>
        </extensions>
      </trkpt>
      <trkpt lat="43.449333" lon="-3.947891">
        <ele>74.79</ele>
        <time>2026-08-06T17:33:14.990Z</time>
        <extensions>
          <gpxtpx:TrackPointExtension>
            <gpxtpx:Extensions>
              <highway>path</highway>
            </gpxtpx:Extensions>
          </gpxtpx:TrackPointExtension>
        </extensions>
      </trkpt>
      <trkpt lat="43.449313" lon="-3.948037">
        <ele>73.93</ele>
        <time>2026-08-06T17:33:20.921Z</time>
        <extensions>
          <gpxtpx:TrackPointExtension>
            <gpxtpx:Extensions>
              <highway>path</highway>
            </gpxtpx:Extensions>
          </gpxtpx:TrackPointExtension>
        </extensions>
      </trkpt>
      <trkpt lat="43.449282" lon="-3.948143">
        <ele>73.32</ele>
        <time>2026-08-06T17:33:25.483Z</time>
        <extensions>
          <gpxtpx:TrackPointExtension>
            <gpxtpx:Extensions>
              <highway>track</highway>
            </gpxtpx:Extensions>
          </gpxtpx:TrackPointExtension>
        </extensions>
      </trkpt>
      <trkpt lat="43.449206" lon="-3.948186">
        <ele>73.07</ele>
        <time>2026-08-06T17:33:30.001Z</time>
        <extensions>
          <gpxtpx:TrackPointExtension>
            <gpxtpx:Extensions>
              <highway>track</highway>
            </gpxtpx:Extensions>
          </gpxtpx:TrackPointExtension>
        </extensions>
      </trkpt>
      <trkpt lat="43.449141" lon="-3.94826">
        <ele>73.35</ele>
        <time>2026-08-06T17:33:34.638Z</time>
        <extensions>
          <gpxtpx:TrackPointExtension>
            <gpxtpx:Extensions>
              <highway>service</highway>
              <surface>asphalt</surface>
            </gpxtpx:Extensions>
          </gpxtpx:TrackPointExtension>
        </extensions>
      </trkpt>
      <trkpt lat="43.449016" lon="-3.948058">
        <ele>74.31</ele>
        <time>2026-08-06T17:33:45.234Z</time>
        <extensions>
          <gpxtpx:TrackPointExtension>
            <gpxtpx:Extensions>
              <highway>service</highway>
              <surface>asphalt</surface>
            </gpxtpx:Extensions>
          </gpxtpx:TrackPointExtension>
        </extensions>
      </trkpt>
      <trkpt lat="43.448767" lon="-3.947772">
        <ele>76.43</ele>
        <time>2026-08-06T17:34:03.473Z</time>
        <extensions>
          <gpxtpx:TrackPointExtension>
            <gpxtpx:Extensions>
              <highway>service</highway>
              <surface>asphalt</surface>
            </gpxtpx:Extensions>
          </gpxtpx:TrackPointExtension>
        </extensions>
      </trkpt>
      <trkpt lat="43.448767" lon="-3.947772">
        <ele>76.43</ele>
        <time>2026-08-06T17:34:03.473Z</time>
        <extensions>
          <gpxtpx:TrackPointExtension>
            <gpxtpx:Extensions>
              <highway>service</highway>
              <surface>asphalt</surface>
            </gpxtpx:Extensions>
          </gpxtpx:TrackPointExtension>
        </extensions>
      </trkpt>
      <trkpt lat="43.448612" lon="-3.947594">
        <ele>77.75</ele>
        <time>2026-08-06T17:34:14.825Z</time>
        <extensions>
          <gpxtpx:TrackPointExtension>
            <gpxtpx:Extensions>
              <highway>service</highway>
              <surface>asphalt</surface>
            </gpxtpx:Extensions>
          </gpxtpx:TrackPointExtension>
        </extensions>
      </trkpt>
      <trkpt lat="43.448328" lon="-3.946912">
        <ele>82.96</ele>
        <time>2026-08-06T17:34:46.936Z</time>
        <extensions>
          <gpxtpx:TrackPointExtension>
            <gpxtpx:Extensions>
              <highway>path</highway>
            </gpxtpx:Extensions>
          </gpxtpx:TrackPointExtension>
        </extensions>
      </trkpt>
      <trkpt lat="43.448353" lon="-3.946911">
        <ele>82.97</ele>
        <time>2026-08-06T17:34:48.343Z</time>
        <extensions>
          <gpxtpx:TrackPointExtension>
            <gpxtpx:Extensions>
              <highway>path</highway>
            </gpxtpx:Extensions>
          </gpxtpx:TrackPointExtension>
        </extensions>
      </trkpt>
      <trkpt lat="43.448387" lon="-3.946942">
        <ele>82.61</ele>
        <time>2026-08-06T17:34:50.636Z</time>
        <extensions>
          <gpxtpx:TrackPointExtension>
            <gpxtpx:Extensions>
              <highway>path</highway>
            </gpxtpx:Extensions>
          </gpxtpx:TrackPointExtension>
        </extensions>
      </trkpt>
      <trkpt lat="43.448407" lon="-3.946948">
        <ele>82.54</ele>
        <time>2026-08-06T17:34:51.787Z</time>
        <extensions>
          <gpxtpx:TrackPointExtension>
            <gpxtpx:Extensions>
              <highway>path</highway>
            </gpxtpx:Extensions>
          </gpxtpx:TrackPointExtension>
        </extensions>
      </trkpt>
      <trkpt lat="43.448413" lon="-3.946922">
        <ele>82.84</ele>
        <time>2026-08-06T17:34:52.901Z</time>
        <extensions>
          <gpxtpx:TrackPointExtension>
            <gpxtpx:Extensions>
              <highway>path</highway>
            </gpxtpx:Extensions>
          </gpxtpx:TrackPointExtension>
        </extensions>
      </trkpt>
      <trkpt lat="43.448399" lon="-3.946885">
        <ele>83.27</ele>
        <time>2026-08-06T17:34:54.605Z</time>
        <extensions>
          <gpxtpx:TrackPointExtension>
            <gpxtpx:Extensions>
              <highway>path</highway>
            </gpxtpx:Extensions>
          </gpxtpx:TrackPointExtension>
        </extensions>
      </trkpt>
      <trkpt lat="43.448337" lon="-3.9468">
        <ele>84.05</ele>
        <time>2026-08-06T17:34:59.526Z</time>
        <extensions>
          <gpxtpx:TrackPointExtension>
            <gpxtpx:Extensions>
              <highway>path</highway>
            </gpxtpx:Extensions>
          </gpxtpx:TrackPointExtension>
        </extensions>
      </trkpt>
      <trkpt lat="43.448179" lon="-3.94666">
        <ele>85</ele>
        <time>2026-08-06T17:35:10.094Z</time>
        <extensions>
          <gpxtpx:TrackPointExtension>
            <gpxtpx:Extensions>
              <highway>path</highway>
            </gpxtpx:Extensions>
          </gpxtpx:TrackPointExtension>
        </extensions>
      </trkpt>
      <trkpt lat="43.44815" lon="-3.946617">
        <ele>85.78</ele>
        <time>2026-08-06T17:35:12.491Z</time>
        <extensions>
          <gpxtpx:TrackPointExtension>
            <gpxtpx:Extensions>
              <highway>path</highway>
            </gpxtpx:Extensions>
          </gpxtpx:TrackPointExtension>
        </extensions>
      </trkpt>
      <trkpt lat="43.448135" lon="-3.946553">
        <ele>86.49</ele>
        <time>2026-08-06T17:35:15.237Z</time>
        <extensions>
          <gpxtpx:TrackPointExtension>
            <gpxtpx:Extensions>
              <highway>path</highway>
            </gpxtpx:Extensions>
          </gpxtpx:TrackPointExtension>
        </extensions>
      </trkpt>
      <trkpt lat="43.448136" lon="-3.94645">
        <ele>87.07</ele>
        <time>2026-08-06T17:35:19.444Z</time>
        <extensions>
          <gpxtpx:TrackPointExtension>
            <gpxtpx:Extensions>
              <highway>path</highway>
            </gpxtpx:Extensions>
          </gpxtpx:TrackPointExtension>
        </extensions>
      </trkpt>
      <trkpt lat="43.448169" lon="-3.946319">
        <ele>87.05</ele>
        <time>2026-08-06T17:35:25.107Z</time>
        <extensions>
          <gpxtpx:TrackPointExtension>
            <gpxtpx:Extensions>
              <highway>path</highway>
            </gpxtpx:Extensions>
          </gpxtpx:TrackPointExtension>
        </extensions>
      </trkpt>
      <trkpt lat="43.448209" lon="-3.946228">
        <ele>86.74</ele>
        <time>2026-08-06T17:35:29.451Z</time>
        <extensions>
          <gpxtpx:TrackPointExtension>
            <gpxtpx:Extensions>
              <highway>path</highway>
            </gpxtpx:Extensions>
          </gpxtpx:TrackPointExtension>
        </extensions>
      </trkpt>
      <trkpt lat="43.448296" lon="-3.946124">
        <ele>86.22</ele>
        <time>2026-08-06T17:35:35.931Z</time>
        <extensions>
          <gpxtpx:TrackPointExtension>
            <gpxtpx:Extensions>
              <highway>path</highway>
            </gpxtpx:Extensions>
          </gpxtpx:TrackPointExtension>
        </extensions>
      </trkpt>
      <trkpt lat="43.44835" lon="-3.946105">
        <ele>86.44</ele>
        <time>2026-08-06T17:35:39.066Z</time>
        <extensions>
          <gpxtpx:TrackPointExtension>
            <gpxtpx:Extensions>
              <highway>path</highway>
            </gpxtpx:Extensions>
          </gpxtpx:TrackPointExtension>
        </extensions>
      </trkpt>
      <trkpt lat="43.448429" lon="-3.946094">
        <ele>86.43</ele>
        <time>2026-08-06T17:35:43.532Z</time>
        <extensions>
          <gpxtpx:TrackPointExtension>
            <gpxtpx:Extensions>
              <highway>path</highway>
            </gpxtpx:Extensions>
          </gpxtpx:TrackPointExtension>
        </extensions>
      </trkpt>
      <trkpt lat="43.448672" lon="-3.946113">
        <ele>84.51</ele>
        <time>2026-08-06T17:35:57.224Z</time>
        <extensions>
          <gpxtpx:TrackPointExtension>
            <gpxtpx:Extensions>
              <highway>path</highway>
            </gpxtpx:Extensions>
          </gpxtpx:TrackPointExtension>
        </extensions>
      </trkpt>
      <trkpt lat="43.448822" lon="-3.946081">
        <ele>83.75</ele>
        <time>2026-08-06T17:36:05.763Z</time>
        <extensions>
          <gpxtpx:TrackPointExtension>
            <gpxtpx:Extensions>
              <highway>path</highway>
            </gpxtpx:Extensions>
          </gpxtpx:TrackPointExtension>
        </extensions>
      </trkpt>
      <trkpt lat="43.449151" lon="-3.945965">
        <ele>81.34</ele>
        <time>2026-08-06T17:36:24.868Z</time>
        <extensions>
          <gpxtpx:TrackPointExtension>
            <gpxtpx:Extensions>
              <highway>path</highway>
            </gpxtpx:Extensions>
          </gpxtpx:TrackPointExtension>
        </extensions>
      </trkpt>
      <trkpt lat="43.449406" lon="-3.945846">
        <ele>79.23</ele>
        <time>2026-08-06T17:36:40.014Z</time>
        <extensions>
          <gpxtpx:TrackPointExtension>
            <gpxtpx:Extensions>
              <highway>path</highway>
            </gpxtpx:Extensions>
          </gpxtpx:TrackPointExtension>
        </extensions>
      </trkpt>
      <trkpt lat="43.449465" lon="-3.945799">
        <ele>78.68</ele>
        <time>2026-08-06T17:36:43.848Z</time>
        <extensions>
          <gpxtpx:TrackPointExtension>
            <gpxtpx:Extensions>
              <highway>path</highway>
            </gpxtpx:Extensions>
          </gpxtpx:TrackPointExtension>
        </extensions>
      </trkpt>
      <trkpt lat="43.449581" lon="-3.945669">
        <ele>78.33</ele>
        <time>2026-08-06T17:36:52.260Z</time>
        <extensions>
          <gpxtpx:TrackPointExtension>
            <gpxtpx:Extensions>
              <highway>path</highway>
            </gpxtpx:Extensions>
          </gpxtpx:TrackPointExtension>
        </extensions>
      </trkpt>
      <trkpt lat="43.449779" lon="-3.945398">
        <ele>77.78</ele>
        <time>2026-08-06T17:37:07.962Z</time>
        <extensions>
          <gpxtpx:TrackPointExtension>
            <gpxtpx:Extensions>
              <highway>path</highway>
            </gpxtpx:Extensions>
          </gpxtpx:TrackPointExtension>
        </extensions>
      </trkpt>
      <trkpt lat="43.449888" lon="-3.945209">
        <ele>77.86</ele>
        <time>2026-08-06T17:37:17.820Z</time>
        <extensions>
          <gpxtpx:TrackPointExtension>
            <gpxtpx:Extensions>
              <highway>path</highway>
            </gpxtpx:Extensions>
          </gpxtpx:TrackPointExtension>
        </extensions>
      </trkpt>
      <trkpt lat="43.449922" lon="-3.945192">
        <ele>77.45</ele>
        <time>2026-08-06T17:37:19.854Z</time>
        <extensions>
          <gpxtpx:TrackPointExtension>
            <gpxtpx:Extensions>
              <highway>path</highway>
            </gpxtpx:Extensions>
          </gpxtpx:TrackPointExtension>
        </extensions>
      </trkpt>
      <trkpt lat="43.450002" lon="-3.945214">
        <ele>77.69</ele>
        <time>2026-08-06T17:37:24.443Z</time>
        <extensions>
          <gpxtpx:TrackPointExtension>
            <gpxtpx:Extensions>
              <highway>path</highway>
            </gpxtpx:Extensions>
          </gpxtpx:TrackPointExtension>
        </extensions>
      </trkpt>
      <trkpt lat="43.450259" lon="-3.945361">
        <ele>77.48</ele>
        <time>2026-08-06T17:37:40.098Z</time>
        <extensions>
          <gpxtpx:TrackPointExtension>
            <gpxtpx:Extensions>
              <highway>path</highway>
            </gpxtpx:Extensions>
          </gpxtpx:TrackPointExtension>
        </extensions>
      </trkpt>
      <trkpt lat="43.450346" lon="-3.945431">
        <ele>76.26</ele>
        <time>2026-08-06T17:37:45.766Z</time>
        <extensions>
          <gpxtpx:TrackPointExtension>
            <gpxtpx:Extensions>
              <highway>path</highway>
            </gpxtpx:Extensions>
          </gpxtpx:TrackPointExtension>
        </extensions>
      </trkpt>
      <trkpt lat="43.450468" lon="-3.945484">
        <ele>75.34</ele>
        <time>2026-08-06T17:37:52.962Z</time>
        <extensions>
          <gpxtpx:TrackPointExtension>
            <gpxtpx:Extensions>
              <highway>path</highway>
            </gpxtpx:Extensions>
          </gpxtpx:TrackPointExtension>
        </extensions>
      </trkpt>
      <trkpt lat="43.45059" lon="-3.945511">
        <ele>75.22</ele>
        <time>2026-08-06T17:37:59.913Z</time>
        <extensions>
          <gpxtpx:TrackPointExtension>
            <gpxtpx:Extensions>
              <highway>path</highway>
            </gpxtpx:Extensions>
          </gpxtpx:TrackPointExtension>
        </extensions>
      </trkpt>
      <trkpt lat="43.450754" lon="-3.945528">
        <ele>75.23</ele>
        <time>2026-08-06T17:38:09.165Z</time>
        <extensions>
          <gpxtpx:TrackPointExtension>
            <gpxtpx:Extensions>
              <highway>path</highway>
            </gpxtpx:Extensions>
          </gpxtpx:TrackPointExtension>
        </extensions>
      </trkpt>
      <trkpt lat="43.450882" lon="-3.945557">
        <ele>74.02</ele>
        <time>2026-08-06T17:38:16.462Z</time>
        <extensions>
          <gpxtpx:TrackPointExtension>
            <gpxtpx:Extensions>
              <highway>path</highway>
            </gpxtpx:Extensions>
          </gpxtpx:TrackPointExtension>
        </extensions>
      </trkpt>
      <trkpt lat="43.451184" lon="-3.945544">
        <ele>71.76</ele>
        <time>2026-08-06T17:38:33.459Z</time>
        <extensions>
          <gpxtpx:TrackPointExtension>
            <gpxtpx:Extensions>
              <highway>path</highway>
            </gpxtpx:Extensions>
          </gpxtpx:TrackPointExtension>
        </extensions>
      </trkpt>
      <trkpt lat="43.451357" lon="-3.945562">
        <ele>70.65</ele>
        <time>2026-08-06T17:38:43.219Z</time>
        <extensions>
          <gpxtpx:TrackPointExtension>
            <gpxtpx:Extensions>
              <highway>path</highway>
            </gpxtpx:Extensions>
          </gpxtpx:TrackPointExtension>
        </extensions>
      </trkpt>
      <trkpt lat="43.451413" lon="-3.945588">
        <ele>70.36</ele>
        <time>2026-08-06T17:38:46.543Z</time>
        <extensions>
          <gpxtpx:TrackPointExtension>
            <gpxtpx:Extensions>
              <highway>path</highway>
            </gpxtpx:Extensions>
          </gpxtpx:TrackPointExtension>
        </extensions>
      </trkpt>
      <trkpt lat="43.45148" lon="-3.945638">
        <ele>69.83</ele>
        <time>2026-08-06T17:38:50.829Z</time>
        <extensions>
          <gpxtpx:TrackPointExtension>
            <gpxtpx:Extensions>
              <highway>path</highway>
            </gpxtpx:Extensions>
          </gpxtpx:TrackPointExtension>
        </extensions>
      </trkpt>
      <trkpt lat="43.45164" lon="-3.945674">
        <ele>68.92</ele>
        <time>2026-08-06T17:38:59.949Z</time>
        <extensions>
          <gpxtpx:TrackPointExtension>
            <gpxtpx:Extensions>
              <highway>path</highway>
            </gpxtpx:Extensions>
          </gpxtpx:TrackPointExtension>
        </extensions>
      </trkpt>
      <trkpt lat="43.451764" lon="-3.945686">
        <ele>67.56</ele>
        <time>2026-08-06T17:39:06.942Z</time>
        <extensions>
          <gpxtpx:TrackPointExtension>
            <gpxtpx:Extensions>
              <highway>path</highway>
            </gpxtpx:Extensions>
          </gpxtpx:TrackPointExtension>
        </extensions>
      </trkpt>
      <trkpt lat="43.451885" lon="-3.945675">
        <ele>65.89</ele>
        <time>2026-08-06T17:39:13.763Z</time>
        <extensions>
          <gpxtpx:TrackPointExtension>
            <gpxtpx:Extensions>
              <highway>path</highway>
            </gpxtpx:Extensions>
          </gpxtpx:TrackPointExtension>
        </extensions>
      </trkpt>
      <trkpt lat="43.452035" lon="-3.945678">
        <ele>64.39</ele>
        <time>2026-08-06T17:39:22.202Z</time>
        <extensions>
          <gpxtpx:TrackPointExtension>
            <gpxtpx:Extensions>
              <highway>path</highway>
            </gpxtpx:Extensions>
          </gpxtpx:TrackPointExtension>
        </extensions>
      </trkpt>
      <trkpt lat="43.452096" lon="-3.94566">
        <ele>64.11</ele>
        <time>2026-08-06T17:39:25.711Z</time>
        <extensions>
          <gpxtpx:TrackPointExtension>
            <gpxtpx:Extensions>
              <highway>path</highway>
            </gpxtpx:Extensions>
          </gpxtpx:TrackPointExtension>
        </extensions>
      </trkpt>
      <trkpt lat="43.452152" lon="-3.945627">
        <ele>64.03</ele>
        <time>2026-08-06T17:39:29.137Z</time>
        <extensions>
          <gpxtpx:TrackPointExtension>
            <gpxtpx:Extensions>
              <highway>path</highway>
            </gpxtpx:Extensions>
          </gpxtpx:TrackPointExtension>
        </extensions>
      </trkpt>
      <trkpt lat="43.452343" lon="-3.945465">
        <ele>61.7</ele>
        <time>2026-08-06T17:39:41.755Z</time>
        <extensions>
          <gpxtpx:TrackPointExtension>
            <gpxtpx:Extensions>
              <highway>path</highway>
            </gpxtpx:Extensions>
          </gpxtpx:TrackPointExtension>
        </extensions>
      </trkpt>
      <trkpt lat="43.452427" lon="-3.945404">
        <ele>60.49</ele>
        <time>2026-08-06T17:39:47.097Z</time>
        <extensions>
          <gpxtpx:TrackPointExtension>
            <gpxtpx:Extensions>
              <highway>path</highway>
            </gpxtpx:Extensions>
          </gpxtpx:TrackPointExtension>
        </extensions>
      </trkpt>
      <trkpt lat="43.452539" lon="-3.945334">
        <ele>61.3</ele>
        <time>2026-08-06T17:39:54.016Z</time>
        <extensions>
          <gpxtpx:TrackPointExtension>
            <gpxtpx:Extensions>
              <highway>path</highway>
            </gpxtpx:Extensions>
          </gpxtpx:TrackPointExtension>
        </extensions>
      </trkpt>
      <trkpt lat="43.452598" lon="-3.945276">
        <ele>61.98</ele>
        <time>2026-08-06T17:39:58.093Z</time>
        <extensions>
          <gpxtpx:TrackPointExtension>
            <gpxtpx:Extensions>
              <highway>path</highway>
            </gpxtpx:Extensions>
          </gpxtpx:TrackPointExtension>
        </extensions>
      </trkpt>
      <trkpt lat="43.452627" lon="-3.94523">
        <ele>62.6</ele>
        <time>2026-08-06T17:40:00.581Z</time>
        <extensions>
          <gpxtpx:TrackPointExtension>
            <gpxtpx:Extensions>
              <highway>path</highway>
            </gpxtpx:Extensions>
          </gpxtpx:TrackPointExtension>
        </extensions>
      </trkpt>
      <trkpt lat="43.45264" lon="-3.945181">
        <ele>63.21</ele>
        <time>2026-08-06T17:40:02.711Z</time>
        <extensions>
          <gpxtpx:TrackPointExtension>
            <gpxtpx:Extensions>
              <highway>path</highway>
            </gpxtpx:Extensions>
          </gpxtpx:TrackPointExtension>
        </extensions>
      </trkpt>
      <trkpt lat="43.452647" lon="-3.945098">
        <ele>64.2</ele>
        <time>2026-08-06T17:40:06.123Z</time>
        <extensions>
          <gpxtpx:TrackPointExtension>
            <gpxtpx:Extensions>
              <highway>unclassified</highway>
            </gpxtpx:Extensions>
          </gpxtpx:TrackPointExtension>
        </extensions>
      </trkpt>
      <trkpt lat="43.452646" lon="-3.944937">
        <ele>65.15</ele>
        <time>2026-08-06T17:40:12.698Z</time>
        <extensions>
          <gpxtpx:TrackPointExtension>
            <gpxtpx:Extensions>
              <highway>unclassified</highway>
            </gpxtpx:Extensions>
          </gpxtpx:TrackPointExtension>
        </extensions>
      </trkpt>
      <trkpt lat="43.45267" lon="-3.944827">
        <ele>65.59</ele>
        <time>2026-08-06T17:40:17.388Z</time>
        <extensions>
          <gpxtpx:TrackPointExtension>
            <gpxtpx:Extensions>
              <highway>unclassified</highway>
            </gpxtpx:Extensions>
          </gpxtpx:TrackPointExtension>
        </extensions>
      </trkpt>
      <trkpt lat="43.452698" lon="-3.944741">
        <ele>65.97</ele>
        <time>2026-08-06T17:40:21.237Z</time>
        <extensions>
          <gpxtpx:TrackPointExtension>
            <gpxtpx:Extensions>
              <highway>unclassified</highway>
            </gpxtpx:Extensions>
          </gpxtpx:TrackPointExtension>
        </extensions>
      </trkpt>
      <trkpt lat="43.453004" lon="-3.944456">
        <ele>66.83</ele>
        <time>2026-08-06T17:40:42.017Z</time>
        <extensions>
          <gpxtpx:TrackPointExtension>
            <gpxtpx:Extensions>
              <highway>unclassified</highway>
            </gpxtpx:Extensions>
          </gpxtpx:TrackPointExtension>
        </extensions>
      </trkpt>
      <trkpt lat="43.453142" lon="-3.944313">
        <ele>68.18</ele>
        <time>2026-08-06T17:40:51.731Z</time>
        <extensions>
          <gpxtpx:TrackPointExtension>
            <gpxtpx:Extensions>
              <highway>unclassified</highway>
            </gpxtpx:Extensions>
          </gpxtpx:TrackPointExtension>
        </extensions>
      </trkpt>
      <trkpt lat="43.453281" lon="-3.944139">
        <ele>69.24</ele>
        <time>2026-08-06T17:41:02.297Z</time>
        <extensions>
          <gpxtpx:TrackPointExtension>
            <gpxtpx:Extensions>
              <highway>unclassified</highway>
            </gpxtpx:Extensions>
          </gpxtpx:TrackPointExtension>
        </extensions>
      </trkpt>
      <trkpt lat="43.453418" lon="-3.943951">
        <ele>69.39</ele>
        <time>2026-08-06T17:41:13.175Z</time>
        <extensions>
          <gpxtpx:TrackPointExtension>
            <gpxtpx:Extensions>
              <highway>unclassified</highway>
            </gpxtpx:Extensions>
          </gpxtpx:TrackPointExtension>
        </extensions>
      </trkpt>
      <trkpt lat="43.453523" lon="-3.943772">
        <ele>69.67</ele>
        <time>2026-08-06T17:41:22.573Z</time>
        <extensions>
          <gpxtpx:TrackPointExtension>
            <gpxtpx:Extensions>
              <highway>unclassified</highway>
            </gpxtpx:Extensions>
          </gpxtpx:TrackPointExtension>
        </extensions>
      </trkpt>
      <trkpt lat="43.453689" lon="-3.943369">
        <ele>69.9</ele>
        <time>2026-08-06T17:41:41.495Z</time>
        <extensions>
          <gpxtpx:TrackPointExtension>
            <gpxtpx:Extensions>
              <highway>unclassified</highway>
            </gpxtpx:Extensions>
          </gpxtpx:TrackPointExtension>
        </extensions>
      </trkpt>
      <trkpt lat="43.453816" lon="-3.94292">
        <ele>70.66</ele>
        <time>2026-08-06T17:42:01.174Z</time>
        <extensions>
          <gpxtpx:TrackPointExtension>
            <gpxtpx:Extensions>
              <highway>unclassified</highway>
            </gpxtpx:Extensions>
          </gpxtpx:TrackPointExtension>
        </extensions>
      </trkpt>
      <trkpt lat="43.453816" lon="-3.94292">
        <ele>70.66</ele>
        <time>2026-08-06T17:42:01.174Z</time>
        <extensions>
          <gpxtpx:TrackPointExtension>
            <gpxtpx:Extensions>
              <highway>unclassified</highway>
            </gpxtpx:Extensions>
          </gpxtpx:TrackPointExtension>
        </extensions>
      </trkpt>
      <trkpt lat="43.453849" lon="-3.942701">
        <ele>71.08</ele>
        <time>2026-08-06T17:45:38.894Z</time>
        <extensions>
          <gpxtpx:TrackPointExtension>
            <gpxtpx:Extensions>
              <highway>unclassified</highway>
            </gpxtpx:Extensions>
          </gpxtpx:TrackPointExtension>
        </extensions>
      </trkpt>
      <trkpt lat="43.453873" lon="-3.942304">
        <ele>72.81</ele>
        <time>2026-08-06T17:45:54.491Z</time>
        <extensions>
          <gpxtpx:TrackPointExtension>
            <gpxtpx:Extensions>
              <highway>unclassified</highway>
            </gpxtpx:Extensions>
          </gpxtpx:TrackPointExtension>
        </extensions>
      </trkpt>
      <trkpt lat="43.453958" lon="-3.941869">
        <ele>74.41</ele>
        <time>2026-08-06T17:46:12.128Z</time>
        <extensions>
          <gpxtpx:TrackPointExtension>
            <gpxtpx:Extensions>
              <highway>unclassified</highway>
            </gpxtpx:Extensions>
          </gpxtpx:TrackPointExtension>
        </extensions>
      </trkpt>
      <trkpt lat="43.453988" lon="-3.941669">
        <ele>74.86</ele>
        <time>2026-08-06T17:46:20.123Z</time>
        <extensions>
          <gpxtpx:TrackPointExtension>
            <gpxtpx:Extensions>
              <highway>unclassified</highway>
            </gpxtpx:Extensions>
          </gpxtpx:TrackPointExtension>
        </extensions>
      </trkpt>
      <trkpt lat="43.453977" lon="-3.941562">
        <ele>75.37</ele>
        <time>2026-08-06T17:46:24.354Z</time>
        <extensions>
          <gpxtpx:TrackPointExtension>
            <gpxtpx:Extensions>
              <highway>unclassified</highway>
            </gpxtpx:Extensions>
          </gpxtpx:TrackPointExtension>
        </extensions>
      </trkpt>
      <trkpt lat="43.453856" lon="-3.94106">
        <ele>77.99</ele>
        <time>2026-08-06T17:46:45.063Z</time>
        <extensions>
          <gpxtpx:TrackPointExtension>
            <gpxtpx:Extensions>
              <highway>unclassified</highway>
            </gpxtpx:Extensions>
          </gpxtpx:TrackPointExtension>
        </extensions>
      </trkpt>
      <trkpt lat="43.453717" lon="-3.940578">
        <ele>79.5</ele>
        <time>2026-08-06T17:47:05.368Z</time>
        <extensions>
          <gpxtpx:TrackPointExtension>
            <gpxtpx:Extensions>
              <highway>unclassified</highway>
            </gpxtpx:Extensions>
          </gpxtpx:TrackPointExtension>
        </extensions>
      </trkpt>
      <trkpt lat="43.453667" lon="-3.940469">
        <ele>79.15</ele>
        <time>2026-08-06T17:47:10.416Z</time>
        <extensions>
          <gpxtpx:TrackPointExtension>
            <gpxtpx:Extensions>
              <highway>unclassified</highway>
            </gpxtpx:Extensions>
          </gpxtpx:TrackPointExtension>
        </extensions>
      </trkpt>
      <trkpt lat="43.453508" lon="-3.940287">
        <ele>81.41</ele>
        <time>2026-08-06T17:47:21.565Z</time>
        <extensions>
          <gpxtpx:TrackPointExtension>
            <gpxtpx:Extensions>
              <highway>unclassified</highway>
            </gpxtpx:Extensions>
          </gpxtpx:TrackPointExtension>
        </extensions>
      </trkpt>
      <trkpt lat="43.453504" lon="-3.940252">
        <ele>81.62</ele>
        <time>2026-08-06T17:47:22.952Z</time>
        <extensions>
          <gpxtpx:TrackPointExtension>
            <gpxtpx:Extensions>
              <highway>unclassified</highway>
            </gpxtpx:Extensions>
          </gpxtpx:TrackPointExtension>
        </extensions>
      </trkpt>
      <trkpt lat="43.453513" lon="-3.940178">
        <ele>81.21</ele>
        <time>2026-08-06T17:47:25.889Z</time>
        <extensions>
          <gpxtpx:TrackPointExtension>
            <gpxtpx:Extensions>
              <highway>unclassified</highway>
            </gpxtpx:Extensions>
          </gpxtpx:TrackPointExtension>
        </extensions>
      </trkpt>
      <trkpt lat="43.453567" lon="-3.940023">
        <ele>81.51</ele>
        <time>2026-08-06T17:47:32.620Z</time>
        <extensions>
          <gpxtpx:TrackPointExtension>
            <gpxtpx:Extensions>
              <highway>unclassified</highway>
            </gpxtpx:Extensions>
          </gpxtpx:TrackPointExtension>
        </extensions>
      </trkpt>
      <trkpt lat="43.453649" lon="-3.939863">
        <ele>83.9</ele>
        <time>2026-08-06T17:47:40.288Z</time>
        <extensions>
          <gpxtpx:TrackPointExtension>
            <gpxtpx:Extensions>
              <highway>unclassified</highway>
            </gpxtpx:Extensions>
          </gpxtpx:TrackPointExtension>
        </extensions>
      </trkpt>
      <trkpt lat="43.453702" lon="-3.9398">
        <ele>84.17</ele>
        <time>2026-08-06T17:47:44.063Z</time>
        <extensions>
          <gpxtpx:TrackPointExtension>
            <gpxtpx:Extensions>
              <highway>unclassified</highway>
            </gpxtpx:Extensions>
          </gpxtpx:TrackPointExtension>
        </extensions>
      </trkpt>
      <trkpt lat="43.45388" lon="-3.939638">
        <ele>85.07</ele>
        <time>2026-08-06T17:47:55.569Z</time>
        <extensions>
          <gpxtpx:TrackPointExtension>
            <gpxtpx:Extensions>
              <highway>unclassified</highway>
            </gpxtpx:Extensions>
          </gpxtpx:TrackPointExtension>
        </extensions>
      </trkpt>
      <trkpt lat="43.453943" lon="-3.939555">
        <ele>85.04</ele>
        <time>2026-08-06T17:48:00.270Z</time>
        <extensions>
          <gpxtpx:TrackPointExtension>
            <gpxtpx:Extensions>
              <highway>unclassified</highway>
            </gpxtpx:Extensions>
          </gpxtpx:TrackPointExtension>
        </extensions>
      </trkpt>
      <trkpt lat="43.454072" lon="-3.939294">
        <ele>84.9</ele>
        <time>2026-08-06T17:48:12.632Z</time>
        <extensions>
          <gpxtpx:TrackPointExtension>
            <gpxtpx:Extensions>
              <highway>unclassified</highway>
            </gpxtpx:Extensions>
          </gpxtpx:TrackPointExtension>
        </extensions>
      </trkpt>
      <trkpt lat="43.454145" lon="-3.939105">
        <ele>84.41</ele>
        <time>2026-08-06T17:48:21.013Z</time>
        <extensions>
          <gpxtpx:TrackPointExtension>
            <gpxtpx:Extensions>
              <highway>unclassified</highway>
            </gpxtpx:Extensions>
          </gpxtpx:TrackPointExtension>
        </extensions>
      </trkpt>
      <trkpt lat="43.454199" lon="-3.938893">
        <ele>84.58</ele>
        <time>2026-08-06T17:48:29.809Z</time>
        <extensions>
          <gpxtpx:TrackPointExtension>
            <gpxtpx:Extensions>
              <highway>unclassified</highway>
            </gpxtpx:Extensions>
          </gpxtpx:TrackPointExtension>
        </extensions>
      </trkpt>
      <trkpt lat="43.454256" lon="-3.938594">
        <ele>84.72</ele>
        <time>2026-08-06T17:48:41.912Z</time>
        <extensions>
          <gpxtpx:TrackPointExtension>
            <gpxtpx:Extensions>
              <highway>unclassified</highway>
            </gpxtpx:Extensions>
          </gpxtpx:TrackPointExtension>
        </extensions>
      </trkpt>
      <trkpt lat="43.45429" lon="-3.938363">
        <ele>85.03</ele>
        <time>2026-08-06T17:48:51.140Z</time>
        <extensions>
          <gpxtpx:TrackPointExtension>
            <gpxtpx:Extensions>
              <highway>unclassified</highway>
            </gpxtpx:Extensions>
          </gpxtpx:TrackPointExtension>
        </extensions>
      </trkpt>
      <trkpt lat="43.454303" lon="-3.9381">
        <ele>85.57</ele>
        <time>2026-08-06T17:49:01.460Z</time>
        <extensions>
          <gpxtpx:TrackPointExtension>
            <gpxtpx:Extensions>
              <highway>unclassified</highway>
            </gpxtpx:Extensions>
          </gpxtpx:TrackPointExtension>
        </extensions>
      </trkpt>
      <trkpt lat="43.454304" lon="-3.937857">
        <ele>87.94</ele>
        <time>2026-08-06T17:49:10.974Z</time>
        <extensions>
          <gpxtpx:TrackPointExtension>
            <gpxtpx:Extensions>
              <highway>unclassified</highway>
            </gpxtpx:Extensions>
          </gpxtpx:TrackPointExtension>
        </extensions>
      </trkpt>
      <trkpt lat="43.454315" lon="-3.937706">
        <ele>88.63</ele>
        <time>2026-08-06T17:49:16.915Z</time>
        <extensions>
          <gpxtpx:TrackPointExtension>
            <gpxtpx:Extensions>
              <highway>unclassified</highway>
            </gpxtpx:Extensions>
          </gpxtpx:TrackPointExtension>
        </extensions>
      </trkpt>
      <trkpt lat="43.454323" lon="-3.937339">
        <ele>88.48</ele>
        <time>2026-08-06T17:49:31.290Z</time>
        <extensions>
          <gpxtpx:TrackPointExtension>
            <gpxtpx:Extensions>
              <highway>unclassified</highway>
            </gpxtpx:Extensions>
          </gpxtpx:TrackPointExtension>
        </extensions>
      </trkpt>
      <trkpt lat="43.45431" lon="-3.937194">
        <ele>88.59</ele>
        <time>2026-08-06T17:49:37.010Z</time>
        <extensions>
          <gpxtpx:TrackPointExtension>
            <gpxtpx:Extensions>
              <highway>unclassified</highway>
            </gpxtpx:Extensions>
          </gpxtpx:TrackPointExtension>
        </extensions>
      </trkpt>
      <trkpt lat="43.454313" lon="-3.936931">
        <ele>89.17</ele>
        <time>2026-08-06T17:49:47.308Z</time>
        <extensions>
          <gpxtpx:TrackPointExtension>
            <gpxtpx:Extensions>
              <highway>secondary</highway>
              <surface>asphalt</surface>
            </gpxtpx:Extensions>
          </gpxtpx:TrackPointExtension>
        </extensions>
      </trkpt>
      <trkpt lat="43.454172" lon="-3.937427">
        <ele>89.96</ele>
        <time>2026-08-06T17:50:08.163Z</time>
        <extensions>
          <gpxtpx:TrackPointExtension>
            <gpxtpx:Extensions>
              <highway>secondary</highway>
              <surface>asphalt</surface>
            </gpxtpx:Extensions>
          </gpxtpx:TrackPointExtension>
        </extensions>
      </trkpt>
      <trkpt lat="43.453769" lon="-3.93905">
        <ele>90.23</ele>
        <time>2026-08-06T17:51:15.321Z</time>
        <extensions>
          <gpxtpx:TrackPointExtension>
            <gpxtpx:Extensions>
              <highway>secondary</highway>
              <surface>asphalt</surface>
            </gpxtpx:Extensions>
          </gpxtpx:TrackPointExtension>
        </extensions>
      </trkpt>
      <trkpt lat="43.453594" lon="-3.939589">
        <ele>89.61</ele>
        <time>2026-08-06T17:51:38.438Z</time>
        <extensions>
          <gpxtpx:TrackPointExtension>
            <gpxtpx:Extensions>
              <highway>footway</highway>
            </gpxtpx:Extensions>
          </gpxtpx:TrackPointExtension>
        </extensions>
      </trkpt>
      <trkpt lat="43.453542" lon="-3.939587">
        <ele>90</ele>
        <time>2026-08-06T17:51:41.243Z</time>
        <extensions>
          <gpxtpx:TrackPointExtension>
            <gpxtpx:Extensions>
              <highway>footway</highway>
            </gpxtpx:Extensions>
          </gpxtpx:TrackPointExtension>
        </extensions>
      </trkpt>
      <trkpt lat="43.453508" lon="-3.9396">
        <ele>89.99</ele>
        <time>2026-08-06T17:51:43.146Z</time>
        <extensions>
          <gpxtpx:TrackPointExtension>
            <gpxtpx:Extensions>
              <highway>footway</highway>
            </gpxtpx:Extensions>
          </gpxtpx:TrackPointExtension>
        </extensions>
      </trkpt>
      <trkpt lat="43.453455" lon="-3.939646">
        <ele>89.92</ele>
        <time>2026-08-06T17:51:46.524Z</time>
        <extensions>
          <gpxtpx:TrackPointExtension>
            <gpxtpx:Extensions>
              <highway>footway</highway>
            </gpxtpx:Extensions>
          </gpxtpx:TrackPointExtension>
        </extensions>
      </trkpt>
      <trkpt lat="43.453419" lon="-3.939695">
        <ele>90</ele>
        <time>2026-08-06T17:51:49.253Z</time>
        <extensions>
          <gpxtpx:TrackPointExtension>
            <gpxtpx:Extensions>
              <highway>footway</highway>
            </gpxtpx:Extensions>
          </gpxtpx:TrackPointExtension>
        </extensions>
      </trkpt>
      <trkpt lat="43.453361" lon="-3.939811">
        <ele>90</ele>
        <time>2026-08-06T17:51:54.767Z</time>
        <extensions>
          <gpxtpx:TrackPointExtension>
            <gpxtpx:Extensions>
              <highway>footway</highway>
            </gpxtpx:Extensions>
          </gpxtpx:TrackPointExtension>
        </extensions>
      </trkpt>
      <trkpt lat="43.453255" lon="-3.940094">
        <ele>90</ele>
        <time>2026-08-06T17:52:07.235Z</time>
        <extensions>
          <gpxtpx:TrackPointExtension>
            <gpxtpx:Extensions>
              <highway>footway</highway>
            </gpxtpx:Extensions>
          </gpxtpx:TrackPointExtension>
        </extensions>
      </trkpt>
      <trkpt lat="43.453144" lon="-3.940279">
        <ele>90.19</ele>
        <time>2026-08-06T17:52:16.632Z</time>
        <extensions>
          <gpxtpx:TrackPointExtension>
            <gpxtpx:Extensions>
              <highway>footway</highway>
            </gpxtpx:Extensions>
          </gpxtpx:TrackPointExtension>
        </extensions>
      </trkpt>
      <trkpt lat="43.453048" lon="-3.940554">
        <ele>90.43</ele>
        <time>2026-08-06T17:52:28.579Z</time>
        <extensions>
          <gpxtpx:TrackPointExtension>
            <gpxtpx:Extensions>
              <highway>footway</highway>
            </gpxtpx:Extensions>
          </gpxtpx:TrackPointExtension>
        </extensions>
      </trkpt>
      <trkpt lat="43.453031" lon="-3.94063">
        <ele>90.21</ele>
        <time>2026-08-06T17:52:31.692Z</time>
        <extensions>
          <gpxtpx:TrackPointExtension>
            <gpxtpx:Extensions>
              <highway>footway</highway>
            </gpxtpx:Extensions>
          </gpxtpx:TrackPointExtension>
        </extensions>
      </trkpt>
      <trkpt lat="43.453012" lon="-3.94078">
        <ele>90.29</ele>
        <time>2026-08-06T17:52:37.653Z</time>
        <extensions>
          <gpxtpx:TrackPointExtension>
            <gpxtpx:Extensions>
              <highway>unclassified</highway>
            </gpxtpx:Extensions>
          </gpxtpx:TrackPointExtension>
        </extensions>
      </trkpt>
      <trkpt lat="43.452983" lon="-3.940775">
        <ele>90.56</ele>
        <time>2026-08-06T17:52:39.229Z</time>
        <extensions>
          <gpxtpx:TrackPointExtension>
            <gpxtpx:Extensions>
              <highway>unclassified</highway>
            </gpxtpx:Extensions>
          </gpxtpx:TrackPointExtension>
        </extensions>
      </trkpt>
      <trkpt lat="43.45297" lon="-3.940787">
        <ele>90.64</ele>
        <time>2026-08-06T17:52:40.073Z</time>
        <extensions>
          <gpxtpx:TrackPointExtension>
            <gpxtpx:Extensions>
              <highway>unclassified</highway>
            </gpxtpx:Extensions>
          </gpxtpx:TrackPointExtension>
        </extensions>
      </trkpt>
      <trkpt lat="43.452929" lon="-3.940881">
        <ele>90.92</ele>
        <time>2026-08-06T17:52:44.366Z</time>
        <extensions>
          <gpxtpx:TrackPointExtension>
            <gpxtpx:Extensions>
              <highway>unclassified</highway>
            </gpxtpx:Extensions>
          </gpxtpx:TrackPointExtension>
        </extensions>
      </trkpt>
      <trkpt lat="43.452899" lon="-3.940923">
        <ele>95.55</ele>
        <time>2026-08-06T17:52:46.672Z</time>
        <extensions>
          <gpxtpx:TrackPointExtension>
            <gpxtpx:Extensions>
              <highway>unclassified</highway>
            </gpxtpx:Extensions>
          </gpxtpx:TrackPointExtension>
        </extensions>
      </trkpt>
      <trkpt lat="43.452488" lon="-3.941445">
        <ele>102.03</ele>
        <time>2026-08-06T17:53:16.822Z</time>
        <extensions>
          <gpxtpx:TrackPointExtension>
            <gpxtpx:Extensions>
              <highway>unclassified</highway>
            </gpxtpx:Extensions>
          </gpxtpx:TrackPointExtension>
        </extensions>
      </trkpt>
      <trkpt lat="43.452427" lon="-3.94154">
        <ele>103.41</ele>
        <time>2026-08-06T17:53:21.787Z</time>
        <extensions>
          <gpxtpx:TrackPointExtension>
            <gpxtpx:Extensions>
              <highway>unclassified</highway>
            </gpxtpx:Extensions>
          </gpxtpx:TrackPointExtension>
        </extensions>
      </trkpt>
      <trkpt lat="43.452398" lon="-3.941601">
        <ele>104.15</ele>
        <time>2026-08-06T17:53:24.641Z</time>
        <extensions>
          <gpxtpx:TrackPointExtension>
            <gpxtpx:Extensions>
              <highway>unclassified</highway>
            </gpxtpx:Extensions>
          </gpxtpx:TrackPointExtension>
        </extensions>
      </trkpt>
      <trkpt lat="43.452334" lon="-3.941695">
        <ele>105.99</ele>
        <time>2026-08-06T17:53:29.686Z</time>
        <extensions>
          <gpxtpx:TrackPointExtension>
            <gpxtpx:Extensions>
              <highway>unclassified</highway>
            </gpxtpx:Extensions>
          </gpxtpx:TrackPointExtension>
        </extensions>
      </trkpt>
      <trkpt lat="43.452267" lon="-3.941755">
        <ele>107.04</ele>
        <time>2026-08-06T17:53:33.996Z</time>
        <extensions>
          <gpxtpx:TrackPointExtension>
            <gpxtpx:Extensions>
              <highway>path</highway>
            </gpxtpx:Extensions>
          </gpxtpx:TrackPointExtension>
        </extensions>
      </trkpt>
      <trkpt lat="43.452197" lon="-3.941793">
        <ele>108.05</ele>
        <time>2026-08-06T17:53:38.053Z</time>
        <extensions>
          <gpxtpx:TrackPointExtension>
            <gpxtpx:Extensions>
              <highway>path</highway>
            </gpxtpx:Extensions>
          </gpxtpx:TrackPointExtension>
        </extensions>
      </trkpt>
      <trkpt lat="43.4522021" lon="-3.9418116">
        <ele>103</ele>
        <time>2026-08-06T17:53:38.831Z</time>
      </trkpt>
      <trkpt lat="43.4521881" lon="-3.9418176">
        <ele>103</ele>
        <time>2026-08-06T17:53:39.621Z</time>
      </trkpt>
      <trkpt lat="43.4521742" lon="-3.9418237">
        <ele>103</ele>
        <time>2026-08-06T17:53:40.621Z</time>
      </trkpt>
      <trkpt lat="43.45216" lon="-3.9418274">
        <ele>103</ele>
        <time>2026-08-06T17:53:41.621Z</time>
      </trkpt>
      <trkpt lat="43.4521459" lon="-3.9418311">
        <ele>104</ele>
        <time>2026-08-06T17:53:42.621Z</time>
      </trkpt>
      <trkpt lat="43.4521318" lon="-3.9418326">
        <ele>104</ele>
        <time>2026-08-06T17:53:43.621Z</time>
      </trkpt>
      <trkpt lat="43.4521178" lon="-3.9418341">
        <ele>104</ele>
        <time>2026-08-06T17:53:44.621Z</time>
      </trkpt>
      <trkpt lat="43.4521041" lon="-3.9418332">
        <ele>104</ele>
        <time>2026-08-06T17:53:45.621Z</time>
      </trkpt>
      <trkpt lat="43.4520904" lon="-3.9418324">
        <ele>104</ele>
        <time>2026-08-06T17:53:46.621Z</time>
      </trkpt>
      <trkpt lat="43.4520768" lon="-3.94183">
        <ele>105</ele>
        <time>2026-08-06T17:53:47.621Z</time>
      </trkpt>
      <trkpt lat="43.4520632" lon="-3.9418276">
        <ele>105</ele>
        <time>2026-08-06T17:53:48.621Z</time>
      </trkpt>
      <trkpt lat="43.452049" lon="-3.9418249">
        <ele>105</ele>
        <time>2026-08-06T17:53:49.621Z</time>
      </trkpt>
      <trkpt lat="43.4520349" lon="-3.9418222">
        <ele>105</ele>
        <time>2026-08-06T17:53:50.621Z</time>
      </trkpt>
      <trkpt lat="43.4520204" lon="-3.9418197">
        <ele>105</ele>
        <time>2026-08-06T17:53:51.621Z</time>
      </trkpt>
      <trkpt lat="43.452006" lon="-3.9418172">
        <ele>106</ele>
        <time>2026-08-06T17:53:52.621Z</time>
      </trkpt>
      <trkpt lat="43.4519918" lon="-3.9418143">
        <ele>106</ele>
        <time>2026-08-06T17:53:53.621Z</time>
      </trkpt>
      <trkpt lat="43.4519776" lon="-3.9418115">
        <ele>106</ele>
        <time>2026-08-06T17:53:54.621Z</time>
      </trkpt>
      <trkpt lat="43.451964" lon="-3.9418082">
        <ele>106</ele>
        <time>2026-08-06T17:53:55.621Z</time>
      </trkpt>
      <trkpt lat="43.4519505" lon="-3.941805">
        <ele>106</ele>
        <time>2026-08-06T17:53:56.621Z</time>
      </trkpt>
      <trkpt lat="43.4519372" lon="-3.9418025">
        <ele>107</ele>
        <time>2026-08-06T17:53:57.621Z</time>
      </trkpt>
      <trkpt lat="43.451924" lon="-3.9418001">
        <ele>107</ele>
        <time>2026-08-06T17:53:58.621Z</time>
      </trkpt>
      <trkpt lat="43.4519101" lon="-3.941798">
        <ele>107</ele>
        <time>2026-08-06T17:53:59.621Z</time>
      </trkpt>
      <trkpt lat="43.4518963" lon="-3.9417959">
        <ele>107</ele>
        <time>2026-08-06T17:54:00.621Z</time>
      </trkpt>
      <trkpt lat="43.4518818" lon="-3.941793">
        <ele>107</ele>
        <time>2026-08-06T17:54:01.621Z</time>
      </trkpt>
      <trkpt lat="43.4518674" lon="-3.9417901">
        <ele>108</ele>
        <time>2026-08-06T17:54:02.621Z</time>
      </trkpt>
      <trkpt lat="43.4518533" lon="-3.9417872">
        <ele>108</ele>
        <time>2026-08-06T17:54:03.621Z</time>
      </trkpt>
      <trkpt lat="43.4518393" lon="-3.9417844">
        <ele>108</ele>
        <time>2026-08-06T17:54:04.621Z</time>
      </trkpt>
      <trkpt lat="43.451826" lon="-3.941782">
        <ele>108</ele>
        <time>2026-08-06T17:54:05.621Z</time>
      </trkpt>
      <trkpt lat="43.4518127" lon="-3.9417796">
        <ele>108</ele>
        <time>2026-08-06T17:54:06.621Z</time>
      </trkpt>
      <trkpt lat="43.4518005" lon="-3.9417776">
        <ele>109</ele>
        <time>2026-08-06T17:54:07.621Z</time>
      </trkpt>
      <trkpt lat="43.4517883" lon="-3.9417756">
        <ele>109</ele>
        <time>2026-08-06T17:54:08.621Z</time>
      </trkpt>
      <trkpt lat="43.4517775" lon="-3.9417741">
        <ele>109</ele>
        <time>2026-08-06T17:54:09.621Z</time>
      </trkpt>
      <trkpt lat="43.4517667" lon="-3.9417726">
        <ele>109</ele>
        <time>2026-08-06T17:54:10.621Z</time>
      </trkpt>
      <trkpt lat="43.4517561" lon="-3.9417718">
        <ele>109</ele>
        <time>2026-08-06T17:54:11.621Z</time>
      </trkpt>
      <trkpt lat="43.4517456" lon="-3.941771">
        <ele>109</ele>
        <time>2026-08-06T17:54:12.621Z</time>
      </trkpt>
      <trkpt lat="43.451735" lon="-3.9417701">
        <ele>109</ele>
        <time>2026-08-06T17:54:13.621Z</time>
      </trkpt>
      <trkpt lat="43.4517245" lon="-3.9417692">
        <ele>109</ele>
        <time>2026-08-06T17:54:14.621Z</time>
      </trkpt>
      <trkpt lat="43.4517139" lon="-3.941767">
        <ele>109</ele>
        <time>2026-08-06T17:54:15.621Z</time>
      </trkpt>
      <trkpt lat="43.4517033" lon="-3.9417649">
        <ele>109</ele>
        <time>2026-08-06T17:54:16.621Z</time>
      </trkpt>
      <trkpt lat="43.4516924" lon="-3.9417617">
        <ele>110</ele>
        <time>2026-08-06T17:54:17.621Z</time>
      </trkpt>
      <trkpt lat="43.4516816" lon="-3.9417585">
        <ele>110</ele>
        <time>2026-08-06T17:54:18.621Z</time>
      </trkpt>
      <trkpt lat="43.4516707" lon="-3.9417562">
        <ele>110</ele>
        <time>2026-08-06T17:54:19.621Z</time>
      </trkpt>
      <trkpt lat="43.4516598" lon="-3.9417539">
        <ele>110</ele>
        <time>2026-08-06T17:54:20.621Z</time>
      </trkpt>
      <trkpt lat="43.4516492" lon="-3.9417529">
        <ele>110</ele>
        <time>2026-08-06T17:54:21.621Z</time>
      </trkpt>
      <trkpt lat="43.4516386" lon="-3.9417519">
        <ele>111</ele>
        <time>2026-08-06T17:54:22.621Z</time>
      </trkpt>
      <trkpt lat="43.4516277" lon="-3.9417494">
        <ele>111</ele>
        <time>2026-08-06T17:54:23.621Z</time>
      </trkpt>
      <trkpt lat="43.4516169" lon="-3.941747">
        <ele>111</ele>
        <time>2026-08-06T17:54:24.621Z</time>
      </trkpt>
      <trkpt lat="43.4516055" lon="-3.941745">
        <ele>111</ele>
        <time>2026-08-06T17:54:25.621Z</time>
      </trkpt>
      <trkpt lat="43.4515942" lon="-3.941743">
        <ele>111</ele>
        <time>2026-08-06T17:54:26.621Z</time>
      </trkpt>
      <trkpt lat="43.451582" lon="-3.9417419">
        <ele>112</ele>
        <time>2026-08-06T17:54:27.621Z</time>
      </trkpt>
      <trkpt lat="43.4515698" lon="-3.9417409">
        <ele>112</ele>
        <time>2026-08-06T17:54:28.621Z</time>
      </trkpt>
      <trkpt lat="43.4515572" lon="-3.9417401">
        <ele>112</ele>
        <time>2026-08-06T17:54:29.621Z</time>
      </trkpt>
      <trkpt lat="43.4515447" lon="-3.9417393">
        <ele>112</ele>
        <time>2026-08-06T17:54:30.621Z</time>
      </trkpt>
      <trkpt lat="43.4515326" lon="-3.9417385">
        <ele>112</ele>
        <time>2026-08-06T17:54:31.621Z</time>
      </trkpt>
      <trkpt lat="43.4515206" lon="-3.9417377">
        <ele>113</ele>
        <time>2026-08-06T17:54:32.621Z</time>
      </trkpt>
      <trkpt lat="43.4515092" lon="-3.9417365">
        <ele>113</ele>
        <time>2026-08-06T17:54:33.621Z</time>
      </trkpt>
      <trkpt lat="43.4514978" lon="-3.9417353">
        <ele>113</ele>
        <time>2026-08-06T17:54:34.621Z</time>
      </trkpt>
      <trkpt lat="43.4514868" lon="-3.9417327">
        <ele>113</ele>
        <time>2026-08-06T17:54:35.621Z</time>
      </trkpt>
      <trkpt lat="43.4514759" lon="-3.9417301">
        <ele>113</ele>
        <time>2026-08-06T17:54:36.621Z</time>
      </trkpt>
      <trkpt lat="43.4514652" lon="-3.9417265">
        <ele>114</ele>
        <time>2026-08-06T17:54:37.621Z</time>
      </trkpt>
      <trkpt lat="43.4514545" lon="-3.941723">
        <ele>114</ele>
        <time>2026-08-06T17:54:38.621Z</time>
      </trkpt>
      <trkpt lat="43.4514435" lon="-3.9417191">
        <ele>114</ele>
        <time>2026-08-06T17:54:39.621Z</time>
      </trkpt>
      <trkpt lat="43.4514325" lon="-3.9417152">
        <ele>114</ele>
        <time>2026-08-06T17:54:40.621Z</time>
      </trkpt>
      <trkpt lat="43.4514205" lon="-3.941712">
        <ele>114</ele>
        <time>2026-08-06T17:54:41.621Z</time>
      </trkpt>
      <trkpt lat="43.4514086" lon="-3.9417088">
        <ele>115</ele>
        <time>2026-08-06T17:54:42.621Z</time>
      </trkpt>
      <trkpt lat="43.4513959" lon="-3.9417064">
        <ele>115</ele>
        <time>2026-08-06T17:54:43.621Z</time>
      </trkpt>
      <trkpt lat="43.4513832" lon="-3.9417041">
        <ele>115</ele>
        <time>2026-08-06T17:54:44.621Z</time>
      </trkpt>
      <trkpt lat="43.4513705" lon="-3.9417035">
        <ele>116</ele>
        <time>2026-08-06T17:54:45.621Z</time>
      </trkpt>
      <trkpt lat="43.4513579" lon="-3.941703">
        <ele>116</ele>
        <time>2026-08-06T17:54:46.621Z</time>
      </trkpt>
      <trkpt lat="43.4513452" lon="-3.9417035">
        <ele>117</ele>
        <time>2026-08-06T17:54:47.621Z</time>
      </trkpt>
      <trkpt lat="43.4513326" lon="-3.941704">
        <ele>117</ele>
        <time>2026-08-06T17:54:48.621Z</time>
      </trkpt>
      <trkpt lat="43.4513196" lon="-3.9417048">
        <ele>117</ele>
        <time>2026-08-06T17:54:49.621Z</time>
      </trkpt>
      <trkpt lat="43.4513067" lon="-3.9417057">
        <ele>117</ele>
        <time>2026-08-06T17:54:50.621Z</time>
      </trkpt>
      <trkpt lat="43.4512937" lon="-3.9417063">
        <ele>117</ele>
        <time>2026-08-06T17:54:51.621Z</time>
      </trkpt>
      <trkpt lat="43.4512807" lon="-3.9417069">
        <ele>118</ele>
        <time>2026-08-06T17:54:52.621Z</time>
      </trkpt>
      <trkpt lat="43.4512675" lon="-3.9417067">
        <ele>118</ele>
        <time>2026-08-06T17:54:53.621Z</time>
      </trkpt>
      <trkpt lat="43.4512544" lon="-3.9417066">
        <ele>118</ele>
        <time>2026-08-06T17:54:54.621Z</time>
      </trkpt>
      <trkpt lat="43.451241" lon="-3.9417057">
        <ele>118</ele>
        <time>2026-08-06T17:54:55.621Z</time>
      </trkpt>
      <trkpt lat="43.4512277" lon="-3.9417048">
        <ele>118</ele>
        <time>2026-08-06T17:54:56.621Z</time>
      </trkpt>
      <trkpt lat="43.4512145" lon="-3.9417035">
        <ele>119</ele>
        <time>2026-08-06T17:54:57.621Z</time>
      </trkpt>
      <trkpt lat="43.4512014" lon="-3.9417023">
        <ele>119</ele>
        <time>2026-08-06T17:54:58.621Z</time>
      </trkpt>
      <trkpt lat="43.4511886" lon="-3.9417014">
        <ele>119</ele>
        <time>2026-08-06T17:54:59.621Z</time>
      </trkpt>
      <trkpt lat="43.4511759" lon="-3.9417006">
        <ele>119</ele>
        <time>2026-08-06T17:55:00.621Z</time>
      </trkpt>
      <trkpt lat="43.4511634" lon="-3.9417006">
        <ele>119</ele>
        <time>2026-08-06T17:55:01.621Z</time>
      </trkpt>
      <trkpt lat="43.451151" lon="-3.9417006">
        <ele>120</ele>
        <time>2026-08-06T17:55:02.621Z</time>
      </trkpt>
      <trkpt lat="43.4511392" lon="-3.9417012">
        <ele>120</ele>
        <time>2026-08-06T17:55:03.621Z</time>
      </trkpt>
      <trkpt lat="43.4511275" lon="-3.9417018">
        <ele>120</ele>
        <time>2026-08-06T17:55:04.621Z</time>
      </trkpt>
      <trkpt lat="43.4511163" lon="-3.9417029">
        <ele>120</ele>
        <time>2026-08-06T17:55:05.621Z</time>
      </trkpt>
      <trkpt lat="43.4511051" lon="-3.9417041">
        <ele>120</ele>
        <time>2026-08-06T17:55:06.621Z</time>
      </trkpt>
      <trkpt lat="43.451094" lon="-3.9417057">
        <ele>121</ele>
        <time>2026-08-06T17:55:07.621Z</time>
      </trkpt>
      <trkpt lat="43.4510829" lon="-3.9417073">
        <ele>121</ele>
        <time>2026-08-06T17:55:08.621Z</time>
      </trkpt>
      <trkpt lat="43.4510722" lon="-3.9417087">
        <ele>121</ele>
        <time>2026-08-06T17:55:09.621Z</time>
      </trkpt>
      <trkpt lat="43.4510616" lon="-3.9417101">
        <ele>122</ele>
        <time>2026-08-06T17:55:10.621Z</time>
      </trkpt>
      <trkpt lat="43.451051" lon="-3.9417118">
        <ele>122</ele>
        <time>2026-08-06T17:55:11.621Z</time>
      </trkpt>
      <trkpt lat="43.4510405" lon="-3.9417135">
        <ele>123</ele>
        <time>2026-08-06T17:55:12.621Z</time>
      </trkpt>
      <trkpt lat="43.4510299" lon="-3.9417152">
        <ele>123</ele>
        <time>2026-08-06T17:55:13.621Z</time>
      </trkpt>
      <trkpt lat="43.4510194" lon="-3.941717">
        <ele>123</ele>
        <time>2026-08-06T17:55:14.621Z</time>
      </trkpt>
      <trkpt lat="43.4510088" lon="-3.9417175">
        <ele>123</ele>
        <time>2026-08-06T17:55:15.621Z</time>
      </trkpt>
      <trkpt lat="43.4509982" lon="-3.9417181">
        <ele>123</ele>
        <time>2026-08-06T17:55:16.621Z</time>
      </trkpt>
      <trkpt lat="43.4509865" lon="-3.9417181">
        <ele>123</ele>
        <time>2026-08-06T17:55:17.621Z</time>
      </trkpt>
      <trkpt lat="43.4509748" lon="-3.9417181">
        <ele>123</ele>
        <time>2026-08-06T17:55:18.621Z</time>
      </trkpt>
      <trkpt lat="43.4509614" lon="-3.9417181">
        <ele>123</ele>
        <time>2026-08-06T17:55:19.621Z</time>
      </trkpt>
      <trkpt lat="43.450948" lon="-3.9417181">
        <ele>123</ele>
        <time>2026-08-06T17:55:20.621Z</time>
      </trkpt>
      <trkpt lat="43.4509342" lon="-3.9417194">
        <ele>123</ele>
        <time>2026-08-06T17:55:21.621Z</time>
      </trkpt>
      <trkpt lat="43.4509204" lon="-3.9417208">
        <ele>124</ele>
        <time>2026-08-06T17:55:22.621Z</time>
      </trkpt>
      <trkpt lat="43.4509065" lon="-3.941724">
        <ele>124</ele>
        <time>2026-08-06T17:55:23.621Z</time>
      </trkpt>
      <trkpt lat="43.4508926" lon="-3.9417272">
        <ele>124</ele>
        <time>2026-08-06T17:55:24.621Z</time>
      </trkpt>
      <trkpt lat="43.4508793" lon="-3.9417314">
        <ele>124</ele>
        <time>2026-08-06T17:55:25.621Z</time>
      </trkpt>
      <trkpt lat="43.4508661" lon="-3.9417356">
        <ele>124</ele>
        <time>2026-08-06T17:55:26.621Z</time>
      </trkpt>
      <trkpt lat="43.450853" lon="-3.9417401">
        <ele>125</ele>
        <time>2026-08-06T17:55:27.621Z</time>
      </trkpt>
      <trkpt lat="43.4508399" lon="-3.9417446">
        <ele>125</ele>
        <time>2026-08-06T17:55:28.621Z</time>
      </trkpt>
      <trkpt lat="43.4508263" lon="-3.9417494">
        <ele>125</ele>
        <time>2026-08-06T17:55:29.621Z</time>
      </trkpt>
      <trkpt lat="43.4508127" lon="-3.9417543">
        <ele>125</ele>
        <time>2026-08-06T17:55:30.621Z</time>
      </trkpt>
      <trkpt lat="43.4507982" lon="-3.9417595">
        <ele>125</ele>
        <time>2026-08-06T17:55:31.621Z</time>
      </trkpt>
      <trkpt lat="43.4507838" lon="-3.9417647">
        <ele>125</ele>
        <time>2026-08-06T17:55:32.621Z</time>
      </trkpt>
      <trkpt lat="43.4507695" lon="-3.9417715">
        <ele>125</ele>
        <time>2026-08-06T17:55:33.621Z</time>
      </trkpt>
      <trkpt lat="43.4507553" lon="-3.9417784">
        <ele>125</ele>
        <time>2026-08-06T17:55:34.621Z</time>
      </trkpt>
      <trkpt lat="43.450741" lon="-3.9417868">
        <ele>125</ele>
        <time>2026-08-06T17:55:35.621Z</time>
      </trkpt>
      <trkpt lat="43.4507268" lon="-3.9417953">
        <ele>125</ele>
        <time>2026-08-06T17:55:36.621Z</time>
      </trkpt>
      <trkpt lat="43.450713" lon="-3.9418037">
        <ele>126</ele>
        <time>2026-08-06T17:55:37.621Z</time>
      </trkpt>
      <trkpt lat="43.4506992" lon="-3.9418122">
        <ele>126</ele>
        <time>2026-08-06T17:55:38.621Z</time>
      </trkpt>
      <trkpt lat="43.4506866" lon="-3.94182">
        <ele>126</ele>
        <time>2026-08-06T17:55:39.621Z</time>
      </trkpt>
      <trkpt lat="43.4506741" lon="-3.9418278">
        <ele>126</ele>
        <time>2026-08-06T17:55:40.621Z</time>
      </trkpt>
      <trkpt lat="43.4506626" lon="-3.9418344">
        <ele>126</ele>
        <time>2026-08-06T17:55:41.621Z</time>
      </trkpt>
      <trkpt lat="43.4506511" lon="-3.9418411">
        <ele>126</ele>
        <time>2026-08-06T17:55:42.621Z</time>
      </trkpt>
      <trkpt lat="43.4506395" lon="-3.9418481">
        <ele>126</ele>
        <time>2026-08-06T17:55:43.621Z</time>
      </trkpt>
      <trkpt lat="43.4506279" lon="-3.9418551">
        <ele>126</ele>
        <time>2026-08-06T17:55:44.621Z</time>
      </trkpt>
      <trkpt lat="43.450616" lon="-3.9418623">
        <ele>126</ele>
        <time>2026-08-06T17:55:45.621Z</time>
      </trkpt>
      <trkpt lat="43.4506041" lon="-3.9418696">
        <ele>126</ele>
        <time>2026-08-06T17:55:46.621Z</time>
      </trkpt>
      <trkpt lat="43.4505927" lon="-3.9418754">
        <ele>127</ele>
        <time>2026-08-06T17:55:47.621Z</time>
      </trkpt>
      <trkpt lat="43.4505814" lon="-3.9418812">
        <ele>127</ele>
        <time>2026-08-06T17:55:48.621Z</time>
      </trkpt>
      <trkpt lat="43.4505707" lon="-3.941886">
        <ele>127</ele>
        <time>2026-08-06T17:55:49.621Z</time>
      </trkpt>
      <trkpt lat="43.45056" lon="-3.9418909">
        <ele>127</ele>
        <time>2026-08-06T17:55:50.621Z</time>
      </trkpt>
      <trkpt lat="43.4505499" lon="-3.9418968">
        <ele>127</ele>
        <time>2026-08-06T17:55:51.621Z</time>
      </trkpt>
      <trkpt lat="43.4505398" lon="-3.9419027">
        <ele>127</ele>
        <time>2026-08-06T17:55:52.621Z</time>
      </trkpt>
      <trkpt lat="43.4505297" lon="-3.9419096">
        <ele>127</ele>
        <time>2026-08-06T17:55:53.621Z</time>
      </trkpt>
      <trkpt lat="43.4505196" lon="-3.9419166">
        <ele>127</ele>
        <time>2026-08-06T17:55:54.621Z</time>
      </trkpt>
      <trkpt lat="43.4505089" lon="-3.9419237">
        <ele>127</ele>
        <time>2026-08-06T17:55:55.621Z</time>
      </trkpt>
      <trkpt lat="43.4504983" lon="-3.9419308">
        <ele>127</ele>
        <time>2026-08-06T17:55:56.621Z</time>
      </trkpt>
      <trkpt lat="43.450487" lon="-3.9419368">
        <ele>128</ele>
        <time>2026-08-06T17:55:57.621Z</time>
      </trkpt>
      <trkpt lat="43.4504758" lon="-3.9419429">
        <ele>128</ele>
        <time>2026-08-06T17:55:58.621Z</time>
      </trkpt>
      <trkpt lat="43.4504617" lon="-3.9419492">
        <ele>128</ele>
        <time>2026-08-06T17:55:59.621Z</time>
      </trkpt>
      <trkpt lat="43.4504477" lon="-3.9419556">
        <ele>128</ele>
        <time>2026-08-06T17:56:00.621Z</time>
      </trkpt>
      <trkpt lat="43.4504306" lon="-3.9419628">
        <ele>128</ele>
        <time>2026-08-06T17:56:01.621Z</time>
      </trkpt>
      <trkpt lat="43.4504136" lon="-3.94197">
        <ele>129</ele>
        <time>2026-08-06T17:56:02.621Z</time>
      </trkpt>
      <trkpt lat="43.4503965" lon="-3.9419776">
        <ele>129</ele>
        <time>2026-08-06T17:56:03.621Z</time>
      </trkpt>
      <trkpt lat="43.4503795" lon="-3.9419853">
        <ele>129</ele>
        <time>2026-08-06T17:56:04.621Z</time>
      </trkpt>
      <trkpt lat="43.4503639" lon="-3.9419927">
        <ele>129</ele>
        <time>2026-08-06T17:56:05.621Z</time>
      </trkpt>
      <trkpt lat="43.4503483" lon="-3.9420002">
        <ele>129</ele>
        <time>2026-08-06T17:56:06.621Z</time>
      </trkpt>
      <trkpt lat="43.4503336" lon="-3.9420072">
        <ele>129</ele>
        <time>2026-08-06T17:56:07.621Z</time>
      </trkpt>
      <trkpt lat="43.4503189" lon="-3.9420143">
        <ele>129</ele>
        <time>2026-08-06T17:56:08.621Z</time>
      </trkpt>
      <trkpt lat="43.4503053" lon="-3.9420208">
        <ele>129</ele>
        <time>2026-08-06T17:56:09.621Z</time>
      </trkpt>
      <trkpt lat="43.4502918" lon="-3.9420273">
        <ele>129</ele>
        <time>2026-08-06T17:56:10.621Z</time>
      </trkpt>
      <trkpt lat="43.4502795" lon="-3.9420335">
        <ele>129</ele>
        <time>2026-08-06T17:56:11.621Z</time>
      </trkpt>
      <trkpt lat="43.4502673" lon="-3.9420397">
        <ele>130</ele>
        <time>2026-08-06T17:56:12.621Z</time>
      </trkpt>
      <trkpt lat="43.4502559" lon="-3.9420473">
        <ele>130</ele>
        <time>2026-08-06T17:56:13.621Z</time>
      </trkpt>
      <trkpt lat="43.4502445" lon="-3.9420549">
        <ele>130</ele>
        <time>2026-08-06T17:56:14.621Z</time>
      </trkpt>
      <trkpt lat="43.4502326" lon="-3.9420634">
        <ele>130</ele>
        <time>2026-08-06T17:56:15.621Z</time>
      </trkpt>
      <trkpt lat="43.4502207" lon="-3.9420719">
        <ele>130</ele>
        <time>2026-08-06T17:56:16.621Z</time>
      </trkpt>
      <trkpt lat="43.4502081" lon="-3.9420803">
        <ele>131</ele>
        <time>2026-08-06T17:56:17.621Z</time>
      </trkpt>
      <trkpt lat="43.4501956" lon="-3.9420888">
        <ele>131</ele>
        <time>2026-08-06T17:56:18.621Z</time>
      </trkpt>
      <trkpt lat="43.4501828" lon="-3.9420965">
        <ele>131</ele>
        <time>2026-08-06T17:56:19.621Z</time>
      </trkpt>
      <trkpt lat="43.45017" lon="-3.9421042">
        <ele>131</ele>
        <time>2026-08-06T17:56:20.621Z</time>
      </trkpt>
      <trkpt lat="43.4501566" lon="-3.9421122">
        <ele>131</ele>
        <time>2026-08-06T17:56:21.621Z</time>
      </trkpt>
      <trkpt lat="43.4501432" lon="-3.9421202">
        <ele>131</ele>
        <time>2026-08-06T17:56:22.621Z</time>
      </trkpt>
      <trkpt lat="43.4501294" lon="-3.9421298">
        <ele>131</ele>
        <time>2026-08-06T17:56:23.621Z</time>
      </trkpt>
      <trkpt lat="43.4501157" lon="-3.9421394">
        <ele>131</ele>
        <time>2026-08-06T17:56:24.621Z</time>
      </trkpt>
      <trkpt lat="43.4501016" lon="-3.942149">
        <ele>131</ele>
        <time>2026-08-06T17:56:25.621Z</time>
      </trkpt>
      <trkpt lat="43.4500876" lon="-3.9421586">
        <ele>131</ele>
        <time>2026-08-06T17:56:26.621Z</time>
      </trkpt>
      <trkpt lat="43.4500736" lon="-3.9421675">
        <ele>132</ele>
        <time>2026-08-06T17:56:27.621Z</time>
      </trkpt>
      <trkpt lat="43.4500596" lon="-3.9421765">
        <ele>132</ele>
        <time>2026-08-06T17:56:28.621Z</time>
      </trkpt>
      <trkpt lat="43.4500463" lon="-3.9421853">
        <ele>132</ele>
        <time>2026-08-06T17:56:29.621Z</time>
      </trkpt>
      <trkpt lat="43.450033" lon="-3.9421942">
        <ele>132</ele>
        <time>2026-08-06T17:56:30.621Z</time>
      </trkpt>
      <trkpt lat="43.4500203" lon="-3.9422036">
        <ele>132</ele>
        <time>2026-08-06T17:56:31.621Z</time>
      </trkpt>
      <trkpt lat="43.4500076" lon="-3.9422131">
        <ele>133</ele>
        <time>2026-08-06T17:56:32.621Z</time>
      </trkpt>
      <trkpt lat="43.4499943" lon="-3.9422227">
        <ele>133</ele>
        <time>2026-08-06T17:56:33.621Z</time>
      </trkpt>
      <trkpt lat="43.4499811" lon="-3.9422324">
        <ele>133</ele>
        <time>2026-08-06T17:56:34.621Z</time>
      </trkpt>
      <trkpt lat="43.4499672" lon="-3.9422414">
        <ele>133</ele>
        <time>2026-08-06T17:56:35.621Z</time>
      </trkpt>
      <trkpt lat="43.4499533" lon="-3.9422505">
        <ele>133</ele>
        <time>2026-08-06T17:56:36.621Z</time>
      </trkpt>
      <trkpt lat="43.4499393" lon="-3.9422595">
        <ele>133</ele>
        <time>2026-08-06T17:56:37.621Z</time>
      </trkpt>
      <trkpt lat="43.4499253" lon="-3.9422686">
        <ele>133</ele>
        <time>2026-08-06T17:56:38.621Z</time>
      </trkpt>
      <trkpt lat="43.4499119" lon="-3.9422774">
        <ele>133</ele>
        <time>2026-08-06T17:56:39.621Z</time>
      </trkpt>
      <trkpt lat="43.4498986" lon="-3.9422862">
        <ele>133</ele>
        <time>2026-08-06T17:56:40.621Z</time>
      </trkpt>
      <trkpt lat="43.4498857" lon="-3.942295">
        <ele>133</ele>
        <time>2026-08-06T17:56:41.621Z</time>
      </trkpt>
      <trkpt lat="43.4498729" lon="-3.9423039">
        <ele>134</ele>
        <time>2026-08-06T17:56:42.621Z</time>
      </trkpt>
      <trkpt lat="43.4498602" lon="-3.9423132">
        <ele>134</ele>
        <time>2026-08-06T17:56:43.621Z</time>
      </trkpt>
      <trkpt lat="43.4498476" lon="-3.9423226">
        <ele>134</ele>
        <time>2026-08-06T17:56:44.621Z</time>
      </trkpt>
      <trkpt lat="43.4498347" lon="-3.9423322">
        <ele>134</ele>
        <time>2026-08-06T17:56:45.621Z</time>
      </trkpt>
      <trkpt lat="43.4498218" lon="-3.9423418">
        <ele>134</ele>
        <time>2026-08-06T17:56:46.621Z</time>
      </trkpt>
      <trkpt lat="43.4498086" lon="-3.942351">
        <ele>135</ele>
        <time>2026-08-06T17:56:47.621Z</time>
      </trkpt>
      <trkpt lat="43.4497954" lon="-3.9423603">
        <ele>135</ele>
        <time>2026-08-06T17:56:48.621Z</time>
      </trkpt>
      <trkpt lat="43.4497822" lon="-3.9423691">
        <ele>135</ele>
        <time>2026-08-06T17:56:49.621Z</time>
      </trkpt>
      <trkpt lat="43.4497691" lon="-3.9423779">
        <ele>135</ele>
        <time>2026-08-06T17:56:50.621Z</time>
      </trkpt>
      <trkpt lat="43.4497547" lon="-3.9423875">
        <ele>135</ele>
        <time>2026-08-06T17:56:51.621Z</time>
      </trkpt>
      <trkpt lat="43.4497403" lon="-3.9423971">
        <ele>135</ele>
        <time>2026-08-06T17:56:52.621Z</time>
      </trkpt>
      <trkpt lat="43.4497229" lon="-3.9424087">
        <ele>135</ele>
        <time>2026-08-06T17:56:53.621Z</time>
      </trkpt>
      <trkpt lat="43.4497056" lon="-3.9424203">
        <ele>135</ele>
        <time>2026-08-06T17:56:54.621Z</time>
      </trkpt>
      <trkpt lat="43.449686" lon="-3.942434">
        <ele>135</ele>
        <time>2026-08-06T17:56:55.621Z</time>
      </trkpt>
      <trkpt lat="43.4496665" lon="-3.9424477">
        <ele>135</ele>
        <time>2026-08-06T17:56:56.621Z</time>
      </trkpt>
      <trkpt lat="43.4496455" lon="-3.942462">
        <ele>136</ele>
        <time>2026-08-06T17:56:57.621Z</time>
      </trkpt>
      <trkpt lat="43.4496245" lon="-3.9424764">
        <ele>136</ele>
        <time>2026-08-06T17:56:58.621Z</time>
      </trkpt>
      <trkpt lat="43.4496027" lon="-3.9424908">
        <ele>136</ele>
        <time>2026-08-06T17:56:59.621Z</time>
      </trkpt>
      <trkpt lat="43.4495809" lon="-3.9425052">
        <ele>136</ele>
        <time>2026-08-06T17:57:00.621Z</time>
      </trkpt>
      <trkpt lat="43.4495585" lon="-3.9425188">
        <ele>136</ele>
        <time>2026-08-06T17:57:01.621Z</time>
      </trkpt>
      <trkpt lat="43.4495362" lon="-3.9425325">
        <ele>137</ele>
        <time>2026-08-06T17:57:02.621Z</time>
      </trkpt>
      <trkpt lat="43.4495138" lon="-3.9425451">
        <ele>137</ele>
        <time>2026-08-06T17:57:03.621Z</time>
      </trkpt>
      <trkpt lat="43.4494915" lon="-3.9425578">
        <ele>137</ele>
        <time>2026-08-06T17:57:04.621Z</time>
      </trkpt>
      <trkpt lat="43.4494693" lon="-3.9425697">
        <ele>137</ele>
        <time>2026-08-06T17:57:05.621Z</time>
      </trkpt>
      <trkpt lat="43.4494472" lon="-3.9425816">
        <ele>137</ele>
        <time>2026-08-06T17:57:06.621Z</time>
      </trkpt>
      <trkpt lat="43.449425" lon="-3.942593">
        <ele>138</ele>
        <time>2026-08-06T17:57:07.621Z</time>
      </trkpt>
      <trkpt lat="43.4494029" lon="-3.9426044">
        <ele>138</ele>
        <time>2026-08-06T17:57:08.621Z</time>
      </trkpt>
      <trkpt lat="43.4493806" lon="-3.9426158">
        <ele>138</ele>
        <time>2026-08-06T17:57:09.621Z</time>
      </trkpt>
      <trkpt lat="43.4493583" lon="-3.9426273">
        <ele>138</ele>
        <time>2026-08-06T17:57:10.621Z</time>
      </trkpt>
      <trkpt lat="43.4493355" lon="-3.9426381">
        <ele>138</ele>
        <time>2026-08-06T17:57:11.621Z</time>
      </trkpt>
      <trkpt lat="43.4493127" lon="-3.942649">
        <ele>138</ele>
        <time>2026-08-06T17:57:12.621Z</time>
      </trkpt>
      <trkpt lat="43.4492895" lon="-3.9426588">
        <ele>138</ele>
        <time>2026-08-06T17:57:13.621Z</time>
      </trkpt>
      <trkpt lat="43.4492664" lon="-3.9426687">
        <ele>138</ele>
        <time>2026-08-06T17:57:14.621Z</time>
      </trkpt>
      <trkpt lat="43.4492436" lon="-3.9426785">
        <ele>138</ele>
        <time>2026-08-06T17:57:15.621Z</time>
      </trkpt>
      <trkpt lat="43.4492208" lon="-3.9426884">
        <ele>138</ele>
        <time>2026-08-06T17:57:16.621Z</time>
      </trkpt>
      <trkpt lat="43.4491984" lon="-3.9426987">
        <ele>138</ele>
        <time>2026-08-06T17:57:17.621Z</time>
      </trkpt>
      <trkpt lat="43.4491761" lon="-3.9427091">
        <ele>138</ele>
        <time>2026-08-06T17:57:18.621Z</time>
      </trkpt>
      <trkpt lat="43.449154" lon="-3.9427186">
        <ele>138</ele>
        <time>2026-08-06T17:57:19.621Z</time>
      </trkpt>
      <trkpt lat="43.449132" lon="-3.9427282">
        <ele>138</ele>
        <time>2026-08-06T17:57:20.621Z</time>
      </trkpt>
      <trkpt lat="43.4491105" lon="-3.9427374">
        <ele>138</ele>
        <time>2026-08-06T17:57:21.621Z</time>
      </trkpt>
      <trkpt lat="43.449089" lon="-3.9427467">
        <ele>138</ele>
        <time>2026-08-06T17:57:22.621Z</time>
      </trkpt>
      <trkpt lat="43.4490681" lon="-3.9427577">
        <ele>138</ele>
        <time>2026-08-06T17:57:23.621Z</time>
      </trkpt>
      <trkpt lat="43.4490473" lon="-3.9427687">
        <ele>138</ele>
        <time>2026-08-06T17:57:24.621Z</time>
      </trkpt>
      <trkpt lat="43.4490267" lon="-3.9427814">
        <ele>138</ele>
        <time>2026-08-06T17:57:25.621Z</time>
      </trkpt>
      <trkpt lat="43.4490061" lon="-3.9427941">
        <ele>138</ele>
        <time>2026-08-06T17:57:26.621Z</time>
      </trkpt>
      <trkpt lat="43.4489861" lon="-3.9428077">
        <ele>139</ele>
        <time>2026-08-06T17:57:27.621Z</time>
      </trkpt>
      <trkpt lat="43.4489661" lon="-3.9428214">
        <ele>139</ele>
        <time>2026-08-06T17:57:28.621Z</time>
      </trkpt>
      <trkpt lat="43.4489468" lon="-3.9428354">
        <ele>139</ele>
        <time>2026-08-06T17:57:29.621Z</time>
      </trkpt>
      <trkpt lat="43.4489275" lon="-3.9428494">
        <ele>139</ele>
        <time>2026-08-06T17:57:30.621Z</time>
      </trkpt>
      <trkpt lat="43.4489085" lon="-3.9428633">
        <ele>139</ele>
        <time>2026-08-06T17:57:31.621Z</time>
      </trkpt>
      <trkpt lat="43.4488895" lon="-3.9428773">
        <ele>139</ele>
        <time>2026-08-06T17:57:32.621Z</time>
      </trkpt>
      <trkpt lat="43.4488719" lon="-3.9428912">
        <ele>139</ele>
        <time>2026-08-06T17:57:33.621Z</time>
      </trkpt>
      <trkpt lat="43.4488544" lon="-3.9429052">
        <ele>139</ele>
        <time>2026-08-06T17:57:34.621Z</time>
      </trkpt>
      <trkpt lat="43.4488385" lon="-3.9429184">
        <ele>139</ele>
        <time>2026-08-06T17:57:35.621Z</time>
      </trkpt>
      <trkpt lat="43.4488226" lon="-3.9429316">
        <ele>139</ele>
        <time>2026-08-06T17:57:36.621Z</time>
      </trkpt>
      <trkpt lat="43.4488076" lon="-3.9429435">
        <ele>139</ele>
        <time>2026-08-06T17:57:37.621Z</time>
      </trkpt>
      <trkpt lat="43.4487926" lon="-3.9429555">
        <ele>139</ele>
        <time>2026-08-06T17:57:38.621Z</time>
      </trkpt>
      <trkpt lat="43.4487781" lon="-3.9429672">
        <ele>139</ele>
        <time>2026-08-06T17:57:39.621Z</time>
      </trkpt>
      <trkpt lat="43.4487637" lon="-3.9429789">
        <ele>139</ele>
        <time>2026-08-06T17:57:40.621Z</time>
      </trkpt>
      <trkpt lat="43.4487493" lon="-3.942991">
        <ele>139</ele>
        <time>2026-08-06T17:57:41.621Z</time>
      </trkpt>
      <trkpt lat="43.448735" lon="-3.9430031">
        <ele>140</ele>
        <time>2026-08-06T17:57:42.621Z</time>
      </trkpt>
      <trkpt lat="43.4487204" lon="-3.9430157">
        <ele>140</ele>
        <time>2026-08-06T17:57:43.621Z</time>
      </trkpt>
      <trkpt lat="43.4487058" lon="-3.9430283">
        <ele>140</ele>
        <time>2026-08-06T17:57:44.621Z</time>
      </trkpt>
      <trkpt lat="43.4486915" lon="-3.9430418">
        <ele>140</ele>
        <time>2026-08-06T17:57:45.621Z</time>
      </trkpt>
      <trkpt lat="43.4486773" lon="-3.9430554">
        <ele>140</ele>
        <time>2026-08-06T17:57:46.621Z</time>
      </trkpt>
      <trkpt lat="43.4486635" lon="-3.9430688">
        <ele>141</ele>
        <time>2026-08-06T17:57:47.621Z</time>
      </trkpt>
      <trkpt lat="43.4486498" lon="-3.9430823">
        <ele>141</ele>
        <time>2026-08-06T17:57:48.621Z</time>
      </trkpt>
      <trkpt lat="43.4486349" lon="-3.9430957">
        <ele>141</ele>
        <time>2026-08-06T17:57:49.621Z</time>
      </trkpt>
      <trkpt lat="43.4486201" lon="-3.9431091">
        <ele>142</ele>
        <time>2026-08-06T17:57:50.621Z</time>
      </trkpt>
      <trkpt lat="43.4486043" lon="-3.943122">
        <ele>142</ele>
        <time>2026-08-06T17:57:51.621Z</time>
      </trkpt>
      <trkpt lat="43.4485886" lon="-3.9431349">
        <ele>143</ele>
        <time>2026-08-06T17:57:52.621Z</time>
      </trkpt>
      <trkpt lat="43.4485724" lon="-3.9431462">
        <ele>143</ele>
        <time>2026-08-06T17:57:53.621Z</time>
      </trkpt>
      <trkpt lat="43.4485563" lon="-3.9431576">
        <ele>143</ele>
        <time>2026-08-06T17:57:54.621Z</time>
      </trkpt>
      <trkpt lat="43.4485398" lon="-3.9431675">
        <ele>143</ele>
        <time>2026-08-06T17:57:55.621Z</time>
      </trkpt>
      <trkpt lat="43.4485233" lon="-3.9431774">
        <ele>143</ele>
        <time>2026-08-06T17:57:56.621Z</time>
      </trkpt>
      <trkpt lat="43.4485066" lon="-3.9431869">
        <ele>144</ele>
        <time>2026-08-06T17:57:57.621Z</time>
      </trkpt>
      <trkpt lat="43.4484899" lon="-3.9431965">
        <ele>144</ele>
        <time>2026-08-06T17:57:58.621Z</time>
      </trkpt>
      <trkpt lat="43.448475" lon="-3.9432061">
        <ele>144</ele>
        <time>2026-08-06T17:57:59.621Z</time>
      </trkpt>
      <trkpt lat="43.4484602" lon="-3.9432157">
        <ele>144</ele>
        <time>2026-08-06T17:58:00.621Z</time>
      </trkpt>
      <trkpt lat="43.4484474" lon="-3.9432244">
        <ele>144</ele>
        <time>2026-08-06T17:58:01.621Z</time>
      </trkpt>
      <trkpt lat="43.4484346" lon="-3.9432332">
        <ele>144</ele>
        <time>2026-08-06T17:58:02.621Z</time>
      </trkpt>
      <trkpt lat="43.4484228" lon="-3.9432414">
        <ele>144</ele>
        <time>2026-08-06T17:58:03.621Z</time>
      </trkpt>
      <trkpt lat="43.4484111" lon="-3.9432497">
        <ele>144</ele>
        <time>2026-08-06T17:58:04.621Z</time>
      </trkpt>
      <trkpt lat="43.4484009" lon="-3.9432569">
        <ele>144</ele>
        <time>2026-08-06T17:58:05.621Z</time>
      </trkpt>
      <trkpt lat="43.4483908" lon="-3.9432642">
        <ele>144</ele>
        <time>2026-08-06T17:58:06.621Z</time>
      </trkpt>
      <trkpt lat="43.4483821" lon="-3.9432702">
        <ele>145</ele>
        <time>2026-08-06T17:58:07.621Z</time>
      </trkpt>
      <trkpt lat="43.4483735" lon="-3.9432762">
        <ele>145</ele>
        <time>2026-08-06T17:58:08.621Z</time>
      </trkpt>
      <trkpt lat="43.4483643" lon="-3.9432808">
        <ele>145</ele>
        <time>2026-08-06T17:58:09.621Z</time>
      </trkpt>
      <trkpt lat="43.4483551" lon="-3.9432854">
        <ele>145</ele>
        <time>2026-08-06T17:58:10.621Z</time>
      </trkpt>
      <trkpt lat="43.448346" lon="-3.9432869">
        <ele>145</ele>
        <time>2026-08-06T17:58:11.621Z</time>
      </trkpt>
      <trkpt lat="43.4483369" lon="-3.9432884">
        <ele>145</ele>
        <time>2026-08-06T17:58:12.621Z</time>
      </trkpt>
      <trkpt lat="43.448328" lon="-3.9432863">
        <ele>145</ele>
        <time>2026-08-06T17:58:13.621Z</time>
      </trkpt>
      <trkpt lat="43.4483192" lon="-3.9432842">
        <ele>145</ele>
        <time>2026-08-06T17:58:14.621Z</time>
      </trkpt>
      <trkpt lat="43.4483106" lon="-3.9432809">
        <ele>145</ele>
        <time>2026-08-06T17:58:15.621Z</time>
      </trkpt>
      <trkpt lat="43.4483021" lon="-3.9432777">
        <ele>145</ele>
        <time>2026-08-06T17:58:16.621Z</time>
      </trkpt>
      <trkpt lat="43.4482926" lon="-3.9432808">
        <ele>147</ele>
        <time>2026-08-06T17:58:42.621Z</time>
      </trkpt>
      <trkpt lat="43.4482855" lon="-3.9432842">
        <ele>147</ele>
        <time>2026-08-06T17:58:43.621Z</time>
      </trkpt>
      <trkpt lat="43.4482784" lon="-3.9432876">
        <ele>147</ele>
        <time>2026-08-06T17:58:44.621Z</time>
      </trkpt>
      <trkpt lat="43.4482716" lon="-3.9432913">
        <ele>147</ele>
        <time>2026-08-06T17:58:45.621Z</time>
      </trkpt>
      <trkpt lat="43.4482649" lon="-3.9432951">
        <ele>147</ele>
        <time>2026-08-06T17:58:46.621Z</time>
      </trkpt>
      <trkpt lat="43.4482568" lon="-3.9432999">
        <ele>147</ele>
        <time>2026-08-06T17:58:47.621Z</time>
      </trkpt>
      <trkpt lat="43.4482488" lon="-3.9433048">
        <ele>147</ele>
        <time>2026-08-06T17:58:48.621Z</time>
      </trkpt>
      <trkpt lat="43.4482394" lon="-3.9433103">
        <ele>147</ele>
        <time>2026-08-06T17:58:49.621Z</time>
      </trkpt>
      <trkpt lat="43.44823" lon="-3.9433158">
        <ele>147</ele>
        <time>2026-08-06T17:58:50.621Z</time>
      </trkpt>
      <trkpt lat="43.4482192" lon="-3.9433217">
        <ele>147</ele>
        <time>2026-08-06T17:58:51.621Z</time>
      </trkpt>
      <trkpt lat="43.4482084" lon="-3.9433276">
        <ele>148</ele>
        <time>2026-08-06T17:58:52.621Z</time>
      </trkpt>
      <trkpt lat="43.4481966" lon="-3.9433347">
        <ele>148</ele>
        <time>2026-08-06T17:58:53.621Z</time>
      </trkpt>
      <trkpt lat="43.4481849" lon="-3.9433419">
        <ele>148</ele>
        <time>2026-08-06T17:58:54.621Z</time>
      </trkpt>
      <trkpt lat="43.4481725" lon="-3.9433489">
        <ele>148</ele>
        <time>2026-08-06T17:58:55.621Z</time>
      </trkpt>
      <trkpt lat="43.4481601" lon="-3.943356">
        <ele>148</ele>
        <time>2026-08-06T17:58:56.621Z</time>
      </trkpt>
      <trkpt lat="43.4481482" lon="-3.9433627">
        <ele>149</ele>
        <time>2026-08-06T17:58:57.621Z</time>
      </trkpt>
      <trkpt lat="43.4481364" lon="-3.9433694">
        <ele>149</ele>
        <time>2026-08-06T17:58:58.621Z</time>
      </trkpt>
      <trkpt lat="43.4481252" lon="-3.9433764">
        <ele>149</ele>
        <time>2026-08-06T17:58:59.621Z</time>
      </trkpt>
      <trkpt lat="43.4481141" lon="-3.9433834">
        <ele>149</ele>
        <time>2026-08-06T17:59:00.621Z</time>
      </trkpt>
      <trkpt lat="43.4481036" lon="-3.9433902">
        <ele>149</ele>
        <time>2026-08-06T17:59:01.621Z</time>
      </trkpt>
      <trkpt lat="43.4480932" lon="-3.943397">
        <ele>150</ele>
        <time>2026-08-06T17:59:02.621Z</time>
      </trkpt>
      <trkpt lat="43.4480833" lon="-3.9434029">
        <ele>150</ele>
        <time>2026-08-06T17:59:03.621Z</time>
      </trkpt>
      <trkpt lat="43.4480734" lon="-3.9434089">
        <ele>150</ele>
        <time>2026-08-06T17:59:04.621Z</time>
      </trkpt>
      <trkpt lat="43.4480637" lon="-3.9434146">
        <ele>150</ele>
        <time>2026-08-06T17:59:05.621Z</time>
      </trkpt>
      <trkpt lat="43.448054" lon="-3.9434204">
        <ele>150</ele>
        <time>2026-08-06T17:59:06.621Z</time>
      </trkpt>
      <trkpt lat="43.4480437" lon="-3.9434266">
        <ele>150</ele>
        <time>2026-08-06T17:59:07.621Z</time>
      </trkpt>
      <trkpt lat="43.4480334" lon="-3.9434329">
        <ele>150</ele>
        <time>2026-08-06T17:59:08.621Z</time>
      </trkpt>
      <trkpt lat="43.4480223" lon="-3.9434385">
        <ele>150</ele>
        <time>2026-08-06T17:59:09.621Z</time>
      </trkpt>
      <trkpt lat="43.4480113" lon="-3.9434441">
        <ele>150</ele>
        <time>2026-08-06T17:59:10.621Z</time>
      </trkpt>
      <trkpt lat="43.4479999" lon="-3.9434474">
        <ele>150</ele>
        <time>2026-08-06T17:59:11.621Z</time>
      </trkpt>
      <trkpt lat="43.4479885" lon="-3.9434508">
        <ele>151</ele>
        <time>2026-08-06T17:59:12.621Z</time>
      </trkpt>
      <trkpt lat="43.4479771" lon="-3.9434522">
        <ele>151</ele>
        <time>2026-08-06T17:59:13.621Z</time>
      </trkpt>
      <trkpt lat="43.4479657" lon="-3.9434537">
        <ele>151</ele>
        <time>2026-08-06T17:59:14.621Z</time>
      </trkpt>
      <trkpt lat="43.4479541" lon="-3.9434545">
        <ele>152</ele>
        <time>2026-08-06T17:59:15.621Z</time>
      </trkpt>
      <trkpt lat="43.4479426" lon="-3.9434554">
        <ele>152</ele>
        <time>2026-08-06T17:59:16.621Z</time>
      </trkpt>
      <trkpt lat="43.4479306" lon="-3.9434564">
        <ele>153</ele>
        <time>2026-08-06T17:59:17.621Z</time>
      </trkpt>
      <trkpt lat="43.4479187" lon="-3.9434574">
        <ele>153</ele>
        <time>2026-08-06T17:59:18.621Z</time>
      </trkpt>
      <trkpt lat="43.4479063" lon="-3.9434581">
        <ele>153</ele>
        <time>2026-08-06T17:59:19.621Z</time>
      </trkpt>
      <trkpt lat="43.447894" lon="-3.9434589">
        <ele>153</ele>
        <time>2026-08-06T17:59:20.621Z</time>
      </trkpt>
      <trkpt lat="43.4478817" lon="-3.943459">
        <ele>153</ele>
        <time>2026-08-06T17:59:21.621Z</time>
      </trkpt>
      <trkpt lat="43.4478694" lon="-3.9434591">
        <ele>154</ele>
        <time>2026-08-06T17:59:22.621Z</time>
      </trkpt>
      <trkpt lat="43.4478578" lon="-3.9434583">
        <ele>154</ele>
        <time>2026-08-06T17:59:23.621Z</time>
      </trkpt>
      <trkpt lat="43.4478462" lon="-3.9434575">
        <ele>154</ele>
        <time>2026-08-06T17:59:24.621Z</time>
      </trkpt>
      <trkpt lat="43.4478351" lon="-3.9434573">
        <ele>154</ele>
        <time>2026-08-06T17:59:25.621Z</time>
      </trkpt>
      <trkpt lat="43.4478241" lon="-3.9434571">
        <ele>154</ele>
        <time>2026-08-06T17:59:26.621Z</time>
      </trkpt>
      <trkpt lat="43.4478125" lon="-3.9434573">
        <ele>155</ele>
        <time>2026-08-06T17:59:27.621Z</time>
      </trkpt>
      <trkpt lat="43.4478009" lon="-3.9434576">
        <ele>155</ele>
        <time>2026-08-06T17:59:28.621Z</time>
      </trkpt>
      <trkpt lat="43.447789" lon="-3.9434578">
        <ele>155</ele>
        <time>2026-08-06T17:59:29.621Z</time>
      </trkpt>
      <trkpt lat="43.4477772" lon="-3.943458">
        <ele>155</ele>
        <time>2026-08-06T17:59:30.621Z</time>
      </trkpt>
      <trkpt lat="43.4477658" lon="-3.9434579">
        <ele>155</ele>
        <time>2026-08-06T17:59:31.621Z</time>
      </trkpt>
      <trkpt lat="43.4477544" lon="-3.9434579">
        <ele>156</ele>
        <time>2026-08-06T17:59:32.621Z</time>
      </trkpt>
      <trkpt lat="43.4477435" lon="-3.9434578">
        <ele>156</ele>
        <time>2026-08-06T17:59:33.621Z</time>
      </trkpt>
      <trkpt lat="43.4477327" lon="-3.9434577">
        <ele>156</ele>
        <time>2026-08-06T17:59:34.621Z</time>
      </trkpt>
      <trkpt lat="43.4477225" lon="-3.9434584">
        <ele>156</ele>
        <time>2026-08-06T17:59:35.621Z</time>
      </trkpt>
      <trkpt lat="43.4477123" lon="-3.9434592">
        <ele>156</ele>
        <time>2026-08-06T17:59:36.621Z</time>
      </trkpt>
      <trkpt lat="43.4477031" lon="-3.9434608">
        <ele>157</ele>
        <time>2026-08-06T17:59:37.621Z</time>
      </trkpt>
      <trkpt lat="43.447694" lon="-3.9434624">
        <ele>157</ele>
        <time>2026-08-06T17:59:38.621Z</time>
      </trkpt>
      <trkpt lat="43.447685" lon="-3.9434638">
        <ele>157</ele>
        <time>2026-08-06T17:59:39.621Z</time>
      </trkpt>
      <trkpt lat="43.4476761" lon="-3.9434653">
        <ele>157</ele>
        <time>2026-08-06T17:59:40.621Z</time>
      </trkpt>
      <trkpt lat="43.4476668" lon="-3.9434657">
        <ele>157</ele>
        <time>2026-08-06T17:59:41.621Z</time>
      </trkpt>
      <trkpt lat="43.4476575" lon="-3.9434661">
        <ele>158</ele>
        <time>2026-08-06T17:59:42.621Z</time>
      </trkpt>
      <trkpt lat="43.4476482" lon="-3.9434659">
        <ele>158</ele>
        <time>2026-08-06T17:59:43.621Z</time>
      </trkpt>
      <trkpt lat="43.447639" lon="-3.9434657">
        <ele>158</ele>
        <time>2026-08-06T17:59:44.621Z</time>
      </trkpt>
      <trkpt lat="43.4476302" lon="-3.9434661">
        <ele>158</ele>
        <time>2026-08-06T17:59:45.621Z</time>
      </trkpt>
      <trkpt lat="43.4476215" lon="-3.9434666">
        <ele>158</ele>
        <time>2026-08-06T17:59:46.621Z</time>
      </trkpt>
      <trkpt lat="43.4476128" lon="-3.9434672">
        <ele>159</ele>
        <time>2026-08-06T17:59:47.621Z</time>
      </trkpt>
      <trkpt lat="43.4476042" lon="-3.9434679">
        <ele>159</ele>
        <time>2026-08-06T17:59:48.621Z</time>
      </trkpt>
      <trkpt lat="43.4475957" lon="-3.9434683">
        <ele>159</ele>
        <time>2026-08-06T17:59:49.621Z</time>
      </trkpt>
      <trkpt lat="43.4475873" lon="-3.9434687">
        <ele>159</ele>
        <time>2026-08-06T17:59:50.621Z</time>
      </trkpt>
      <trkpt lat="43.4475782" lon="-3.943468">
        <ele>159</ele>
        <time>2026-08-06T17:59:51.621Z</time>
      </trkpt>
      <trkpt lat="43.4475692" lon="-3.9434673">
        <ele>160</ele>
        <time>2026-08-06T17:59:52.621Z</time>
      </trkpt>
      <trkpt lat="43.4475587" lon="-3.9434662">
        <ele>160</ele>
        <time>2026-08-06T17:59:53.621Z</time>
      </trkpt>
      <trkpt lat="43.4475482" lon="-3.9434651">
        <ele>160</ele>
        <time>2026-08-06T17:59:54.621Z</time>
      </trkpt>
      <trkpt lat="43.4475369" lon="-3.9434645">
        <ele>160</ele>
        <time>2026-08-06T17:59:55.621Z</time>
      </trkpt>
      <trkpt lat="43.4475257" lon="-3.943464">
        <ele>160</ele>
        <time>2026-08-06T17:59:56.621Z</time>
      </trkpt>
      <trkpt lat="43.4475138" lon="-3.9434645">
        <ele>161</ele>
        <time>2026-08-06T17:59:57.621Z</time>
      </trkpt>
      <trkpt lat="43.447502" lon="-3.9434651">
        <ele>161</ele>
        <time>2026-08-06T17:59:58.621Z</time>
      </trkpt>
      <trkpt lat="43.4474893" lon="-3.9434658">
        <ele>161</ele>
        <time>2026-08-06T17:59:59.621Z</time>
      </trkpt>
      <trkpt lat="43.4474767" lon="-3.9434665">
        <ele>161</ele>
        <time>2026-08-06T18:00:00.621Z</time>
      </trkpt>
      <trkpt lat="43.4474653" lon="-3.9434682">
        <ele>161</ele>
        <time>2026-08-06T18:00:01.621Z</time>
      </trkpt>
      <trkpt lat="43.447454" lon="-3.94347">
        <ele>162</ele>
        <time>2026-08-06T18:00:02.621Z</time>
      </trkpt>
      <trkpt lat="43.4474478" lon="-3.9434726">
        <ele>163</ele>
        <time>2026-08-06T18:00:12.621Z</time>
      </trkpt>
      <trkpt lat="43.4474435" lon="-3.9434744">
        <ele>163</ele>
        <time>2026-08-06T18:00:13.621Z</time>
      </trkpt>
      <trkpt lat="43.4474393" lon="-3.9434763">
        <ele>163</ele>
        <time>2026-08-06T18:00:14.621Z</time>
      </trkpt>
      <trkpt lat="43.4474321" lon="-3.943476">
        <ele>163</ele>
        <time>2026-08-06T18:00:15.621Z</time>
      </trkpt>
      <trkpt lat="43.447425" lon="-3.9434757">
        <ele>163</ele>
        <time>2026-08-06T18:00:16.621Z</time>
      </trkpt>
      <trkpt lat="43.4474138" lon="-3.9434734">
        <ele>163</ele>
        <time>2026-08-06T18:00:17.621Z</time>
      </trkpt>
      <trkpt lat="43.4474027" lon="-3.9434711">
        <ele>163</ele>
        <time>2026-08-06T18:00:18.621Z</time>
      </trkpt>
      <trkpt lat="43.4473901" lon="-3.9434694">
        <ele>163</ele>
        <time>2026-08-06T18:00:19.621Z</time>
      </trkpt>
      <trkpt lat="43.4473775" lon="-3.9434678">
        <ele>163</ele>
        <time>2026-08-06T18:00:20.621Z</time>
      </trkpt>
      <trkpt lat="43.4473659" lon="-3.9434681">
        <ele>163</ele>
        <time>2026-08-06T18:00:21.621Z</time>
      </trkpt>
      <trkpt lat="43.4473543" lon="-3.9434685">
        <ele>163</ele>
        <time>2026-08-06T18:00:22.621Z</time>
      </trkpt>
      <trkpt lat="43.4473433" lon="-3.9434697">
        <ele>163</ele>
        <time>2026-08-06T18:00:23.621Z</time>
      </trkpt>
      <trkpt lat="43.4473323" lon="-3.9434709">
        <ele>163</ele>
        <time>2026-08-06T18:00:24.621Z</time>
      </trkpt>
      <trkpt lat="43.4473214" lon="-3.9434722">
        <ele>163</ele>
        <time>2026-08-06T18:00:25.621Z</time>
      </trkpt>
      <trkpt lat="43.4473105" lon="-3.9434735">
        <ele>163</ele>
        <time>2026-08-06T18:00:26.621Z</time>
      </trkpt>
      <trkpt lat="43.4473003" lon="-3.9434757">
        <ele>164</ele>
        <time>2026-08-06T18:00:27.621Z</time>
      </trkpt>
      <trkpt lat="43.4472901" lon="-3.943478">
        <ele>164</ele>
        <time>2026-08-06T18:00:28.621Z</time>
      </trkpt>
      <trkpt lat="43.4472796" lon="-3.9434822">
        <ele>164</ele>
        <time>2026-08-06T18:00:29.621Z</time>
      </trkpt>
      <trkpt lat="43.4472692" lon="-3.9434864">
        <ele>164</ele>
        <time>2026-08-06T18:00:30.621Z</time>
      </trkpt>
      <trkpt lat="43.4472577" lon="-3.9434915">
        <ele>164</ele>
        <time>2026-08-06T18:00:31.621Z</time>
      </trkpt>
      <trkpt lat="43.4472462" lon="-3.9434966">
        <ele>165</ele>
        <time>2026-08-06T18:00:32.621Z</time>
      </trkpt>
      <trkpt lat="43.4472341" lon="-3.9435014">
        <ele>165</ele>
        <time>2026-08-06T18:00:33.621Z</time>
      </trkpt>
      <trkpt lat="43.4472221" lon="-3.9435063">
        <ele>165</ele>
        <time>2026-08-06T18:00:34.621Z</time>
      </trkpt>
      <trkpt lat="43.4472099" lon="-3.9435103">
        <ele>165</ele>
        <time>2026-08-06T18:00:35.621Z</time>
      </trkpt>
      <trkpt lat="43.4471978" lon="-3.9435143">
        <ele>165</ele>
        <time>2026-08-06T18:00:36.621Z</time>
      </trkpt>
      <trkpt lat="43.4471855" lon="-3.9435172">
        <ele>166</ele>
        <time>2026-08-06T18:00:37.621Z</time>
      </trkpt>
      <trkpt lat="43.4471733" lon="-3.9435201">
        <ele>166</ele>
        <time>2026-08-06T18:00:38.621Z</time>
      </trkpt>
      <trkpt lat="43.4471613" lon="-3.9435224">
        <ele>166</ele>
        <time>2026-08-06T18:00:39.621Z</time>
      </trkpt>
      <trkpt lat="43.4471493" lon="-3.9435248">
        <ele>166</ele>
        <time>2026-08-06T18:00:40.621Z</time>
      </trkpt>
      <trkpt lat="43.4471373" lon="-3.9435273">
        <ele>166</ele>
        <time>2026-08-06T18:00:41.621Z</time>
      </trkpt>
      <trkpt lat="43.4471254" lon="-3.9435299">
        <ele>167</ele>
        <time>2026-08-06T18:00:42.621Z</time>
      </trkpt>
      <trkpt lat="43.4471135" lon="-3.9435321">
        <ele>167</ele>
        <time>2026-08-06T18:00:43.621Z</time>
      </trkpt>
      <trkpt lat="43.4471016" lon="-3.9435344">
        <ele>167</ele>
        <time>2026-08-06T18:00:44.621Z</time>
      </trkpt>
      <trkpt lat="43.4470902" lon="-3.9435352">
        <ele>167</ele>
        <time>2026-08-06T18:00:45.621Z</time>
      </trkpt>
      <trkpt lat="43.4470789" lon="-3.9435361">
        <ele>167</ele>
        <time>2026-08-06T18:00:46.621Z</time>
      </trkpt>
      <trkpt lat="43.4470683" lon="-3.9435349">
        <ele>168</ele>
        <time>2026-08-06T18:00:47.621Z</time>
      </trkpt>
      <trkpt lat="43.4470577" lon="-3.9435338">
        <ele>168</ele>
        <time>2026-08-06T18:00:48.621Z</time>
      </trkpt>
      <trkpt lat="43.447047" lon="-3.9435317">
        <ele>168</ele>
        <time>2026-08-06T18:00:49.621Z</time>
      </trkpt>
      <trkpt lat="43.4470364" lon="-3.9435297">
        <ele>168</ele>
        <time>2026-08-06T18:00:50.621Z</time>
      </trkpt>
      <trkpt lat="43.4470179" lon="-3.9435259">
        <ele>170</ele>
        <time>2026-08-06T18:01:27.621Z</time>
      </trkpt>
      <trkpt lat="43.4470108" lon="-3.9435253">
        <ele>170</ele>
        <time>2026-08-06T18:01:28.621Z</time>
      </trkpt>
      <trkpt lat="43.4470037" lon="-3.9435248">
        <ele>170</ele>
        <time>2026-08-06T18:01:29.621Z</time>
      </trkpt>
      <trkpt lat="43.4469951" lon="-3.9435247">
        <ele>170</ele>
        <time>2026-08-06T18:01:30.621Z</time>
      </trkpt>
      <trkpt lat="43.4469865" lon="-3.9435246">
        <ele>170</ele>
        <time>2026-08-06T18:01:31.621Z</time>
      </trkpt>
      <trkpt lat="43.4469748" lon="-3.9435235">
        <ele>170</ele>
        <time>2026-08-06T18:01:32.621Z</time>
      </trkpt>
      <trkpt lat="43.4469631" lon="-3.9435224">
        <ele>169</ele>
        <time>2026-08-06T18:01:33.621Z</time>
      </trkpt>
      <trkpt lat="43.4469492" lon="-3.9435206">
        <ele>169</ele>
        <time>2026-08-06T18:01:34.621Z</time>
      </trkpt>
      <trkpt lat="43.4469354" lon="-3.9435189">
        <ele>169</ele>
        <time>2026-08-06T18:01:35.621Z</time>
      </trkpt>
      <trkpt lat="43.4469206" lon="-3.9435163">
        <ele>169</ele>
        <time>2026-08-06T18:01:36.621Z</time>
      </trkpt>
      <trkpt lat="43.4469058" lon="-3.9435138">
        <ele>169</ele>
        <time>2026-08-06T18:01:37.621Z</time>
      </trkpt>
      <trkpt lat="43.4468912" lon="-3.9435103">
        <ele>169</ele>
        <time>2026-08-06T18:01:38.621Z</time>
      </trkpt>
      <trkpt lat="43.4468766" lon="-3.9435068">
        <ele>169</ele>
        <time>2026-08-06T18:01:39.621Z</time>
      </trkpt>
      <trkpt lat="43.4468622" lon="-3.9435026">
        <ele>169</ele>
        <time>2026-08-06T18:01:40.621Z</time>
      </trkpt>
      <trkpt lat="43.4468479" lon="-3.9434984">
        <ele>169</ele>
        <time>2026-08-06T18:01:41.621Z</time>
      </trkpt>
      <trkpt lat="43.4468335" lon="-3.9434937">
        <ele>169</ele>
        <time>2026-08-06T18:01:42.621Z</time>
      </trkpt>
      <trkpt lat="43.4468192" lon="-3.9434891">
        <ele>169</ele>
        <time>2026-08-06T18:01:43.621Z</time>
      </trkpt>
      <trkpt lat="43.4468055" lon="-3.9434842">
        <ele>169</ele>
        <time>2026-08-06T18:01:44.621Z</time>
      </trkpt>
      <trkpt lat="43.4467919" lon="-3.9434793">
        <ele>169</ele>
        <time>2026-08-06T18:01:45.621Z</time>
      </trkpt>
      <trkpt lat="43.4467795" lon="-3.9434753">
        <ele>169</ele>
        <time>2026-08-06T18:01:46.621Z</time>
      </trkpt>
      <trkpt lat="43.4467672" lon="-3.9434714">
        <ele>170</ele>
        <time>2026-08-06T18:01:47.621Z</time>
      </trkpt>
      <trkpt lat="43.4467555" lon="-3.9434678">
        <ele>170</ele>
        <time>2026-08-06T18:01:48.621Z</time>
      </trkpt>
      <trkpt lat="43.4467439" lon="-3.9434643">
        <ele>170</ele>
        <time>2026-08-06T18:01:49.621Z</time>
      </trkpt>
      <trkpt lat="43.4467318" lon="-3.9434618">
        <ele>170</ele>
        <time>2026-08-06T18:01:50.621Z</time>
      </trkpt>
      <trkpt lat="43.4467198" lon="-3.9434594">
        <ele>170</ele>
        <time>2026-08-06T18:01:51.621Z</time>
      </trkpt>
      <trkpt lat="43.4467078" lon="-3.9434583">
        <ele>170</ele>
        <time>2026-08-06T18:01:52.621Z</time>
      </trkpt>
      <trkpt lat="43.4466958" lon="-3.9434573">
        <ele>170</ele>
        <time>2026-08-06T18:01:53.621Z</time>
      </trkpt>
      <trkpt lat="43.4466838" lon="-3.9434577">
        <ele>170</ele>
        <time>2026-08-06T18:01:54.621Z</time>
      </trkpt>
      <trkpt lat="43.4466718" lon="-3.9434581">
        <ele>170</ele>
        <time>2026-08-06T18:01:55.621Z</time>
      </trkpt>
      <trkpt lat="43.4466595" lon="-3.9434604">
        <ele>170</ele>
        <time>2026-08-06T18:01:56.621Z</time>
      </trkpt>
      <trkpt lat="43.4466473" lon="-3.9434627">
        <ele>171</ele>
        <time>2026-08-06T18:01:57.621Z</time>
      </trkpt>
      <trkpt lat="43.4466348" lon="-3.9434655">
        <ele>171</ele>
        <time>2026-08-06T18:01:58.621Z</time>
      </trkpt>
      <trkpt lat="43.4466224" lon="-3.9434683">
        <ele>171</ele>
        <time>2026-08-06T18:01:59.621Z</time>
      </trkpt>
      <trkpt lat="43.4466096" lon="-3.9434705">
        <ele>171</ele>
        <time>2026-08-06T18:02:00.621Z</time>
      </trkpt>
      <trkpt lat="43.4465969" lon="-3.9434728">
        <ele>171</ele>
        <time>2026-08-06T18:02:01.621Z</time>
      </trkpt>
      <trkpt lat="43.4465844" lon="-3.9434737">
        <ele>172</ele>
        <time>2026-08-06T18:02:02.621Z</time>
      </trkpt>
      <trkpt lat="43.4465719" lon="-3.9434746">
        <ele>172</ele>
        <time>2026-08-06T18:02:03.621Z</time>
      </trkpt>
      <trkpt lat="43.4465602" lon="-3.943475">
        <ele>172</ele>
        <time>2026-08-06T18:02:04.621Z</time>
      </trkpt>
      <trkpt lat="43.4465486" lon="-3.9434755">
        <ele>172</ele>
        <time>2026-08-06T18:02:05.621Z</time>
      </trkpt>
      <trkpt lat="43.4465373" lon="-3.9434756">
        <ele>172</ele>
        <time>2026-08-06T18:02:06.621Z</time>
      </trkpt>
      <trkpt lat="43.446526" lon="-3.9434757">
        <ele>173</ele>
        <time>2026-08-06T18:02:07.621Z</time>
      </trkpt>
      <trkpt lat="43.4465151" lon="-3.9434757">
        <ele>173</ele>
        <time>2026-08-06T18:02:08.621Z</time>
      </trkpt>
      <trkpt lat="43.4465042" lon="-3.9434758">
        <ele>173</ele>
        <time>2026-08-06T18:02:09.621Z</time>
      </trkpt>
      <trkpt lat="43.4464931" lon="-3.9434759">
        <ele>173</ele>
        <time>2026-08-06T18:02:10.621Z</time>
      </trkpt>
      <trkpt lat="43.4464821" lon="-3.943476">
        <ele>173</ele>
        <time>2026-08-06T18:02:11.621Z</time>
      </trkpt>
      <trkpt lat="43.4464711" lon="-3.9434757">
        <ele>174</ele>
        <time>2026-08-06T18:02:12.621Z</time>
      </trkpt>
      <trkpt lat="43.4464602" lon="-3.9434754">
        <ele>174</ele>
        <time>2026-08-06T18:02:13.621Z</time>
      </trkpt>
      <trkpt lat="43.4464501" lon="-3.9434742">
        <ele>174</ele>
        <time>2026-08-06T18:02:14.621Z</time>
      </trkpt>
      <trkpt lat="43.44644" lon="-3.943473">
        <ele>174</ele>
        <time>2026-08-06T18:02:15.621Z</time>
      </trkpt>
      <trkpt lat="43.44643" lon="-3.9434711">
        <ele>174</ele>
        <time>2026-08-06T18:02:16.621Z</time>
      </trkpt>
      <trkpt lat="43.4464201" lon="-3.9434692">
        <ele>175</ele>
        <time>2026-08-06T18:02:17.621Z</time>
      </trkpt>
      <trkpt lat="43.4464104" lon="-3.9434665">
        <ele>175</ele>
        <time>2026-08-06T18:02:18.621Z</time>
      </trkpt>
      <trkpt lat="43.4464007" lon="-3.9434638">
        <ele>175</ele>
        <time>2026-08-06T18:02:19.621Z</time>
      </trkpt>
      <trkpt lat="43.446392" lon="-3.943459">
        <ele>175</ele>
        <time>2026-08-06T18:02:20.621Z</time>
      </trkpt>
      <trkpt lat="43.4463833" lon="-3.9434543">
        <ele>175</ele>
        <time>2026-08-06T18:02:21.621Z</time>
      </trkpt>
      <trkpt lat="43.4463751" lon="-3.9434464">
        <ele>176</ele>
        <time>2026-08-06T18:02:22.621Z</time>
      </trkpt>
      <trkpt lat="43.4463669" lon="-3.9434385">
        <ele>176</ele>
        <time>2026-08-06T18:02:23.621Z</time>
      </trkpt>
      <trkpt lat="43.4463589" lon="-3.9434274">
        <ele>176</ele>
        <time>2026-08-06T18:02:24.621Z</time>
      </trkpt>
      <trkpt lat="43.4463509" lon="-3.9434164">
        <ele>176</ele>
        <time>2026-08-06T18:02:25.621Z</time>
      </trkpt>
      <trkpt lat="43.4463432" lon="-3.9434031">
        <ele>176</ele>
        <time>2026-08-06T18:02:26.621Z</time>
      </trkpt>
      <trkpt lat="43.4463355" lon="-3.9433898">
        <ele>177</ele>
        <time>2026-08-06T18:02:27.621Z</time>
      </trkpt>
      <trkpt lat="43.4463283" lon="-3.9433767">
        <ele>177</ele>
        <time>2026-08-06T18:02:28.621Z</time>
      </trkpt>
      <trkpt lat="43.4463212" lon="-3.9433637">
        <ele>177</ele>
        <time>2026-08-06T18:02:29.621Z</time>
      </trkpt>
      <trkpt lat="43.4463143" lon="-3.9433507">
        <ele>178</ele>
        <time>2026-08-06T18:02:30.621Z</time>
      </trkpt>
      <trkpt lat="43.4463075" lon="-3.9433378">
        <ele>178</ele>
        <time>2026-08-06T18:02:31.621Z</time>
      </trkpt>
      <trkpt lat="43.4463004" lon="-3.943324">
        <ele>179</ele>
        <time>2026-08-06T18:02:32.621Z</time>
      </trkpt>
      <trkpt lat="43.4462933" lon="-3.9433102">
        <ele>179</ele>
        <time>2026-08-06T18:02:33.621Z</time>
      </trkpt>
      <trkpt lat="43.4462862" lon="-3.9432961">
        <ele>179</ele>
        <time>2026-08-06T18:02:34.621Z</time>
      </trkpt>
      <trkpt lat="43.4462791" lon="-3.9432821">
        <ele>179</ele>
        <time>2026-08-06T18:02:35.621Z</time>
      </trkpt>
      <trkpt lat="43.4462716" lon="-3.9432678">
        <ele>179</ele>
        <time>2026-08-06T18:02:36.621Z</time>
      </trkpt>
      <trkpt lat="43.4462642" lon="-3.9432535">
        <ele>180</ele>
        <time>2026-08-06T18:02:37.621Z</time>
      </trkpt>
      <trkpt lat="43.4462566" lon="-3.9432391">
        <ele>180</ele>
        <time>2026-08-06T18:02:38.621Z</time>
      </trkpt>
      <trkpt lat="43.4462491" lon="-3.9432247">
        <ele>180</ele>
        <time>2026-08-06T18:02:39.621Z</time>
      </trkpt>
      <trkpt lat="43.4462424" lon="-3.9432121">
        <ele>180</ele>
        <time>2026-08-06T18:02:40.621Z</time>
      </trkpt>
      <trkpt lat="43.4462358" lon="-3.9431996">
        <ele>180</ele>
        <time>2026-08-06T18:02:41.621Z</time>
      </trkpt>
      <trkpt lat="43.44623" lon="-3.9431878">
        <ele>181</ele>
        <time>2026-08-06T18:02:42.621Z</time>
      </trkpt>
      <trkpt lat="43.4462242" lon="-3.943176">
        <ele>181</ele>
        <time>2026-08-06T18:02:43.621Z</time>
      </trkpt>
      <trkpt lat="43.4462181" lon="-3.9431637">
        <ele>181</ele>
        <time>2026-08-06T18:02:44.621Z</time>
      </trkpt>
      <trkpt lat="43.4462121" lon="-3.9431515">
        <ele>181</ele>
        <time>2026-08-06T18:02:45.621Z</time>
      </trkpt>
      <trkpt lat="43.4462047" lon="-3.9431396">
        <ele>181</ele>
        <time>2026-08-06T18:02:46.621Z</time>
      </trkpt>
      <trkpt lat="43.4461973" lon="-3.9431277">
        <ele>181</ele>
        <time>2026-08-06T18:02:47.621Z</time>
      </trkpt>
      <trkpt lat="43.4461884" lon="-3.943116">
        <ele>181</ele>
        <time>2026-08-06T18:02:48.621Z</time>
      </trkpt>
      <trkpt lat="43.4461796" lon="-3.9431043">
        <ele>181</ele>
        <time>2026-08-06T18:02:49.621Z</time>
      </trkpt>
      <trkpt lat="43.4461695" lon="-3.9430947">
        <ele>181</ele>
        <time>2026-08-06T18:02:50.621Z</time>
      </trkpt>
      <trkpt lat="43.4461594" lon="-3.9430851">
        <ele>181</ele>
        <time>2026-08-06T18:02:51.621Z</time>
      </trkpt>
      <trkpt lat="43.4461479" lon="-3.9430783">
        <ele>182</ele>
        <time>2026-08-06T18:02:52.621Z</time>
      </trkpt>
      <trkpt lat="43.4461365" lon="-3.9430716">
        <ele>182</ele>
        <time>2026-08-06T18:02:53.621Z</time>
      </trkpt>
      <trkpt lat="43.4461247" lon="-3.9430658">
        <ele>182</ele>
        <time>2026-08-06T18:02:54.621Z</time>
      </trkpt>
      <trkpt lat="43.446113" lon="-3.94306">
        <ele>182</ele>
        <time>2026-08-06T18:02:55.621Z</time>
      </trkpt>
      <trkpt lat="43.4461026" lon="-3.9430524">
        <ele>182</ele>
        <time>2026-08-06T18:02:56.621Z</time>
      </trkpt>
      <trkpt lat="43.4460923" lon="-3.9430449">
        <ele>183</ele>
        <time>2026-08-06T18:02:57.621Z</time>
      </trkpt>
      <trkpt lat="43.4460829" lon="-3.9430365">
        <ele>183</ele>
        <time>2026-08-06T18:02:58.621Z</time>
      </trkpt>
      <trkpt lat="43.4460736" lon="-3.9430281">
        <ele>183</ele>
        <time>2026-08-06T18:02:59.621Z</time>
      </trkpt>
      <trkpt lat="43.4460648" lon="-3.943019">
        <ele>183</ele>
        <time>2026-08-06T18:03:00.621Z</time>
      </trkpt>
      <trkpt lat="43.4460561" lon="-3.94301">
        <ele>183</ele>
        <time>2026-08-06T18:03:01.621Z</time>
      </trkpt>
      <trkpt lat="43.4460474" lon="-3.943">
        <ele>184</ele>
        <time>2026-08-06T18:03:02.621Z</time>
      </trkpt>
      <trkpt lat="43.4460387" lon="-3.9429901">
        <ele>184</ele>
        <time>2026-08-06T18:03:03.621Z</time>
      </trkpt>
      <trkpt lat="43.4460296" lon="-3.9429809">
        <ele>184</ele>
        <time>2026-08-06T18:03:04.621Z</time>
      </trkpt>
      <trkpt lat="43.4460205" lon="-3.9429717">
        <ele>184</ele>
        <time>2026-08-06T18:03:05.621Z</time>
      </trkpt>
      <trkpt lat="43.4460114" lon="-3.9429632">
        <ele>184</ele>
        <time>2026-08-06T18:03:06.621Z</time>
      </trkpt>
      <trkpt lat="43.4460023" lon="-3.9429548">
        <ele>185</ele>
        <time>2026-08-06T18:03:07.621Z</time>
      </trkpt>
      <trkpt lat="43.4459931" lon="-3.9429447">
        <ele>185</ele>
        <time>2026-08-06T18:03:08.621Z</time>
      </trkpt>
      <trkpt lat="43.445984" lon="-3.9429347">
        <ele>185</ele>
        <time>2026-08-06T18:03:09.621Z</time>
      </trkpt>
      <trkpt lat="43.4459757" lon="-3.9429255">
        <ele>185</ele>
        <time>2026-08-06T18:03:10.621Z</time>
      </trkpt>
      <trkpt lat="43.4459674" lon="-3.9429163">
        <ele>185</ele>
        <time>2026-08-06T18:03:11.621Z</time>
      </trkpt>
      <trkpt lat="43.4459585" lon="-3.9429014">
        <ele>185</ele>
        <time>2026-08-06T18:03:32.621Z</time>
      </trkpt>
      <trkpt lat="43.4459565" lon="-3.9428989">
        <ele>185</ele>
        <time>2026-08-06T18:03:33.621Z</time>
      </trkpt>
      <trkpt lat="43.4459545" lon="-3.9428964">
        <ele>185</ele>
        <time>2026-08-06T18:03:34.621Z</time>
      </trkpt>
      <trkpt lat="43.4459497" lon="-3.942896">
        <ele>185</ele>
        <time>2026-08-06T18:03:35.621Z</time>
      </trkpt>
      <trkpt lat="43.4459449" lon="-3.9428956">
        <ele>185</ele>
        <time>2026-08-06T18:03:36.621Z</time>
      </trkpt>
      <trkpt lat="43.4459351" lon="-3.942895">
        <ele>185</ele>
        <time>2026-08-06T18:03:37.621Z</time>
      </trkpt>
      <trkpt lat="43.4459254" lon="-3.9428945">
        <ele>185</ele>
        <time>2026-08-06T18:03:38.621Z</time>
      </trkpt>
      <trkpt lat="43.4459121" lon="-3.9428945">
        <ele>185</ele>
        <time>2026-08-06T18:03:39.621Z</time>
      </trkpt>
      <trkpt lat="43.4458989" lon="-3.9428945">
        <ele>185</ele>
        <time>2026-08-06T18:03:40.621Z</time>
      </trkpt>
      <trkpt lat="43.4458838" lon="-3.9428986">
        <ele>185</ele>
        <time>2026-08-06T18:03:41.621Z</time>
      </trkpt>
      <trkpt lat="43.4458688" lon="-3.9429027">
        <ele>185</ele>
        <time>2026-08-06T18:03:42.621Z</time>
      </trkpt>
      <trkpt lat="43.4458503" lon="-3.9429103">
        <ele>185</ele>
        <time>2026-08-06T18:03:43.621Z</time>
      </trkpt>
      <trkpt lat="43.4458318" lon="-3.9429179">
        <ele>185</ele>
        <time>2026-08-06T18:03:44.621Z</time>
      </trkpt>
      <trkpt lat="43.44581" lon="-3.9429277">
        <ele>185</ele>
        <time>2026-08-06T18:03:45.621Z</time>
      </trkpt>
      <trkpt lat="43.4457882" lon="-3.9429376">
        <ele>185</ele>
        <time>2026-08-06T18:03:46.621Z</time>
      </trkpt>
      <trkpt lat="43.4457643" lon="-3.9429485">
        <ele>186</ele>
        <time>2026-08-06T18:03:47.621Z</time>
      </trkpt>
      <trkpt lat="43.4457405" lon="-3.9429594">
        <ele>186</ele>
        <time>2026-08-06T18:03:48.621Z</time>
      </trkpt>
      <trkpt lat="43.4457153" lon="-3.9429707">
        <ele>186</ele>
        <time>2026-08-06T18:03:49.621Z</time>
      </trkpt>
      <trkpt lat="43.4456901" lon="-3.942982">
        <ele>186</ele>
        <time>2026-08-06T18:03:50.621Z</time>
      </trkpt>
      <trkpt lat="43.4456643" lon="-3.9429936">
        <ele>186</ele>
        <time>2026-08-06T18:03:51.621Z</time>
      </trkpt>
      <trkpt lat="43.4456385" lon="-3.9430052">
        <ele>186</ele>
        <time>2026-08-06T18:03:52.621Z</time>
      </trkpt>
      <trkpt lat="43.4456122" lon="-3.9430171">
        <ele>186</ele>
        <time>2026-08-06T18:03:53.621Z</time>
      </trkpt>
      <trkpt lat="43.445586" lon="-3.9430291">
        <ele>186</ele>
        <time>2026-08-06T18:03:54.621Z</time>
      </trkpt>
      <trkpt lat="43.4455594" lon="-3.9430417">
        <ele>186</ele>
        <time>2026-08-06T18:03:55.621Z</time>
      </trkpt>
      <trkpt lat="43.4455328" lon="-3.9430544">
        <ele>186</ele>
        <time>2026-08-06T18:03:56.621Z</time>
      </trkpt>
      <trkpt lat="43.4455074" lon="-3.9430681">
        <ele>186</ele>
        <time>2026-08-06T18:03:57.621Z</time>
      </trkpt>
      <trkpt lat="43.445482" lon="-3.9430819">
        <ele>185</ele>
        <time>2026-08-06T18:03:58.621Z</time>
      </trkpt>
      <trkpt lat="43.4454588" lon="-3.9430967">
        <ele>185</ele>
        <time>2026-08-06T18:03:59.621Z</time>
      </trkpt>
      <trkpt lat="43.4454357" lon="-3.9431116">
        <ele>185</ele>
        <time>2026-08-06T18:04:00.621Z</time>
      </trkpt>
      <trkpt lat="43.4454149" lon="-3.9431284">
        <ele>185</ele>
        <time>2026-08-06T18:04:01.621Z</time>
      </trkpt>
      <trkpt lat="43.4453942" lon="-3.9431452">
        <ele>185</ele>
        <time>2026-08-06T18:04:02.621Z</time>
      </trkpt>
      <trkpt lat="43.4453746" lon="-3.9431641">
        <ele>185</ele>
        <time>2026-08-06T18:04:03.621Z</time>
      </trkpt>
      <trkpt lat="43.4453551" lon="-3.943183">
        <ele>185</ele>
        <time>2026-08-06T18:04:04.621Z</time>
      </trkpt>
      <trkpt lat="43.4453361" lon="-3.9432027">
        <ele>185</ele>
        <time>2026-08-06T18:04:05.621Z</time>
      </trkpt>
      <trkpt lat="43.4453172" lon="-3.9432224">
        <ele>185</ele>
        <time>2026-08-06T18:04:06.621Z</time>
      </trkpt>
      <trkpt lat="43.4452977" lon="-3.9432425">
        <ele>185</ele>
        <time>2026-08-06T18:04:07.621Z</time>
      </trkpt>
      <trkpt lat="43.4452782" lon="-3.9432627">
        <ele>184</ele>
        <time>2026-08-06T18:04:08.621Z</time>
      </trkpt>
      <trkpt lat="43.4452572" lon="-3.9432822">
        <ele>184</ele>
        <time>2026-08-06T18:04:09.621Z</time>
      </trkpt>
      <trkpt lat="43.4452363" lon="-3.9433017">
        <ele>184</ele>
        <time>2026-08-06T18:04:10.621Z</time>
      </trkpt>
      <trkpt lat="43.4452135" lon="-3.9433189">
        <ele>184</ele>
        <time>2026-08-06T18:04:11.621Z</time>
      </trkpt>
      <trkpt lat="43.4451907" lon="-3.9433361">
        <ele>184</ele>
        <time>2026-08-06T18:04:12.621Z</time>
      </trkpt>
      <trkpt lat="43.4451665" lon="-3.9433474">
        <ele>183</ele>
        <time>2026-08-06T18:04:13.621Z</time>
      </trkpt>
      <trkpt lat="43.4451423" lon="-3.9433588">
        <ele>183</ele>
        <time>2026-08-06T18:04:14.621Z</time>
      </trkpt>
      <trkpt lat="43.4451185" lon="-3.9433634">
        <ele>183</ele>
        <time>2026-08-06T18:04:15.621Z</time>
      </trkpt>
      <trkpt lat="43.4450948" lon="-3.943368">
        <ele>183</ele>
        <time>2026-08-06T18:04:16.621Z</time>
      </trkpt>
      <trkpt lat="43.445072" lon="-3.943368">
        <ele>183</ele>
        <time>2026-08-06T18:04:17.621Z</time>
      </trkpt>
      <trkpt lat="43.4450493" lon="-3.9433681">
        <ele>182</ele>
        <time>2026-08-06T18:04:18.621Z</time>
      </trkpt>
      <trkpt lat="43.4450264" lon="-3.9433671">
        <ele>182</ele>
        <time>2026-08-06T18:04:19.621Z</time>
      </trkpt>
      <trkpt lat="43.4450035" lon="-3.9433662">
        <ele>182</ele>
        <time>2026-08-06T18:04:20.621Z</time>
      </trkpt>
      <trkpt lat="43.4449797" lon="-3.9433643">
        <ele>182</ele>
        <time>2026-08-06T18:04:21.621Z</time>
      </trkpt>
      <trkpt lat="43.4449559" lon="-3.9433625">
        <ele>182</ele>
        <time>2026-08-06T18:04:22.621Z</time>
      </trkpt>
      <trkpt lat="43.4449314" lon="-3.9433606">
        <ele>181</ele>
        <time>2026-08-06T18:04:23.621Z</time>
      </trkpt>
      <trkpt lat="43.4449069" lon="-3.9433588">
        <ele>181</ele>
        <time>2026-08-06T18:04:24.621Z</time>
      </trkpt>
      <trkpt lat="43.4448818" lon="-3.9433605">
        <ele>180</ele>
        <time>2026-08-06T18:04:25.621Z</time>
      </trkpt>
      <trkpt lat="43.4448567" lon="-3.9433622">
        <ele>180</ele>
        <time>2026-08-06T18:04:26.621Z</time>
      </trkpt>
      <trkpt lat="43.4448314" lon="-3.9433704">
        <ele>180</ele>
        <time>2026-08-06T18:04:27.621Z</time>
      </trkpt>
      <trkpt lat="43.4448061" lon="-3.9433786">
        <ele>180</ele>
        <time>2026-08-06T18:04:28.621Z</time>
      </trkpt>
      <trkpt lat="43.4447807" lon="-3.9433925">
        <ele>180</ele>
        <time>2026-08-06T18:04:29.621Z</time>
      </trkpt>
      <trkpt lat="43.4447553" lon="-3.9434065">
        <ele>180</ele>
        <time>2026-08-06T18:04:30.621Z</time>
      </trkpt>
      <trkpt lat="43.4447292" lon="-3.9434262">
        <ele>180</ele>
        <time>2026-08-06T18:04:31.621Z</time>
      </trkpt>
      <trkpt lat="43.4447031" lon="-3.9434459">
        <ele>180</ele>
        <time>2026-08-06T18:04:32.621Z</time>
      </trkpt>
      <trkpt lat="43.4446744" lon="-3.9434652">
        <ele>180</ele>
        <time>2026-08-06T18:04:33.621Z</time>
      </trkpt>
      <trkpt lat="43.4446458" lon="-3.9434845">
        <ele>180</ele>
        <time>2026-08-06T18:04:34.621Z</time>
      </trkpt>
      <trkpt lat="43.4446153" lon="-3.9434992">
        <ele>180</ele>
        <time>2026-08-06T18:04:35.621Z</time>
      </trkpt>
      <trkpt lat="43.4445848" lon="-3.943514">
        <ele>180</ele>
        <time>2026-08-06T18:04:36.621Z</time>
      </trkpt>
      <trkpt lat="43.4445552" lon="-3.943528">
        <ele>181</ele>
        <time>2026-08-06T18:04:37.621Z</time>
      </trkpt>
      <trkpt lat="43.4445256" lon="-3.9435421">
        <ele>181</ele>
        <time>2026-08-06T18:04:38.621Z</time>
      </trkpt>
      <trkpt lat="43.444498" lon="-3.9435575">
        <ele>182</ele>
        <time>2026-08-06T18:04:39.621Z</time>
      </trkpt>
      <trkpt lat="43.4444704" lon="-3.9435729">
        <ele>182</ele>
        <time>2026-08-06T18:04:40.621Z</time>
      </trkpt>
      <trkpt lat="43.4444451" lon="-3.9435902">
        <ele>183</ele>
        <time>2026-08-06T18:04:41.621Z</time>
      </trkpt>
      <trkpt lat="43.4444199" lon="-3.9436076">
        <ele>184</ele>
        <time>2026-08-06T18:04:42.621Z</time>
      </trkpt>
      <trkpt lat="43.4443974" lon="-3.9436272">
        <ele>184</ele>
        <time>2026-08-06T18:04:43.621Z</time>
      </trkpt>
      <trkpt lat="43.444375" lon="-3.9436469">
        <ele>185</ele>
        <time>2026-08-06T18:04:44.621Z</time>
      </trkpt>
      <trkpt lat="43.4443551" lon="-3.9436667">
        <ele>186</ele>
        <time>2026-08-06T18:04:45.621Z</time>
      </trkpt>
      <trkpt lat="43.4443353" lon="-3.9436865">
        <ele>187</ele>
        <time>2026-08-06T18:04:46.621Z</time>
      </trkpt>
      <trkpt lat="43.4443166" lon="-3.943706">
        <ele>188</ele>
        <time>2026-08-06T18:04:47.621Z</time>
      </trkpt>
      <trkpt lat="43.4442979" lon="-3.9437256">
        <ele>188</ele>
        <time>2026-08-06T18:04:48.621Z</time>
      </trkpt>
      <trkpt lat="43.4442811" lon="-3.9437462">
        <ele>189</ele>
        <time>2026-08-06T18:04:49.621Z</time>
      </trkpt>
      <trkpt lat="43.4442643" lon="-3.9437669">
        <ele>189</ele>
        <time>2026-08-06T18:04:50.621Z</time>
      </trkpt>
      <trkpt lat="43.44425" lon="-3.94379">
        <ele>190</ele>
        <time>2026-08-06T18:04:51.621Z</time>
      </trkpt>
      <trkpt lat="43.4442358" lon="-3.9438131">
        <ele>191</ele>
        <time>2026-08-06T18:04:52.621Z</time>
      </trkpt>
      <trkpt lat="43.4442248" lon="-3.943838">
        <ele>191</ele>
        <time>2026-08-06T18:04:53.621Z</time>
      </trkpt>
      <trkpt lat="43.4442138" lon="-3.943863">
        <ele>192</ele>
        <time>2026-08-06T18:04:54.621Z</time>
      </trkpt>
      <trkpt lat="43.4442044" lon="-3.9438868">
        <ele>192</ele>
        <time>2026-08-06T18:04:55.621Z</time>
      </trkpt>
      <trkpt lat="43.444195" lon="-3.9439106">
        <ele>193</ele>
        <time>2026-08-06T18:04:56.621Z</time>
      </trkpt>
      <trkpt lat="43.4441862" lon="-3.9439321">
        <ele>194</ele>
        <time>2026-08-06T18:04:57.621Z</time>
      </trkpt>
      <trkpt lat="43.4441774" lon="-3.9439536">
        <ele>194</ele>
        <time>2026-08-06T18:04:58.621Z</time>
      </trkpt>
      <trkpt lat="43.4441682" lon="-3.9439879">
        <ele>197</ele>
        <time>2026-08-06T18:05:06.621Z</time>
      </trkpt>
      <trkpt lat="43.4441671" lon="-3.9439982">
        <ele>198</ele>
        <time>2026-08-06T18:05:07.621Z</time>
      </trkpt>
      <trkpt lat="43.4441661" lon="-3.9440085">
        <ele>198</ele>
        <time>2026-08-06T18:05:08.621Z</time>
      </trkpt>
      <trkpt lat="43.4441652" lon="-3.9440199">
        <ele>198</ele>
        <time>2026-08-06T18:05:09.621Z</time>
      </trkpt>
      <trkpt lat="43.4441643" lon="-3.9440314">
        <ele>198</ele>
        <time>2026-08-06T18:05:10.621Z</time>
      </trkpt>
      <trkpt lat="43.4441626" lon="-3.9440453">
        <ele>198</ele>
        <time>2026-08-06T18:05:11.621Z</time>
      </trkpt>
      <trkpt lat="43.444161" lon="-3.9440593">
        <ele>198</ele>
        <time>2026-08-06T18:05:12.621Z</time>
      </trkpt>
      <trkpt lat="43.4441564" lon="-3.9440649">
        <ele>199</ele>
        <time>2026-08-06T18:05:42.621Z</time>
      </trkpt>
      <trkpt lat="43.444151" lon="-3.9440682">
        <ele>198</ele>
        <time>2026-08-06T18:05:43.621Z</time>
      </trkpt>
      <trkpt lat="43.4441457" lon="-3.9440715">
        <ele>198</ele>
        <time>2026-08-06T18:05:44.621Z</time>
      </trkpt>
      <trkpt lat="43.4441332" lon="-3.9440719">
        <ele>198</ele>
        <time>2026-08-06T18:05:45.621Z</time>
      </trkpt>
      <trkpt lat="43.4441208" lon="-3.9440723">
        <ele>198</ele>
        <time>2026-08-06T18:05:46.621Z</time>
      </trkpt>
      <trkpt lat="43.4440986" lon="-3.9440654">
        <ele>198</ele>
        <time>2026-08-06T18:05:47.621Z</time>
      </trkpt>
      <trkpt lat="43.4440765" lon="-3.9440585">
        <ele>197</ele>
        <time>2026-08-06T18:05:48.621Z</time>
      </trkpt>
      <trkpt lat="43.4440475" lon="-3.9440435">
        <ele>197</ele>
        <time>2026-08-06T18:05:49.621Z</time>
      </trkpt>
      <trkpt lat="43.4440186" lon="-3.9440286">
        <ele>197</ele>
        <time>2026-08-06T18:05:50.621Z</time>
      </trkpt>
      <trkpt lat="43.4439875" lon="-3.9440064">
        <ele>197</ele>
        <time>2026-08-06T18:05:51.621Z</time>
      </trkpt>
      <trkpt lat="43.4439565" lon="-3.9439842">
        <ele>197</ele>
        <time>2026-08-06T18:05:52.621Z</time>
      </trkpt>
      <trkpt lat="43.4439264" lon="-3.9439599">
        <ele>196</ele>
        <time>2026-08-06T18:05:53.621Z</time>
      </trkpt>
      <trkpt lat="43.4438964" lon="-3.9439356">
        <ele>196</ele>
        <time>2026-08-06T18:05:54.621Z</time>
      </trkpt>
      <trkpt lat="43.4438664" lon="-3.9439141">
        <ele>196</ele>
        <time>2026-08-06T18:05:55.621Z</time>
      </trkpt>
      <trkpt lat="43.4438364" lon="-3.9438926">
        <ele>196</ele>
        <time>2026-08-06T18:05:56.621Z</time>
      </trkpt>
      <trkpt lat="43.4438063" lon="-3.9438753">
        <ele>196</ele>
        <time>2026-08-06T18:05:57.621Z</time>
      </trkpt>
      <trkpt lat="43.4437763" lon="-3.943858">
        <ele>196</ele>
        <time>2026-08-06T18:05:58.621Z</time>
      </trkpt>
      <trkpt lat="43.4437474" lon="-3.9438432">
        <ele>196</ele>
        <time>2026-08-06T18:05:59.621Z</time>
      </trkpt>
      <trkpt lat="43.4437185" lon="-3.9438284">
        <ele>196</ele>
        <time>2026-08-06T18:06:00.621Z</time>
      </trkpt>
      <trkpt lat="43.4436969" lon="-3.9438061">
        <ele>196</ele>
        <time>2026-08-06T18:06:01.621Z</time>
      </trkpt>
      <trkpt lat="43.4436754" lon="-3.9437839">
        <ele>196</ele>
        <time>2026-08-06T18:06:02.621Z</time>
      </trkpt>
      <trkpt lat="43.4436643" lon="-3.9437503">
        <ele>195</ele>
        <time>2026-08-06T18:06:03.621Z</time>
      </trkpt>
      <trkpt lat="43.4436533" lon="-3.9437168">
        <ele>195</ele>
        <time>2026-08-06T18:06:04.621Z</time>
      </trkpt>
      <trkpt lat="43.443647" lon="-3.9436758">
        <ele>195</ele>
        <time>2026-08-06T18:06:05.621Z</time>
      </trkpt>
      <trkpt lat="43.4436408" lon="-3.9436349">
        <ele>195</ele>
        <time>2026-08-06T18:06:06.621Z</time>
      </trkpt>
      <trkpt lat="43.443631" lon="-3.943597">
        <ele>195</ele>
        <time>2026-08-06T18:06:07.621Z</time>
      </trkpt>
      <trkpt lat="43.4436212" lon="-3.9435592">
        <ele>194</ele>
        <time>2026-08-06T18:06:08.621Z</time>
      </trkpt>
      <trkpt lat="43.443604" lon="-3.9435282">
        <ele>194</ele>
        <time>2026-08-06T18:06:09.621Z</time>
      </trkpt>
      <trkpt lat="43.4435868" lon="-3.9434973">
        <ele>194</ele>
        <time>2026-08-06T18:06:10.621Z</time>
      </trkpt>
      <trkpt lat="43.4435642" lon="-3.9434732">
        <ele>194</ele>
        <time>2026-08-06T18:06:11.621Z</time>
      </trkpt>
      <trkpt lat="43.4435416" lon="-3.9434491">
        <ele>194</ele>
        <time>2026-08-06T18:06:12.621Z</time>
      </trkpt>
      <trkpt lat="43.4435144" lon="-3.9434402">
        <ele>193</ele>
        <time>2026-08-06T18:06:13.621Z</time>
      </trkpt>
      <trkpt lat="43.4434872" lon="-3.9434313">
        <ele>192</ele>
        <time>2026-08-06T18:06:14.621Z</time>
      </trkpt>
      <trkpt lat="43.4434588" lon="-3.9434378">
        <ele>191</ele>
        <time>2026-08-06T18:06:15.621Z</time>
      </trkpt>
      <trkpt lat="43.4434304" lon="-3.9434443">
        <ele>190</ele>
        <time>2026-08-06T18:06:16.621Z</time>
      </trkpt>
      <trkpt lat="43.4434011" lon="-3.9434592">
        <ele>190</ele>
        <time>2026-08-06T18:06:17.621Z</time>
      </trkpt>
      <trkpt lat="43.4433719" lon="-3.9434742">
        <ele>189</ele>
        <time>2026-08-06T18:06:18.621Z</time>
      </trkpt>
      <trkpt lat="43.44334" lon="-3.9434923">
        <ele>188</ele>
        <time>2026-08-06T18:06:19.621Z</time>
      </trkpt>
      <trkpt lat="43.4433082" lon="-3.9435104">
        <ele>187</ele>
        <time>2026-08-06T18:06:20.621Z</time>
      </trkpt>
      <trkpt lat="43.4432762" lon="-3.9435319">
        <ele>186</ele>
        <time>2026-08-06T18:06:21.621Z</time>
      </trkpt>
      <trkpt lat="43.4432443" lon="-3.9435534">
        <ele>186</ele>
        <time>2026-08-06T18:06:22.621Z</time>
      </trkpt>
      <trkpt lat="43.4432184" lon="-3.9435848">
        <ele>185</ele>
        <time>2026-08-06T18:06:23.621Z</time>
      </trkpt>
      <trkpt lat="43.4431925" lon="-3.9436162">
        <ele>184</ele>
        <time>2026-08-06T18:06:24.621Z</time>
      </trkpt>
      <trkpt lat="43.4431686" lon="-3.9436518">
        <ele>183</ele>
        <time>2026-08-06T18:06:25.621Z</time>
      </trkpt>
      <trkpt lat="43.4431448" lon="-3.9436875">
        <ele>182</ele>
        <time>2026-08-06T18:06:26.621Z</time>
      </trkpt>
      <trkpt lat="43.4431151" lon="-3.9437097">
        <ele>181</ele>
        <time>2026-08-06T18:06:27.621Z</time>
      </trkpt>
      <trkpt lat="43.4430854" lon="-3.943732">
        <ele>180</ele>
        <time>2026-08-06T18:06:28.621Z</time>
      </trkpt>
      <trkpt lat="43.4430547" lon="-3.9437334">
        <ele>179</ele>
        <time>2026-08-06T18:06:29.621Z</time>
      </trkpt>
      <trkpt lat="43.443024" lon="-3.9437348">
        <ele>178</ele>
        <time>2026-08-06T18:06:30.621Z</time>
      </trkpt>
      <trkpt lat="43.4429947" lon="-3.9437261">
        <ele>177</ele>
        <time>2026-08-06T18:06:31.621Z</time>
      </trkpt>
      <trkpt lat="43.4429655" lon="-3.9437174">
        <ele>177</ele>
        <time>2026-08-06T18:06:32.621Z</time>
      </trkpt>
      <trkpt lat="43.4429373" lon="-3.9437159">
        <ele>176</ele>
        <time>2026-08-06T18:06:33.621Z</time>
      </trkpt>
      <trkpt lat="43.4429091" lon="-3.9437145">
        <ele>176</ele>
        <time>2026-08-06T18:06:34.621Z</time>
      </trkpt>
      <trkpt lat="43.4428834" lon="-3.9437273">
        <ele>176</ele>
        <time>2026-08-06T18:06:35.621Z</time>
      </trkpt>
      <trkpt lat="43.4428578" lon="-3.9437401">
        <ele>176</ele>
        <time>2026-08-06T18:06:36.621Z</time>
      </trkpt>
      <trkpt lat="43.442835" lon="-3.9437641">
        <ele>176</ele>
        <time>2026-08-06T18:06:37.621Z</time>
      </trkpt>
      <trkpt lat="43.4428123" lon="-3.9437881">
        <ele>176</ele>
        <time>2026-08-06T18:06:38.621Z</time>
      </trkpt>
      <trkpt lat="43.4427908" lon="-3.9438168">
        <ele>176</ele>
        <time>2026-08-06T18:06:39.621Z</time>
      </trkpt>
      <trkpt lat="43.4427693" lon="-3.9438455">
        <ele>176</ele>
        <time>2026-08-06T18:06:40.621Z</time>
      </trkpt>
      <trkpt lat="43.4427475" lon="-3.9438725">
        <ele>176</ele>
        <time>2026-08-06T18:06:41.621Z</time>
      </trkpt>
      <trkpt lat="43.4427257" lon="-3.9438996">
        <ele>176</ele>
        <time>2026-08-06T18:06:42.621Z</time>
      </trkpt>
      <trkpt lat="43.4427028" lon="-3.9439242">
        <ele>176</ele>
        <time>2026-08-06T18:06:43.621Z</time>
      </trkpt>
      <trkpt lat="43.44268" lon="-3.9439488">
        <ele>176</ele>
        <time>2026-08-06T18:06:44.621Z</time>
      </trkpt>
      <trkpt lat="43.4426558" lon="-3.9439709">
        <ele>176</ele>
        <time>2026-08-06T18:06:45.621Z</time>
      </trkpt>
      <trkpt lat="43.4426316" lon="-3.9439931">
        <ele>176</ele>
        <time>2026-08-06T18:06:46.621Z</time>
      </trkpt>
      <trkpt lat="43.442606" lon="-3.9440114">
        <ele>176</ele>
        <time>2026-08-06T18:06:47.621Z</time>
      </trkpt>
      <trkpt lat="43.4425804" lon="-3.9440298">
        <ele>176</ele>
        <time>2026-08-06T18:06:48.621Z</time>
      </trkpt>
      <trkpt lat="43.4425539" lon="-3.9440445">
        <ele>176</ele>
        <time>2026-08-06T18:06:49.621Z</time>
      </trkpt>
      <trkpt lat="43.4425275" lon="-3.9440593">
        <ele>176</ele>
        <time>2026-08-06T18:06:50.621Z</time>
      </trkpt>
      <trkpt lat="43.4425004" lon="-3.944069">
        <ele>176</ele>
        <time>2026-08-06T18:06:51.621Z</time>
      </trkpt>
      <trkpt lat="43.4424734" lon="-3.9440787">
        <ele>176</ele>
        <time>2026-08-06T18:06:52.621Z</time>
      </trkpt>
      <trkpt lat="43.4424466" lon="-3.9440827">
        <ele>176</ele>
        <time>2026-08-06T18:06:53.621Z</time>
      </trkpt>
      <trkpt lat="43.4424198" lon="-3.9440867">
        <ele>176</ele>
        <time>2026-08-06T18:06:54.621Z</time>
      </trkpt>
      <trkpt lat="43.4423951" lon="-3.9440858">
        <ele>176</ele>
        <time>2026-08-06T18:06:55.621Z</time>
      </trkpt>
      <trkpt lat="43.4423704" lon="-3.9440849">
        <ele>176</ele>
        <time>2026-08-06T18:06:56.621Z</time>
      </trkpt>
      <trkpt lat="43.4423509" lon="-3.9440826">
        <ele>176</ele>
        <time>2026-08-06T18:06:57.621Z</time>
      </trkpt>
      <trkpt lat="43.4423314" lon="-3.9440803">
        <ele>176</ele>
        <time>2026-08-06T18:06:58.621Z</time>
      </trkpt>
      <trkpt lat="43.4423188" lon="-3.9440824">
        <ele>176</ele>
        <time>2026-08-06T18:06:59.621Z</time>
      </trkpt>
      <trkpt lat="43.4423063" lon="-3.9440845">
        <ele>176</ele>
        <time>2026-08-06T18:07:00.621Z</time>
      </trkpt>
      <trkpt lat="43.4423" lon="-3.944094">
        <ele>176</ele>
        <time>2026-08-06T18:07:01.621Z</time>
      </trkpt>
      <trkpt lat="43.4422937" lon="-3.9441035">
        <ele>176</ele>
        <time>2026-08-06T18:07:02.621Z</time>
      </trkpt>
      <trkpt lat="43.4422911" lon="-3.9441186">
        <ele>176</ele>
        <time>2026-08-06T18:07:03.621Z</time>
      </trkpt>
      <trkpt lat="43.4422886" lon="-3.9441337">
        <ele>176</ele>
        <time>2026-08-06T18:07:04.621Z</time>
      </trkpt>
      <trkpt lat="43.4422871" lon="-3.944151">
        <ele>177</ele>
        <time>2026-08-06T18:07:05.621Z</time>
      </trkpt>
      <trkpt lat="43.4422856" lon="-3.9441684">
        <ele>177</ele>
        <time>2026-08-06T18:07:06.621Z</time>
      </trkpt>
      <trkpt lat="43.4422829" lon="-3.9441853">
        <ele>178</ele>
        <time>2026-08-06T18:07:07.621Z</time>
      </trkpt>
      <trkpt lat="43.4422802" lon="-3.9442022">
        <ele>178</ele>
        <time>2026-08-06T18:07:08.621Z</time>
      </trkpt>
      <trkpt lat="43.4422757" lon="-3.9442175">
        <ele>178</ele>
        <time>2026-08-06T18:07:09.621Z</time>
      </trkpt>
      <trkpt lat="43.4422713" lon="-3.9442329">
        <ele>178</ele>
        <time>2026-08-06T18:07:10.621Z</time>
      </trkpt>
      <trkpt lat="43.4422661" lon="-3.9442472">
        <ele>178</ele>
        <time>2026-08-06T18:07:11.621Z</time>
      </trkpt>
      <trkpt lat="43.442261" lon="-3.9442616">
        <ele>179</ele>
        <time>2026-08-06T18:07:12.621Z</time>
      </trkpt>
      <trkpt lat="43.4422551" lon="-3.9442743">
        <ele>179</ele>
        <time>2026-08-06T18:07:13.621Z</time>
      </trkpt>
      <trkpt lat="43.4422492" lon="-3.944287">
        <ele>179</ele>
        <time>2026-08-06T18:07:14.621Z</time>
      </trkpt>
      <trkpt lat="43.4422426" lon="-3.9442981">
        <ele>180</ele>
        <time>2026-08-06T18:07:15.621Z</time>
      </trkpt>
      <trkpt lat="43.442236" lon="-3.9443092">
        <ele>180</ele>
        <time>2026-08-06T18:07:16.621Z</time>
      </trkpt>
      <trkpt lat="43.4422288" lon="-3.9443196">
        <ele>181</ele>
        <time>2026-08-06T18:07:17.621Z</time>
      </trkpt>
      <trkpt lat="43.4422216" lon="-3.9443301">
        <ele>181</ele>
        <time>2026-08-06T18:07:18.621Z</time>
      </trkpt>
      <trkpt lat="43.4422141" lon="-3.9443398">
        <ele>181</ele>
        <time>2026-08-06T18:07:19.621Z</time>
      </trkpt>
      <trkpt lat="43.4422066" lon="-3.9443495">
        <ele>182</ele>
        <time>2026-08-06T18:07:20.621Z</time>
      </trkpt>
      <trkpt lat="43.4421995" lon="-3.9443594">
        <ele>182</ele>
        <time>2026-08-06T18:07:21.621Z</time>
      </trkpt>
      <trkpt lat="43.4421925" lon="-3.9443694">
        <ele>183</ele>
        <time>2026-08-06T18:07:22.621Z</time>
      </trkpt>
      <trkpt lat="43.4421857" lon="-3.9443808">
        <ele>183</ele>
        <time>2026-08-06T18:07:23.621Z</time>
      </trkpt>
      <trkpt lat="43.442179" lon="-3.9443923">
        <ele>183</ele>
        <time>2026-08-06T18:07:24.621Z</time>
      </trkpt>
      <trkpt lat="43.442172" lon="-3.9444048">
        <ele>183</ele>
        <time>2026-08-06T18:07:25.621Z</time>
      </trkpt>
      <trkpt lat="43.4421651" lon="-3.9444173">
        <ele>183</ele>
        <time>2026-08-06T18:07:26.621Z</time>
      </trkpt>
      <trkpt lat="43.4421575" lon="-3.9444303">
        <ele>184</ele>
        <time>2026-08-06T18:07:27.621Z</time>
      </trkpt>
      <trkpt lat="43.44215" lon="-3.9444434">
        <ele>184</ele>
        <time>2026-08-06T18:07:28.621Z</time>
      </trkpt>
      <trkpt lat="43.4421415" lon="-3.944455">
        <ele>184</ele>
        <time>2026-08-06T18:07:29.621Z</time>
      </trkpt>
      <trkpt lat="43.4421331" lon="-3.9444666">
        <ele>185</ele>
        <time>2026-08-06T18:07:30.621Z</time>
      </trkpt>
      <trkpt lat="43.4421246" lon="-3.944476">
        <ele>185</ele>
        <time>2026-08-06T18:07:31.621Z</time>
      </trkpt>
      <trkpt lat="43.4421162" lon="-3.9444855">
        <ele>186</ele>
        <time>2026-08-06T18:07:32.621Z</time>
      </trkpt>
      <trkpt lat="43.4421084" lon="-3.9444948">
        <ele>186</ele>
        <time>2026-08-06T18:07:33.621Z</time>
      </trkpt>
      <trkpt lat="43.4421007" lon="-3.9445041">
        <ele>186</ele>
        <time>2026-08-06T18:07:34.621Z</time>
      </trkpt>
      <trkpt lat="43.4420926" lon="-3.9445128">
        <ele>186</ele>
        <time>2026-08-06T18:07:35.621Z</time>
      </trkpt>
      <trkpt lat="43.4420846" lon="-3.9445216">
        <ele>186</ele>
        <time>2026-08-06T18:07:36.621Z</time>
      </trkpt>
      <trkpt lat="43.4420763" lon="-3.9445294">
        <ele>187</ele>
        <time>2026-08-06T18:07:37.621Z</time>
      </trkpt>
      <trkpt lat="43.442068" lon="-3.9445372">
        <ele>187</ele>
        <time>2026-08-06T18:07:38.621Z</time>
      </trkpt>
      <trkpt lat="43.4420604" lon="-3.9445465">
        <ele>187</ele>
        <time>2026-08-06T18:07:39.621Z</time>
      </trkpt>
      <trkpt lat="43.4420529" lon="-3.9445558">
        <ele>188</ele>
        <time>2026-08-06T18:07:40.621Z</time>
      </trkpt>
      <trkpt lat="43.4420461" lon="-3.9445671">
        <ele>188</ele>
        <time>2026-08-06T18:07:41.621Z</time>
      </trkpt>
      <trkpt lat="43.4420394" lon="-3.9445784">
        <ele>189</ele>
        <time>2026-08-06T18:07:42.621Z</time>
      </trkpt>
      <trkpt lat="43.4420328" lon="-3.9445899">
        <ele>189</ele>
        <time>2026-08-06T18:07:43.621Z</time>
      </trkpt>
      <trkpt lat="43.4420263" lon="-3.9446015">
        <ele>189</ele>
        <time>2026-08-06T18:07:44.621Z</time>
      </trkpt>
      <trkpt lat="43.4420192" lon="-3.9446119">
        <ele>189</ele>
        <time>2026-08-06T18:07:45.621Z</time>
      </trkpt>
      <trkpt lat="43.4420122" lon="-3.9446224">
        <ele>189</ele>
        <time>2026-08-06T18:07:46.621Z</time>
      </trkpt>
      <trkpt lat="43.4420044" lon="-3.9446336">
        <ele>190</ele>
        <time>2026-08-06T18:07:47.621Z</time>
      </trkpt>
      <trkpt lat="43.4419966" lon="-3.9446449">
        <ele>190</ele>
        <time>2026-08-06T18:07:48.621Z</time>
      </trkpt>
      <trkpt lat="43.4419875" lon="-3.9446553">
        <ele>190</ele>
        <time>2026-08-06T18:07:49.621Z</time>
      </trkpt>
      <trkpt lat="43.4419784" lon="-3.9446657">
        <ele>191</ele>
        <time>2026-08-06T18:07:50.621Z</time>
      </trkpt>
      <trkpt lat="43.4419689" lon="-3.9446728">
        <ele>191</ele>
        <time>2026-08-06T18:07:51.621Z</time>
      </trkpt>
      <trkpt lat="43.4419595" lon="-3.94468">
        <ele>192</ele>
        <time>2026-08-06T18:07:52.621Z</time>
      </trkpt>
      <trkpt lat="43.44195" lon="-3.9446864">
        <ele>192</ele>
        <time>2026-08-06T18:07:53.621Z</time>
      </trkpt>
      <trkpt lat="43.4419405" lon="-3.9446928">
        <ele>192</ele>
        <time>2026-08-06T18:07:54.621Z</time>
      </trkpt>
      <trkpt lat="43.4419318" lon="-3.9446999">
        <ele>192</ele>
        <time>2026-08-06T18:07:55.621Z</time>
      </trkpt>
      <trkpt lat="43.4419232" lon="-3.944707">
        <ele>192</ele>
        <time>2026-08-06T18:07:56.621Z</time>
      </trkpt>
      <trkpt lat="43.441915" lon="-3.9447137">
        <ele>193</ele>
        <time>2026-08-06T18:07:57.621Z</time>
      </trkpt>
      <trkpt lat="43.4419068" lon="-3.9447205">
        <ele>193</ele>
        <time>2026-08-06T18:07:58.621Z</time>
      </trkpt>
      <trkpt lat="43.4418988" lon="-3.9447261">
        <ele>193</ele>
        <time>2026-08-06T18:07:59.621Z</time>
      </trkpt>
      <trkpt lat="43.4418908" lon="-3.9447318">
        <ele>194</ele>
        <time>2026-08-06T18:08:00.621Z</time>
      </trkpt>
      <trkpt lat="43.4418833" lon="-3.9447371">
        <ele>194</ele>
        <time>2026-08-06T18:08:01.621Z</time>
      </trkpt>
      <trkpt lat="43.4418758" lon="-3.9447424">
        <ele>195</ele>
        <time>2026-08-06T18:08:02.621Z</time>
      </trkpt>
      <trkpt lat="43.4418678" lon="-3.944749">
        <ele>195</ele>
        <time>2026-08-06T18:08:03.621Z</time>
      </trkpt>
      <trkpt lat="43.4418599" lon="-3.9447556">
        <ele>195</ele>
        <time>2026-08-06T18:08:04.621Z</time>
      </trkpt>
      <trkpt lat="43.441851" lon="-3.9447647">
        <ele>195</ele>
        <time>2026-08-06T18:08:05.621Z</time>
      </trkpt>
      <trkpt lat="43.4418421" lon="-3.9447739">
        <ele>195</ele>
        <time>2026-08-06T18:08:06.621Z</time>
      </trkpt>
      <trkpt lat="43.4418326" lon="-3.9447848">
        <ele>196</ele>
        <time>2026-08-06T18:08:07.621Z</time>
      </trkpt>
      <trkpt lat="43.4418231" lon="-3.9447958">
        <ele>196</ele>
        <time>2026-08-06T18:08:08.621Z</time>
      </trkpt>
      <trkpt lat="43.4418133" lon="-3.9448058">
        <ele>196</ele>
        <time>2026-08-06T18:08:09.621Z</time>
      </trkpt>
      <trkpt lat="43.4418035" lon="-3.9448159">
        <ele>196</ele>
        <time>2026-08-06T18:08:10.621Z</time>
      </trkpt>
      <trkpt lat="43.4417942" lon="-3.9448244">
        <ele>196</ele>
        <time>2026-08-06T18:08:11.621Z</time>
      </trkpt>
      <trkpt lat="43.441785" lon="-3.944833">
        <ele>197</ele>
        <time>2026-08-06T18:08:12.621Z</time>
      </trkpt>
      <trkpt lat="43.4417767" lon="-3.9448403">
        <ele>197</ele>
        <time>2026-08-06T18:08:13.621Z</time>
      </trkpt>
      <trkpt lat="43.4417685" lon="-3.9448476">
        <ele>197</ele>
        <time>2026-08-06T18:08:14.621Z</time>
      </trkpt>
      <trkpt lat="43.4417603" lon="-3.9448548">
        <ele>197</ele>
        <time>2026-08-06T18:08:15.621Z</time>
      </trkpt>
      <trkpt lat="43.4417521" lon="-3.944862">
        <ele>197</ele>
        <time>2026-08-06T18:08:16.621Z</time>
      </trkpt>
      <trkpt lat="43.4417443" lon="-3.9448685">
        <ele>198</ele>
        <time>2026-08-06T18:08:17.621Z</time>
      </trkpt>
      <trkpt lat="43.4417366" lon="-3.9448751">
        <ele>198</ele>
        <time>2026-08-06T18:08:18.621Z</time>
      </trkpt>
      <trkpt lat="43.441729" lon="-3.9448814">
        <ele>198</ele>
        <time>2026-08-06T18:08:19.621Z</time>
      </trkpt>
      <trkpt lat="43.4417214" lon="-3.9448878">
        <ele>198</ele>
        <time>2026-08-06T18:08:20.621Z</time>
      </trkpt>
      <trkpt lat="43.4417136" lon="-3.9448938">
        <ele>198</ele>
        <time>2026-08-06T18:08:21.621Z</time>
      </trkpt>
      <trkpt lat="43.4417058" lon="-3.9448999">
        <ele>199</ele>
        <time>2026-08-06T18:08:22.621Z</time>
      </trkpt>
      <trkpt lat="43.4416981" lon="-3.9449055">
        <ele>199</ele>
        <time>2026-08-06T18:08:23.621Z</time>
      </trkpt>
      <trkpt lat="43.4416905" lon="-3.9449112">
        <ele>199</ele>
        <time>2026-08-06T18:08:24.621Z</time>
      </trkpt>
      <trkpt lat="43.4416824" lon="-3.9449164">
        <ele>200</ele>
        <time>2026-08-06T18:08:25.621Z</time>
      </trkpt>
      <trkpt lat="43.4416744" lon="-3.9449216">
        <ele>200</ele>
        <time>2026-08-06T18:08:26.621Z</time>
      </trkpt>
      <trkpt lat="43.4416668" lon="-3.9449279">
        <ele>201</ele>
        <time>2026-08-06T18:08:27.621Z</time>
      </trkpt>
      <trkpt lat="43.4416592" lon="-3.9449342">
        <ele>201</ele>
        <time>2026-08-06T18:08:28.621Z</time>
      </trkpt>
      <trkpt lat="43.4416524" lon="-3.9449414">
        <ele>201</ele>
        <time>2026-08-06T18:08:29.621Z</time>
      </trkpt>
      <trkpt lat="43.4416457" lon="-3.9449486">
        <ele>201</ele>
        <time>2026-08-06T18:08:30.621Z</time>
      </trkpt>
      <trkpt lat="43.4416383" lon="-3.9449574">
        <ele>201</ele>
        <time>2026-08-06T18:08:31.621Z</time>
      </trkpt>
      <trkpt lat="43.4416309" lon="-3.9449663">
        <ele>202</ele>
        <time>2026-08-06T18:08:32.621Z</time>
      </trkpt>
      <trkpt lat="43.4416225" lon="-3.944975">
        <ele>202</ele>
        <time>2026-08-06T18:08:33.621Z</time>
      </trkpt>
      <trkpt lat="43.4416141" lon="-3.9449837">
        <ele>202</ele>
        <time>2026-08-06T18:08:34.621Z</time>
      </trkpt>
      <trkpt lat="43.4416058" lon="-3.9449908">
        <ele>202</ele>
        <time>2026-08-06T18:08:35.621Z</time>
      </trkpt>
      <trkpt lat="43.4415976" lon="-3.944998">
        <ele>202</ele>
        <time>2026-08-06T18:08:36.621Z</time>
      </trkpt>
      <trkpt lat="43.4415893" lon="-3.9450039">
        <ele>203</ele>
        <time>2026-08-06T18:08:37.621Z</time>
      </trkpt>
      <trkpt lat="43.441581" lon="-3.9450098">
        <ele>203</ele>
        <time>2026-08-06T18:08:38.621Z</time>
      </trkpt>
      <trkpt lat="43.4415729" lon="-3.9450156">
        <ele>203</ele>
        <time>2026-08-06T18:08:39.621Z</time>
      </trkpt>
      <trkpt lat="43.4415649" lon="-3.9450214">
        <ele>203</ele>
        <time>2026-08-06T18:08:40.621Z</time>
      </trkpt>
      <trkpt lat="43.4415575" lon="-3.9450276">
        <ele>203</ele>
        <time>2026-08-06T18:08:41.621Z</time>
      </trkpt>
      <trkpt lat="43.4415502" lon="-3.9450338">
        <ele>204</ele>
        <time>2026-08-06T18:08:42.621Z</time>
      </trkpt>
      <trkpt lat="43.4415429" lon="-3.9450401">
        <ele>204</ele>
        <time>2026-08-06T18:08:43.621Z</time>
      </trkpt>
      <trkpt lat="43.4415356" lon="-3.9450464">
        <ele>204</ele>
        <time>2026-08-06T18:08:44.621Z</time>
      </trkpt>
      <trkpt lat="43.4415285" lon="-3.9450533">
        <ele>204</ele>
        <time>2026-08-06T18:08:45.621Z</time>
      </trkpt>
      <trkpt lat="43.4415214" lon="-3.9450602">
        <ele>204</ele>
        <time>2026-08-06T18:08:46.621Z</time>
      </trkpt>
      <trkpt lat="43.441514" lon="-3.9450678">
        <ele>205</ele>
        <time>2026-08-06T18:08:47.621Z</time>
      </trkpt>
      <trkpt lat="43.4415066" lon="-3.9450755">
        <ele>205</ele>
        <time>2026-08-06T18:08:48.621Z</time>
      </trkpt>
      <trkpt lat="43.4414991" lon="-3.9450831">
        <ele>205</ele>
        <time>2026-08-06T18:08:49.621Z</time>
      </trkpt>
      <trkpt lat="43.4414916" lon="-3.9450907">
        <ele>206</ele>
        <time>2026-08-06T18:08:50.621Z</time>
      </trkpt>
      <trkpt lat="43.4414851" lon="-3.9450982">
        <ele>206</ele>
        <time>2026-08-06T18:08:51.621Z</time>
      </trkpt>
      <trkpt lat="43.4414787" lon="-3.9451058">
        <ele>207</ele>
        <time>2026-08-06T18:08:52.621Z</time>
      </trkpt>
      <trkpt lat="43.4414721" lon="-3.9451131">
        <ele>207</ele>
        <time>2026-08-06T18:08:53.621Z</time>
      </trkpt>
      <trkpt lat="43.4414656" lon="-3.9451205">
        <ele>207</ele>
        <time>2026-08-06T18:08:54.621Z</time>
      </trkpt>
      <trkpt lat="43.4414587" lon="-3.9451274">
        <ele>207</ele>
        <time>2026-08-06T18:08:55.621Z</time>
      </trkpt>
      <trkpt lat="43.4414518" lon="-3.9451344">
        <ele>207</ele>
        <time>2026-08-06T18:08:56.621Z</time>
      </trkpt>
      <trkpt lat="43.4414442" lon="-3.9451413">
        <ele>208</ele>
        <time>2026-08-06T18:08:57.621Z</time>
      </trkpt>
      <trkpt lat="43.4414366" lon="-3.9451482">
        <ele>208</ele>
        <time>2026-08-06T18:08:58.621Z</time>
      </trkpt>
      <trkpt lat="43.4414298" lon="-3.9451559">
        <ele>208</ele>
        <time>2026-08-06T18:08:59.621Z</time>
      </trkpt>
      <trkpt lat="43.441423" lon="-3.9451636">
        <ele>208</ele>
        <time>2026-08-06T18:09:00.621Z</time>
      </trkpt>
      <trkpt lat="43.4414165" lon="-3.9451721">
        <ele>208</ele>
        <time>2026-08-06T18:09:01.621Z</time>
      </trkpt>
      <trkpt lat="43.4414101" lon="-3.9451807">
        <ele>209</ele>
        <time>2026-08-06T18:09:02.621Z</time>
      </trkpt>
      <trkpt lat="43.4414031" lon="-3.9451895">
        <ele>209</ele>
        <time>2026-08-06T18:09:03.621Z</time>
      </trkpt>
      <trkpt lat="43.4413962" lon="-3.9451984">
        <ele>209</ele>
        <time>2026-08-06T18:09:04.621Z</time>
      </trkpt>
      <trkpt lat="43.4413888" lon="-3.945206">
        <ele>210</ele>
        <time>2026-08-06T18:09:05.621Z</time>
      </trkpt>
      <trkpt lat="43.4413815" lon="-3.9452136">
        <ele>210</ele>
        <time>2026-08-06T18:09:06.621Z</time>
      </trkpt>
      <trkpt lat="43.4413735" lon="-3.9452196">
        <ele>211</ele>
        <time>2026-08-06T18:09:07.621Z</time>
      </trkpt>
      <trkpt lat="43.4413655" lon="-3.9452257">
        <ele>211</ele>
        <time>2026-08-06T18:09:08.621Z</time>
      </trkpt>
      <trkpt lat="43.441357" lon="-3.9452311">
        <ele>211</ele>
        <time>2026-08-06T18:09:09.621Z</time>
      </trkpt>
      <trkpt lat="43.4413485" lon="-3.9452366">
        <ele>211</ele>
        <time>2026-08-06T18:09:10.621Z</time>
      </trkpt>
      <trkpt lat="43.4413408" lon="-3.9452433">
        <ele>211</ele>
        <time>2026-08-06T18:09:11.621Z</time>
      </trkpt>
      <trkpt lat="43.4413332" lon="-3.94525">
        <ele>212</ele>
        <time>2026-08-06T18:09:12.621Z</time>
      </trkpt>
      <trkpt lat="43.4413256" lon="-3.9452574">
        <ele>212</ele>
        <time>2026-08-06T18:09:13.621Z</time>
      </trkpt>
      <trkpt lat="43.4413181" lon="-3.9452649">
        <ele>212</ele>
        <time>2026-08-06T18:09:14.621Z</time>
      </trkpt>
      <trkpt lat="43.4413107" lon="-3.9452722">
        <ele>213</ele>
        <time>2026-08-06T18:09:15.621Z</time>
      </trkpt>
      <trkpt lat="43.4413034" lon="-3.9452795">
        <ele>213</ele>
        <time>2026-08-06T18:09:16.621Z</time>
      </trkpt>
      <trkpt lat="43.441296" lon="-3.9452865">
        <ele>214</ele>
        <time>2026-08-06T18:09:17.621Z</time>
      </trkpt>
      <trkpt lat="43.4412886" lon="-3.9452935">
        <ele>214</ele>
        <time>2026-08-06T18:09:18.621Z</time>
      </trkpt>
      <trkpt lat="43.4412814" lon="-3.9453004">
        <ele>214</ele>
        <time>2026-08-06T18:09:19.621Z</time>
      </trkpt>
      <trkpt lat="43.4412742" lon="-3.9453074">
        <ele>214</ele>
        <time>2026-08-06T18:09:20.621Z</time>
      </trkpt>
      <trkpt lat="43.4412672" lon="-3.9453135">
        <ele>214</ele>
        <time>2026-08-06T18:09:21.621Z</time>
      </trkpt>
      <trkpt lat="43.4412603" lon="-3.9453196">
        <ele>215</ele>
        <time>2026-08-06T18:09:22.621Z</time>
      </trkpt>
      <trkpt lat="43.4412531" lon="-3.9453251">
        <ele>215</ele>
        <time>2026-08-06T18:09:23.621Z</time>
      </trkpt>
      <trkpt lat="43.4412459" lon="-3.9453306">
        <ele>215</ele>
        <time>2026-08-06T18:09:24.621Z</time>
      </trkpt>
      <trkpt lat="43.4412389" lon="-3.9453359">
        <ele>215</ele>
        <time>2026-08-06T18:09:25.621Z</time>
      </trkpt>
      <trkpt lat="43.441232" lon="-3.9453413">
        <ele>215</ele>
        <time>2026-08-06T18:09:26.621Z</time>
      </trkpt>
      <trkpt lat="43.4412245" lon="-3.9453463">
        <ele>216</ele>
        <time>2026-08-06T18:09:27.621Z</time>
      </trkpt>
      <trkpt lat="43.4412171" lon="-3.9453513">
        <ele>216</ele>
        <time>2026-08-06T18:09:28.621Z</time>
      </trkpt>
      <trkpt lat="43.4412096" lon="-3.9453554">
        <ele>216</ele>
        <time>2026-08-06T18:09:29.621Z</time>
      </trkpt>
      <trkpt lat="43.4412022" lon="-3.9453595">
        <ele>217</ele>
        <time>2026-08-06T18:09:30.621Z</time>
      </trkpt>
      <trkpt lat="43.4411953" lon="-3.9453631">
        <ele>217</ele>
        <time>2026-08-06T18:09:31.621Z</time>
      </trkpt>
      <trkpt lat="43.4411884" lon="-3.9453668">
        <ele>218</ele>
        <time>2026-08-06T18:09:32.621Z</time>
      </trkpt>
      <trkpt lat="43.441181" lon="-3.9453713">
        <ele>218</ele>
        <time>2026-08-06T18:09:33.621Z</time>
      </trkpt>
      <trkpt lat="43.4411737" lon="-3.9453758">
        <ele>218</ele>
        <time>2026-08-06T18:09:34.621Z</time>
      </trkpt>
      <trkpt lat="43.4411657" lon="-3.9453807">
        <ele>219</ele>
        <time>2026-08-06T18:09:35.621Z</time>
      </trkpt>
      <trkpt lat="43.4411578" lon="-3.9453857">
        <ele>219</ele>
        <time>2026-08-06T18:09:36.621Z</time>
      </trkpt>
      <trkpt lat="43.4411496" lon="-3.9453924">
        <ele>220</ele>
        <time>2026-08-06T18:09:37.621Z</time>
      </trkpt>
      <trkpt lat="43.4411415" lon="-3.9453991">
        <ele>220</ele>
        <time>2026-08-06T18:09:38.621Z</time>
      </trkpt>
      <trkpt lat="43.4411329" lon="-3.9454066">
        <ele>220</ele>
        <time>2026-08-06T18:09:39.621Z</time>
      </trkpt>
      <trkpt lat="43.4411244" lon="-3.9454142">
        <ele>220</ele>
        <time>2026-08-06T18:09:40.621Z</time>
      </trkpt>
      <trkpt lat="43.4411159" lon="-3.9454219">
        <ele>220</ele>
        <time>2026-08-06T18:09:41.621Z</time>
      </trkpt>
      <trkpt lat="43.4411075" lon="-3.9454297">
        <ele>221</ele>
        <time>2026-08-06T18:09:42.621Z</time>
      </trkpt>
      <trkpt lat="43.441099" lon="-3.9454364">
        <ele>221</ele>
        <time>2026-08-06T18:09:43.621Z</time>
      </trkpt>
      <trkpt lat="43.4410905" lon="-3.9454431">
        <ele>221</ele>
        <time>2026-08-06T18:09:44.621Z</time>
      </trkpt>
      <trkpt lat="43.4410812" lon="-3.9454422">
        <ele>221</ele>
        <time>2026-08-06T18:09:45.621Z</time>
      </trkpt>
      <trkpt lat="43.4410719" lon="-3.9454414">
        <ele>221</ele>
        <time>2026-08-06T18:09:46.621Z</time>
      </trkpt>
      <trkpt lat="43.4410646" lon="-3.9454331">
        <ele>222</ele>
        <time>2026-08-06T18:09:47.621Z</time>
      </trkpt>
      <trkpt lat="43.4410573" lon="-3.9454248">
        <ele>222</ele>
        <time>2026-08-06T18:09:48.621Z</time>
      </trkpt>
      <trkpt lat="43.4410513" lon="-3.9454159">
        <ele>222</ele>
        <time>2026-08-06T18:09:49.621Z</time>
      </trkpt>
      <trkpt lat="43.4410454" lon="-3.9454071">
        <ele>223</ele>
        <time>2026-08-06T18:09:50.621Z</time>
      </trkpt>
      <trkpt lat="43.4410395" lon="-3.9454001">
        <ele>223</ele>
        <time>2026-08-06T18:09:51.621Z</time>
      </trkpt>
      <trkpt lat="43.4410337" lon="-3.9453931">
        <ele>224</ele>
        <time>2026-08-06T18:09:52.621Z</time>
      </trkpt>
      <trkpt lat="43.4410276" lon="-3.9453875">
        <ele>224</ele>
        <time>2026-08-06T18:09:53.621Z</time>
      </trkpt>
      <trkpt lat="43.4410215" lon="-3.945382">
        <ele>224</ele>
        <time>2026-08-06T18:09:54.621Z</time>
      </trkpt>
      <trkpt lat="43.4410158" lon="-3.9453763">
        <ele>224</ele>
        <time>2026-08-06T18:09:55.621Z</time>
      </trkpt>
      <trkpt lat="43.4410102" lon="-3.9453706">
        <ele>224</ele>
        <time>2026-08-06T18:09:56.621Z</time>
      </trkpt>
      <trkpt lat="43.4410054" lon="-3.9453628">
        <ele>225</ele>
        <time>2026-08-06T18:09:57.621Z</time>
      </trkpt>
      <trkpt lat="43.4410006" lon="-3.9453551">
        <ele>225</ele>
        <time>2026-08-06T18:09:58.621Z</time>
      </trkpt>
      <trkpt lat="43.4409949" lon="-3.9453472">
        <ele>225</ele>
        <time>2026-08-06T18:09:59.621Z</time>
      </trkpt>
      <trkpt lat="43.4409893" lon="-3.9453394">
        <ele>225</ele>
        <time>2026-08-06T18:10:00.621Z</time>
      </trkpt>
      <trkpt lat="43.4409824" lon="-3.94533">
        <ele>225</ele>
        <time>2026-08-06T18:10:01.621Z</time>
      </trkpt>
      <trkpt lat="43.4409756" lon="-3.9453207">
        <ele>226</ele>
        <time>2026-08-06T18:10:02.621Z</time>
      </trkpt>
      <trkpt lat="43.4409677" lon="-3.9453099">
        <ele>226</ele>
        <time>2026-08-06T18:10:03.621Z</time>
      </trkpt>
      <trkpt lat="43.4409599" lon="-3.9452992">
        <ele>226</ele>
        <time>2026-08-06T18:10:04.621Z</time>
      </trkpt>
      <trkpt lat="43.4409514" lon="-3.9452881">
        <ele>226</ele>
        <time>2026-08-06T18:10:05.621Z</time>
      </trkpt>
      <trkpt lat="43.440943" lon="-3.9452771">
        <ele>226</ele>
        <time>2026-08-06T18:10:06.621Z</time>
      </trkpt>
      <trkpt lat="43.4409344" lon="-3.9452656">
        <ele>227</ele>
        <time>2026-08-06T18:10:07.621Z</time>
      </trkpt>
      <trkpt lat="43.4409258" lon="-3.9452541">
        <ele>227</ele>
        <time>2026-08-06T18:10:08.621Z</time>
      </trkpt>
      <trkpt lat="43.4409171" lon="-3.9452422">
        <ele>227</ele>
        <time>2026-08-06T18:10:09.621Z</time>
      </trkpt>
      <trkpt lat="43.4409084" lon="-3.9452304">
        <ele>227</ele>
        <time>2026-08-06T18:10:10.621Z</time>
      </trkpt>
      <trkpt lat="43.4408984" lon="-3.9452152">
        <ele>228</ele>
        <time>2026-08-06T18:10:25.621Z</time>
      </trkpt>
      <trkpt lat="43.4408925" lon="-3.945206">
        <ele>228</ele>
        <time>2026-08-06T18:10:26.621Z</time>
      </trkpt>
      <trkpt lat="43.4408866" lon="-3.9451969">
        <ele>228</ele>
        <time>2026-08-06T18:10:27.621Z</time>
      </trkpt>
      <trkpt lat="43.4408814" lon="-3.9451899">
        <ele>228</ele>
        <time>2026-08-06T18:10:28.621Z</time>
      </trkpt>
      <trkpt lat="43.4408762" lon="-3.945183">
        <ele>228</ele>
        <time>2026-08-06T18:10:29.621Z</time>
      </trkpt>
      <trkpt lat="43.4408706" lon="-3.9451757">
        <ele>228</ele>
        <time>2026-08-06T18:10:30.621Z</time>
      </trkpt>
      <trkpt lat="43.4408651" lon="-3.9451684">
        <ele>228</ele>
        <time>2026-08-06T18:10:31.621Z</time>
      </trkpt>
      <trkpt lat="43.4408605" lon="-3.9451495">
        <ele>228</ele>
        <time>2026-08-06T18:10:41.621Z</time>
      </trkpt>
      <trkpt lat="43.4408597" lon="-3.9451411">
        <ele>228</ele>
        <time>2026-08-06T18:10:42.621Z</time>
      </trkpt>
      <trkpt lat="43.4408589" lon="-3.9451327">
        <ele>228</ele>
        <time>2026-08-06T18:10:43.621Z</time>
      </trkpt>
      <trkpt lat="43.4408575" lon="-3.9451278">
        <ele>228</ele>
        <time>2026-08-06T18:10:44.621Z</time>
      </trkpt>
      <trkpt lat="43.4408561" lon="-3.945123">
        <ele>228</ele>
        <time>2026-08-06T18:10:45.621Z</time>
      </trkpt>
      <trkpt lat="43.4408547" lon="-3.9451182">
        <ele>228</ele>
        <time>2026-08-06T18:10:46.621Z</time>
      </trkpt>
      <trkpt lat="43.4408508" lon="-3.9451117">
        <ele>228</ele>
        <time>2026-08-06T18:10:47.621Z</time>
      </trkpt>
      <trkpt lat="43.4408469" lon="-3.9451053">
        <ele>228</ele>
        <time>2026-08-06T18:10:48.621Z</time>
      </trkpt>
      <trkpt lat="43.4408413" lon="-3.9450959">
        <ele>228</ele>
        <time>2026-08-06T18:10:49.621Z</time>
      </trkpt>
      <trkpt lat="43.4408357" lon="-3.9450866">
        <ele>228</ele>
        <time>2026-08-06T18:10:50.621Z</time>
      </trkpt>
      <trkpt lat="43.4408294" lon="-3.9450729">
        <ele>228</ele>
        <time>2026-08-06T18:10:51.621Z</time>
      </trkpt>
      <trkpt lat="43.4408231" lon="-3.9450593">
        <ele>228</ele>
        <time>2026-08-06T18:10:52.621Z</time>
      </trkpt>
      <trkpt lat="43.4408163" lon="-3.9450429">
        <ele>227</ele>
        <time>2026-08-06T18:10:53.621Z</time>
      </trkpt>
      <trkpt lat="43.4408096" lon="-3.9450265">
        <ele>227</ele>
        <time>2026-08-06T18:10:54.621Z</time>
      </trkpt>
      <trkpt lat="43.4408024" lon="-3.9450086">
        <ele>227</ele>
        <time>2026-08-06T18:10:55.621Z</time>
      </trkpt>
      <trkpt lat="43.4407953" lon="-3.9449908">
        <ele>227</ele>
        <time>2026-08-06T18:10:56.621Z</time>
      </trkpt>
      <trkpt lat="43.4407864" lon="-3.944972">
        <ele>227</ele>
        <time>2026-08-06T18:10:57.621Z</time>
      </trkpt>
      <trkpt lat="43.4407775" lon="-3.9449532">
        <ele>226</ele>
        <time>2026-08-06T18:10:58.621Z</time>
      </trkpt>
      <trkpt lat="43.4407645" lon="-3.944935">
        <ele>226</ele>
        <time>2026-08-06T18:10:59.621Z</time>
      </trkpt>
      <trkpt lat="43.4407515" lon="-3.9449168">
        <ele>226</ele>
        <time>2026-08-06T18:11:00.621Z</time>
      </trkpt>
      <trkpt lat="43.4407333" lon="-3.944901">
        <ele>226</ele>
        <time>2026-08-06T18:11:01.621Z</time>
      </trkpt>
      <trkpt lat="43.4407151" lon="-3.9448853">
        <ele>226</ele>
        <time>2026-08-06T18:11:02.621Z</time>
      </trkpt>
      <trkpt lat="43.4406919" lon="-3.9448747">
        <ele>225</ele>
        <time>2026-08-06T18:11:03.621Z</time>
      </trkpt>
      <trkpt lat="43.4406688" lon="-3.9448642">
        <ele>225</ele>
        <time>2026-08-06T18:11:04.621Z</time>
      </trkpt>
      <trkpt lat="43.4406422" lon="-3.944857">
        <ele>224</ele>
        <time>2026-08-06T18:11:05.621Z</time>
      </trkpt>
      <trkpt lat="43.4406157" lon="-3.9448499">
        <ele>224</ele>
        <time>2026-08-06T18:11:06.621Z</time>
      </trkpt>
      <trkpt lat="43.440587" lon="-3.9448416">
        <ele>224</ele>
        <time>2026-08-06T18:11:07.621Z</time>
      </trkpt>
      <trkpt lat="43.4405583" lon="-3.9448333">
        <ele>223</ele>
        <time>2026-08-06T18:11:08.621Z</time>
      </trkpt>
      <trkpt lat="43.4405295" lon="-3.9448231">
        <ele>223</ele>
        <time>2026-08-06T18:11:09.621Z</time>
      </trkpt>
      <trkpt lat="43.4405007" lon="-3.944813">
        <ele>223</ele>
        <time>2026-08-06T18:11:10.621Z</time>
      </trkpt>
      <trkpt lat="43.4404732" lon="-3.9447997">
        <ele>223</ele>
        <time>2026-08-06T18:11:11.621Z</time>
      </trkpt>
      <trkpt lat="43.4404457" lon="-3.9447864">
        <ele>223</ele>
        <time>2026-08-06T18:11:12.621Z</time>
      </trkpt>
      <trkpt lat="43.4404204" lon="-3.9447696">
        <ele>223</ele>
        <time>2026-08-06T18:11:13.621Z</time>
      </trkpt>
      <trkpt lat="43.4403952" lon="-3.9447529">
        <ele>223</ele>
        <time>2026-08-06T18:11:14.621Z</time>
      </trkpt>
      <trkpt lat="43.440371" lon="-3.9447355">
        <ele>223</ele>
        <time>2026-08-06T18:11:15.621Z</time>
      </trkpt>
      <trkpt lat="43.4403469" lon="-3.9447181">
        <ele>223</ele>
        <time>2026-08-06T18:11:16.621Z</time>
      </trkpt>
      <trkpt lat="43.4403226" lon="-3.9447036">
        <ele>223</ele>
        <time>2026-08-06T18:11:17.621Z</time>
      </trkpt>
      <trkpt lat="43.4402983" lon="-3.9446891">
        <ele>223</ele>
        <time>2026-08-06T18:11:18.621Z</time>
      </trkpt>
      <trkpt lat="43.4402736" lon="-3.9446805">
        <ele>223</ele>
        <time>2026-08-06T18:11:19.621Z</time>
      </trkpt>
      <trkpt lat="43.440249" lon="-3.9446719">
        <ele>223</ele>
        <time>2026-08-06T18:11:20.621Z</time>
      </trkpt>
      <trkpt lat="43.4402241" lon="-3.9446651">
        <ele>223</ele>
        <time>2026-08-06T18:11:21.621Z</time>
      </trkpt>
      <trkpt lat="43.4401993" lon="-3.9446584">
        <ele>223</ele>
        <time>2026-08-06T18:11:22.621Z</time>
      </trkpt>
      <trkpt lat="43.4401744" lon="-3.9446512">
        <ele>223</ele>
        <time>2026-08-06T18:11:23.621Z</time>
      </trkpt>
      <trkpt lat="43.4401496" lon="-3.944644">
        <ele>224</ele>
        <time>2026-08-06T18:11:24.621Z</time>
      </trkpt>
      <trkpt lat="43.4401254" lon="-3.9446348">
        <ele>224</ele>
        <time>2026-08-06T18:11:25.621Z</time>
      </trkpt>
      <trkpt lat="43.4401013" lon="-3.9446257">
        <ele>225</ele>
        <time>2026-08-06T18:11:26.621Z</time>
      </trkpt>
      <trkpt lat="43.440078" lon="-3.9446148">
        <ele>226</ele>
        <time>2026-08-06T18:11:27.621Z</time>
      </trkpt>
      <trkpt lat="43.4400548" lon="-3.9446039">
        <ele>226</ele>
        <time>2026-08-06T18:11:28.621Z</time>
      </trkpt>
      <trkpt lat="43.4400326" lon="-3.9445934">
        <ele>227</ele>
        <time>2026-08-06T18:11:29.621Z</time>
      </trkpt>
      <trkpt lat="43.4400105" lon="-3.944583">
        <ele>227</ele>
        <time>2026-08-06T18:11:30.621Z</time>
      </trkpt>
      <trkpt lat="43.439991" lon="-3.9445752">
        <ele>228</ele>
        <time>2026-08-06T18:11:31.621Z</time>
      </trkpt>
      <trkpt lat="43.4399716" lon="-3.9445675">
        <ele>229</ele>
        <time>2026-08-06T18:11:32.621Z</time>
      </trkpt>
      <trkpt lat="43.4399639" lon="-3.9445647">
        <ele>229</ele>
        <time>2026-08-06T18:11:33.621Z</time>
      </trkpt>
      <trkpt lat="43.4399562" lon="-3.9445619">
        <ele>229</ele>
        <time>2026-08-06T18:11:34.621Z</time>
      </trkpt>
      <trkpt lat="43.4399484" lon="-3.9445626">
        <ele>230</ele>
        <time>2026-08-06T18:11:35.621Z</time>
      </trkpt>
      <trkpt lat="43.4399407" lon="-3.9445634">
        <ele>230</ele>
        <time>2026-08-06T18:11:36.621Z</time>
      </trkpt>
      <trkpt lat="43.4399333" lon="-3.9445692">
        <ele>231</ele>
        <time>2026-08-06T18:11:37.621Z</time>
      </trkpt>
      <trkpt lat="43.439926" lon="-3.944575">
        <ele>231</ele>
        <time>2026-08-06T18:11:38.621Z</time>
      </trkpt>
      <trkpt lat="43.4399175" lon="-3.9445754">
        <ele>231</ele>
        <time>2026-08-06T18:11:39.621Z</time>
      </trkpt>
      <trkpt lat="43.4399091" lon="-3.9445759">
        <ele>231</ele>
        <time>2026-08-06T18:11:40.621Z</time>
      </trkpt>
      <trkpt lat="43.4399037" lon="-3.9445687">
        <ele>231</ele>
        <time>2026-08-06T18:11:41.621Z</time>
      </trkpt>
      <trkpt lat="43.4398984" lon="-3.9445615">
        <ele>232</ele>
        <time>2026-08-06T18:11:42.621Z</time>
      </trkpt>
      <trkpt lat="43.4398964" lon="-3.9445515">
        <ele>232</ele>
        <time>2026-08-06T18:11:43.621Z</time>
      </trkpt>
      <trkpt lat="43.4398944" lon="-3.9445415">
        <ele>232</ele>
        <time>2026-08-06T18:11:44.621Z</time>
      </trkpt>
      <trkpt lat="43.4398944" lon="-3.9445298">
        <ele>232</ele>
        <time>2026-08-06T18:11:45.621Z</time>
      </trkpt>
      <trkpt lat="43.4398944" lon="-3.9445182">
        <ele>232</ele>
        <time>2026-08-06T18:11:46.621Z</time>
      </trkpt>
      <trkpt lat="43.4398944" lon="-3.9445065">
        <ele>232</ele>
        <time>2026-08-06T18:11:47.621Z</time>
      </trkpt>
      <trkpt lat="43.4398945" lon="-3.9444949">
        <ele>232</ele>
        <time>2026-08-06T18:11:48.621Z</time>
      </trkpt>
      <trkpt lat="43.4398943" lon="-3.9444899">
        <ele>232</ele>
        <time>2026-08-06T18:11:49.621Z</time>
      </trkpt>
      <trkpt lat="43.4398941" lon="-3.9444849">
        <ele>232</ele>
        <time>2026-08-06T18:11:50.621Z</time>
      </trkpt>
      <trkpt lat="43.4398952" lon="-3.9444836">
        <ele>232</ele>
        <time>2026-08-06T18:11:51.621Z</time>
      </trkpt>
      <trkpt lat="43.4398964" lon="-3.9444823">
        <ele>233</ele>
        <time>2026-08-06T18:11:52.621Z</time>
      </trkpt>
      <trkpt lat="43.4398989" lon="-3.9444899">
        <ele>233</ele>
        <time>2026-08-06T18:11:53.621Z</time>
      </trkpt>
      <trkpt lat="43.4399014" lon="-3.9444976">
        <ele>233</ele>
        <time>2026-08-06T18:11:54.621Z</time>
      </trkpt>
      <trkpt lat="43.4399031" lon="-3.9445017">
        <ele>233</ele>
        <time>2026-08-06T18:14:27.621Z</time>
      </trkpt>
      <trkpt lat="43.4399029" lon="-3.944501">
        <ele>232</ele>
        <time>2026-08-06T18:14:28.621Z</time>
      </trkpt>
      <trkpt lat="43.4399027" lon="-3.9445004">
        <ele>232</ele>
        <time>2026-08-06T18:14:29.621Z</time>
      </trkpt>
      <trkpt lat="43.4399005" lon="-3.9444944">
        <ele>232</ele>
        <time>2026-08-06T18:14:30.621Z</time>
      </trkpt>
      <trkpt lat="43.4398984" lon="-3.9444885">
        <ele>232</ele>
        <time>2026-08-06T18:14:31.621Z</time>
      </trkpt>
      <trkpt lat="43.4398954" lon="-3.9444776">
        <ele>232</ele>
        <time>2026-08-06T18:14:32.621Z</time>
      </trkpt>
      <trkpt lat="43.4398924" lon="-3.9444668">
        <ele>232</ele>
        <time>2026-08-06T18:14:33.621Z</time>
      </trkpt>
      <trkpt lat="43.4398919" lon="-3.9444627">
        <ele>232</ele>
        <time>2026-08-06T18:14:34.621Z</time>
      </trkpt>
      <trkpt lat="43.4398914" lon="-3.9444586">
        <ele>232</ele>
        <time>2026-08-06T18:14:35.621Z</time>
      </trkpt>
      <trkpt lat="43.439891" lon="-3.9444546">
        <ele>232</ele>
        <time>2026-08-06T18:14:36.621Z</time>
      </trkpt>
      <trkpt lat="43.4398905" lon="-3.9444505">
        <ele>232</ele>
        <time>2026-08-06T18:14:37.621Z</time>
      </trkpt>
      <trkpt lat="43.4398901" lon="-3.9444465">
        <ele>232</ele>
        <time>2026-08-06T18:14:38.621Z</time>
      </trkpt>
      <trkpt lat="43.4398883" lon="-3.9444438">
        <ele>232</ele>
        <time>2026-08-06T18:14:39.621Z</time>
      </trkpt>
      <trkpt lat="43.4398865" lon="-3.9444411">
        <ele>232</ele>
        <time>2026-08-06T18:14:40.621Z</time>
      </trkpt>
      <trkpt lat="43.4398821" lon="-3.9444408">
        <ele>232</ele>
        <time>2026-08-06T18:14:41.621Z</time>
      </trkpt>
      <trkpt lat="43.4398778" lon="-3.9444406">
        <ele>232</ele>
        <time>2026-08-06T18:14:42.621Z</time>
      </trkpt>
      <trkpt lat="43.4398704" lon="-3.9444437">
        <ele>232</ele>
        <time>2026-08-06T18:14:43.621Z</time>
      </trkpt>
      <trkpt lat="43.4398631" lon="-3.9444469">
        <ele>232</ele>
        <time>2026-08-06T18:14:44.621Z</time>
      </trkpt>
      <trkpt lat="43.4398545" lon="-3.9444502">
        <ele>232</ele>
        <time>2026-08-06T18:14:45.621Z</time>
      </trkpt>
      <trkpt lat="43.4398459" lon="-3.9444536">
        <ele>232</ele>
        <time>2026-08-06T18:14:46.621Z</time>
      </trkpt>
      <trkpt lat="43.4398385" lon="-3.9444549">
        <ele>232</ele>
        <time>2026-08-06T18:15:07.621Z</time>
      </trkpt>
      <trkpt lat="43.4398339" lon="-3.9444577">
        <ele>232</ele>
        <time>2026-08-06T18:15:08.621Z</time>
      </trkpt>
      <trkpt lat="43.4398294" lon="-3.9444605">
        <ele>232</ele>
        <time>2026-08-06T18:15:09.621Z</time>
      </trkpt>
      <trkpt lat="43.4398228" lon="-3.9444684">
        <ele>232</ele>
        <time>2026-08-06T18:15:44.621Z</time>
      </trkpt>
      <trkpt lat="43.4398222" lon="-3.9444683">
        <ele>232</ele>
        <time>2026-08-06T18:15:45.621Z</time>
      </trkpt>
      <trkpt lat="43.4398216" lon="-3.9444682">
        <ele>232</ele>
        <time>2026-08-06T18:15:46.621Z</time>
      </trkpt>
      <trkpt lat="43.4398237" lon="-3.9444655">
        <ele>232</ele>
        <time>2026-08-06T18:15:47.621Z</time>
      </trkpt>
      <trkpt lat="43.4398259" lon="-3.9444628">
        <ele>232</ele>
        <time>2026-08-06T18:15:48.621Z</time>
      </trkpt>
      <trkpt lat="43.4398281" lon="-3.9444612">
        <ele>232</ele>
        <time>2026-08-06T18:15:49.621Z</time>
      </trkpt>
      <trkpt lat="43.4398304" lon="-3.9444597">
        <ele>232</ele>
        <time>2026-08-06T18:15:50.621Z</time>
      </trkpt>
      <trkpt lat="43.4398326" lon="-3.9444581">
        <ele>232</ele>
        <time>2026-08-06T18:15:51.621Z</time>
      </trkpt>
      <trkpt lat="43.4398349" lon="-3.9444566">
        <ele>232</ele>
        <time>2026-08-06T18:15:52.621Z</time>
      </trkpt>
      <trkpt lat="43.4398402" lon="-3.9444574">
        <ele>232</ele>
        <time>2026-08-06T18:15:53.621Z</time>
      </trkpt>
      <trkpt lat="43.4398455" lon="-3.9444583">
        <ele>232</ele>
        <time>2026-08-06T18:15:54.621Z</time>
      </trkpt>
      <trkpt lat="43.4398523" lon="-3.9444621">
        <ele>232</ele>
        <time>2026-08-06T18:15:55.621Z</time>
      </trkpt>
      <trkpt lat="43.4398591" lon="-3.9444659">
        <ele>232</ele>
        <time>2026-08-06T18:15:56.621Z</time>
      </trkpt>
      <trkpt lat="43.4398674" lon="-3.9444675">
        <ele>232</ele>
        <time>2026-08-06T18:15:57.621Z</time>
      </trkpt>
      <trkpt lat="43.4398758" lon="-3.9444691">
        <ele>232</ele>
        <time>2026-08-06T18:15:58.621Z</time>
      </trkpt>
      <trkpt lat="43.4398827" lon="-3.9444668">
        <ele>232</ele>
        <time>2026-08-06T18:15:59.621Z</time>
      </trkpt>
      <trkpt lat="43.4398897" lon="-3.9444645">
        <ele>232</ele>
        <time>2026-08-06T18:16:00.621Z</time>
      </trkpt>
      <trkpt lat="43.4398967" lon="-3.9444647">
        <ele>232</ele>
        <time>2026-08-06T18:16:27.621Z</time>
      </trkpt>
      <trkpt lat="43.4398975" lon="-3.9444695">
        <ele>232</ele>
        <time>2026-08-06T18:16:28.621Z</time>
      </trkpt>
      <trkpt lat="43.4398983" lon="-3.9444744">
        <ele>232</ele>
        <time>2026-08-06T18:16:29.621Z</time>
      </trkpt>
      <trkpt lat="43.4398998" lon="-3.9444797">
        <ele>232</ele>
        <time>2026-08-06T18:16:30.621Z</time>
      </trkpt>
      <trkpt lat="43.4399014" lon="-3.9444851">
        <ele>232</ele>
        <time>2026-08-06T18:16:31.621Z</time>
      </trkpt>
      <trkpt lat="43.4399049" lon="-3.9444904">
        <ele>233</ele>
        <time>2026-08-06T18:16:32.621Z</time>
      </trkpt>
      <trkpt lat="43.4399085" lon="-3.9444958">
        <ele>233</ele>
        <time>2026-08-06T18:16:33.621Z</time>
      </trkpt>
      <trkpt lat="43.4399102" lon="-3.944497">
        <ele>233</ele>
        <time>2026-08-06T18:16:34.621Z</time>
      </trkpt>
      <trkpt lat="43.439912" lon="-3.9444983">
        <ele>233</ele>
        <time>2026-08-06T18:16:35.621Z</time>
      </trkpt>
      <trkpt lat="43.4399138" lon="-3.9444996">
        <ele>233</ele>
        <time>2026-08-06T18:16:36.621Z</time>
      </trkpt>
      <trkpt lat="43.4399156" lon="-3.9445009">
        <ele>233</ele>
        <time>2026-08-06T18:16:37.621Z</time>
      </trkpt>
      <trkpt lat="43.4399211" lon="-3.9445045">
        <ele>232</ele>
        <time>2026-08-06T18:16:38.621Z</time>
      </trkpt>
      <trkpt lat="43.4399267" lon="-3.9445081">
        <ele>232</ele>
        <time>2026-08-06T18:16:39.621Z</time>
      </trkpt>
      <trkpt lat="43.4399324" lon="-3.9445111">
        <ele>232</ele>
        <time>2026-08-06T18:16:40.621Z</time>
      </trkpt>
      <trkpt lat="43.4399381" lon="-3.9445142">
        <ele>232</ele>
        <time>2026-08-06T18:16:41.621Z</time>
      </trkpt>
      <trkpt lat="43.439946" lon="-3.9445175">
        <ele>232</ele>
        <time>2026-08-06T18:16:42.621Z</time>
      </trkpt>
      <trkpt lat="43.4399539" lon="-3.9445209">
        <ele>232</ele>
        <time>2026-08-06T18:16:43.621Z</time>
      </trkpt>
      <trkpt lat="43.4399624" lon="-3.9445232">
        <ele>232</ele>
        <time>2026-08-06T18:16:44.621Z</time>
      </trkpt>
      <trkpt lat="43.4399709" lon="-3.9445255">
        <ele>232</ele>
        <time>2026-08-06T18:16:45.621Z</time>
      </trkpt>
      <trkpt lat="43.43998" lon="-3.9445272">
        <ele>232</ele>
        <time>2026-08-06T18:16:46.621Z</time>
      </trkpt>
      <trkpt lat="43.4399891" lon="-3.9445289">
        <ele>232</ele>
        <time>2026-08-06T18:16:47.621Z</time>
      </trkpt>
      <trkpt lat="43.4400016" lon="-3.9445332">
        <ele>231</ele>
        <time>2026-08-06T18:16:48.621Z</time>
      </trkpt>
      <trkpt lat="43.4400141" lon="-3.9445375">
        <ele>231</ele>
        <time>2026-08-06T18:16:49.621Z</time>
      </trkpt>
      <trkpt lat="43.4400323" lon="-3.9445451">
        <ele>230</ele>
        <time>2026-08-06T18:16:50.621Z</time>
      </trkpt>
      <trkpt lat="43.4400505" lon="-3.9445528">
        <ele>230</ele>
        <time>2026-08-06T18:16:51.621Z</time>
      </trkpt>
      <trkpt lat="43.4400752" lon="-3.9445635">
        <ele>230</ele>
        <time>2026-08-06T18:16:52.621Z</time>
      </trkpt>
      <trkpt lat="43.4400999" lon="-3.9445742">
        <ele>229</ele>
        <time>2026-08-06T18:16:53.621Z</time>
      </trkpt>
      <trkpt lat="43.4401283" lon="-3.9445894">
        <ele>228</ele>
        <time>2026-08-06T18:16:54.621Z</time>
      </trkpt>
      <trkpt lat="43.4401567" lon="-3.9446047">
        <ele>228</ele>
        <time>2026-08-06T18:16:55.621Z</time>
      </trkpt>
      <trkpt lat="43.440187" lon="-3.94462">
        <ele>227</ele>
        <time>2026-08-06T18:16:56.621Z</time>
      </trkpt>
      <trkpt lat="43.4402174" lon="-3.9446354">
        <ele>227</ele>
        <time>2026-08-06T18:16:57.621Z</time>
      </trkpt>
      <trkpt lat="43.4402493" lon="-3.9446489">
        <ele>226</ele>
        <time>2026-08-06T18:16:58.621Z</time>
      </trkpt>
      <trkpt lat="43.4402813" lon="-3.9446625">
        <ele>225</ele>
        <time>2026-08-06T18:16:59.621Z</time>
      </trkpt>
      <trkpt lat="43.4403124" lon="-3.9446778">
        <ele>225</ele>
        <time>2026-08-06T18:17:00.621Z</time>
      </trkpt>
      <trkpt lat="43.4403436" lon="-3.9446931">
        <ele>224</ele>
        <time>2026-08-06T18:17:01.621Z</time>
      </trkpt>
      <trkpt lat="43.4403702" lon="-3.9447097">
        <ele>224</ele>
        <time>2026-08-06T18:17:02.621Z</time>
      </trkpt>
      <trkpt lat="43.4403969" lon="-3.9447263">
        <ele>223</ele>
        <time>2026-08-06T18:17:03.621Z</time>
      </trkpt>
      <trkpt lat="43.4404177" lon="-3.9447398">
        <ele>223</ele>
        <time>2026-08-06T18:17:04.621Z</time>
      </trkpt>
      <trkpt lat="43.4404385" lon="-3.9447534">
        <ele>222</ele>
        <time>2026-08-06T18:17:05.621Z</time>
      </trkpt>
      <trkpt lat="43.4404548" lon="-3.9447616">
        <ele>222</ele>
        <time>2026-08-06T18:17:06.621Z</time>
      </trkpt>
      <trkpt lat="43.4404711" lon="-3.9447699">
        <ele>222</ele>
        <time>2026-08-06T18:17:07.621Z</time>
      </trkpt>
      <trkpt lat="43.4404829" lon="-3.9447762">
        <ele>221</ele>
        <time>2026-08-06T18:17:08.621Z</time>
      </trkpt>
      <trkpt lat="43.4404948" lon="-3.9447826">
        <ele>221</ele>
        <time>2026-08-06T18:17:09.621Z</time>
      </trkpt>
      <trkpt lat="43.4404986" lon="-3.944786">
        <ele>221</ele>
        <time>2026-08-06T18:17:10.621Z</time>
      </trkpt>
      <trkpt lat="43.4405025" lon="-3.9447894">
        <ele>221</ele>
        <time>2026-08-06T18:17:11.621Z</time>
      </trkpt>
      <trkpt lat="43.4405031" lon="-3.9447911">
        <ele>221</ele>
        <time>2026-08-06T18:17:12.621Z</time>
      </trkpt>
      <trkpt lat="43.4405037" lon="-3.9447928">
        <ele>221</ele>
        <time>2026-08-06T18:17:13.621Z</time>
      </trkpt>
      <trkpt lat="43.4405019" lon="-3.9447903">
        <ele>221</ele>
        <time>2026-08-06T18:17:14.621Z</time>
      </trkpt>
      <trkpt lat="43.4405002" lon="-3.9447878">
        <ele>221</ele>
        <time>2026-08-06T18:17:15.621Z</time>
      </trkpt>
      <trkpt lat="43.4404984" lon="-3.9447853">
        <ele>221</ele>
        <time>2026-08-06T18:17:16.621Z</time>
      </trkpt>
      <trkpt lat="43.4404967" lon="-3.9447828">
        <ele>221</ele>
        <time>2026-08-06T18:17:17.621Z</time>
      </trkpt>
      <trkpt lat="43.440495" lon="-3.9447803">
        <ele>221</ele>
        <time>2026-08-06T18:17:18.621Z</time>
      </trkpt>
      <trkpt lat="43.4404912" lon="-3.9447711">
        <ele>221</ele>
        <time>2026-08-06T18:17:19.621Z</time>
      </trkpt>
      <trkpt lat="43.4404875" lon="-3.9447619">
        <ele>221</ele>
        <time>2026-08-06T18:17:20.621Z</time>
      </trkpt>
      <trkpt lat="43.4404827" lon="-3.9447422">
        <ele>221</ele>
        <time>2026-08-06T18:17:21.621Z</time>
      </trkpt>
      <trkpt lat="43.440478" lon="-3.9447226">
        <ele>221</ele>
        <time>2026-08-06T18:17:22.621Z</time>
      </trkpt>
      <trkpt lat="43.4404682" lon="-3.9446884">
        <ele>220</ele>
        <time>2026-08-06T18:17:23.621Z</time>
      </trkpt>
      <trkpt lat="43.4404584" lon="-3.9446542">
        <ele>220</ele>
        <time>2026-08-06T18:17:24.621Z</time>
      </trkpt>
      <trkpt lat="43.440444" lon="-3.9446089">
        <ele>219</ele>
        <time>2026-08-06T18:17:25.621Z</time>
      </trkpt>
      <trkpt lat="43.4404296" lon="-3.9445637">
        <ele>219</ele>
        <time>2026-08-06T18:17:26.621Z</time>
      </trkpt>
      <trkpt lat="43.4404146" lon="-3.944513">
        <ele>219</ele>
        <time>2026-08-06T18:17:27.621Z</time>
      </trkpt>
      <trkpt lat="43.4403997" lon="-3.9444623">
        <ele>218</ele>
        <time>2026-08-06T18:17:28.621Z</time>
      </trkpt>
      <trkpt lat="43.4403864" lon="-3.9444096">
        <ele>218</ele>
        <time>2026-08-06T18:17:29.621Z</time>
      </trkpt>
      <trkpt lat="43.4403731" lon="-3.9443569">
        <ele>217</ele>
        <time>2026-08-06T18:17:30.621Z</time>
      </trkpt>
      <trkpt lat="43.4403616" lon="-3.9443048">
        <ele>217</ele>
        <time>2026-08-06T18:17:31.621Z</time>
      </trkpt>
      <trkpt lat="43.4403502" lon="-3.9442528">
        <ele>217</ele>
        <time>2026-08-06T18:17:32.621Z</time>
      </trkpt>
      <trkpt lat="43.4403393" lon="-3.9442022">
        <ele>216</ele>
        <time>2026-08-06T18:17:33.621Z</time>
      </trkpt>
      <trkpt lat="43.4403284" lon="-3.9441516">
        <ele>215</ele>
        <time>2026-08-06T18:17:34.621Z</time>
      </trkpt>
      <trkpt lat="43.4403174" lon="-3.9441015">
        <ele>214</ele>
        <time>2026-08-06T18:17:35.621Z</time>
      </trkpt>
      <trkpt lat="43.4403064" lon="-3.9440515">
        <ele>213</ele>
        <time>2026-08-06T18:17:36.621Z</time>
      </trkpt>
      <trkpt lat="43.4402978" lon="-3.9439983">
        <ele>213</ele>
        <time>2026-08-06T18:17:37.621Z</time>
      </trkpt>
      <trkpt lat="43.4402893" lon="-3.9439451">
        <ele>212</ele>
        <time>2026-08-06T18:17:38.621Z</time>
      </trkpt>
      <trkpt lat="43.4402852" lon="-3.943888">
        <ele>211</ele>
        <time>2026-08-06T18:17:39.621Z</time>
      </trkpt>
      <trkpt lat="43.4402812" lon="-3.943831">
        <ele>210</ele>
        <time>2026-08-06T18:17:40.621Z</time>
      </trkpt>
      <trkpt lat="43.4402817" lon="-3.9437721">
        <ele>209</ele>
        <time>2026-08-06T18:17:41.621Z</time>
      </trkpt>
      <trkpt lat="43.4402823" lon="-3.9437132">
        <ele>209</ele>
        <time>2026-08-06T18:17:42.621Z</time>
      </trkpt>
      <trkpt lat="43.4402853" lon="-3.9436558">
        <ele>208</ele>
        <time>2026-08-06T18:17:43.621Z</time>
      </trkpt>
      <trkpt lat="43.4402883" lon="-3.9435985">
        <ele>207</ele>
        <time>2026-08-06T18:17:44.621Z</time>
      </trkpt>
      <trkpt lat="43.440293" lon="-3.9435458">
        <ele>207</ele>
        <time>2026-08-06T18:17:45.621Z</time>
      </trkpt>
      <trkpt lat="43.4402978" lon="-3.9434932">
        <ele>206</ele>
        <time>2026-08-06T18:17:46.621Z</time>
      </trkpt>
      <trkpt lat="43.4403042" lon="-3.9434456">
        <ele>206</ele>
        <time>2026-08-06T18:17:47.621Z</time>
      </trkpt>
      <trkpt lat="43.4403106" lon="-3.9433981">
        <ele>205</ele>
        <time>2026-08-06T18:17:48.621Z</time>
      </trkpt>
      <trkpt lat="43.4403195" lon="-3.9433556">
        <ele>205</ele>
        <time>2026-08-06T18:17:49.621Z</time>
      </trkpt>
      <trkpt lat="43.4403284" lon="-3.9433132">
        <ele>204</ele>
        <time>2026-08-06T18:17:50.621Z</time>
      </trkpt>
      <trkpt lat="43.4403408" lon="-3.9432749">
        <ele>204</ele>
        <time>2026-08-06T18:17:51.621Z</time>
      </trkpt>
      <trkpt lat="43.4403533" lon="-3.9432367">
        <ele>204</ele>
        <time>2026-08-06T18:17:52.621Z</time>
      </trkpt>
      <trkpt lat="43.4403695" lon="-3.9431999">
        <ele>203</ele>
        <time>2026-08-06T18:17:53.621Z</time>
      </trkpt>
      <trkpt lat="43.4403857" lon="-3.9431632">
        <ele>203</ele>
        <time>2026-08-06T18:17:54.621Z</time>
      </trkpt>
      <trkpt lat="43.440404" lon="-3.9431269">
        <ele>203</ele>
        <time>2026-08-06T18:17:55.621Z</time>
      </trkpt>
      <trkpt lat="43.4404223" lon="-3.9430907">
        <ele>203</ele>
        <time>2026-08-06T18:17:56.621Z</time>
      </trkpt>
      <trkpt lat="43.4404407" lon="-3.943055">
        <ele>203</ele>
        <time>2026-08-06T18:17:57.621Z</time>
      </trkpt>
      <trkpt lat="43.4404592" lon="-3.9430193">
        <ele>202</ele>
        <time>2026-08-06T18:17:58.621Z</time>
      </trkpt>
      <trkpt lat="43.4404764" lon="-3.9429846">
        <ele>201</ele>
        <time>2026-08-06T18:17:59.621Z</time>
      </trkpt>
      <trkpt lat="43.4404936" lon="-3.94295">
        <ele>200</ele>
        <time>2026-08-06T18:18:00.621Z</time>
      </trkpt>
      <trkpt lat="43.4405075" lon="-3.9429198">
        <ele>199</ele>
        <time>2026-08-06T18:18:01.621Z</time>
      </trkpt>
      <trkpt lat="43.4405215" lon="-3.9428897">
        <ele>199</ele>
        <time>2026-08-06T18:18:02.621Z</time>
      </trkpt>
      <trkpt lat="43.440531" lon="-3.9428676">
        <ele>198</ele>
        <time>2026-08-06T18:18:03.621Z</time>
      </trkpt>
      <trkpt lat="43.4405405" lon="-3.9428456">
        <ele>198</ele>
        <time>2026-08-06T18:18:04.621Z</time>
      </trkpt>
      <trkpt lat="43.4405523" lon="-3.9428203">
        <ele>197</ele>
        <time>2026-08-06T18:18:16.621Z</time>
      </trkpt>
      <trkpt lat="43.4405536" lon="-3.9428133">
        <ele>197</ele>
        <time>2026-08-06T18:18:17.621Z</time>
      </trkpt>
      <trkpt lat="43.4405549" lon="-3.9428063">
        <ele>197</ele>
        <time>2026-08-06T18:18:18.621Z</time>
      </trkpt>
      <trkpt lat="43.4405528" lon="-3.9427945">
        <ele>197</ele>
        <time>2026-08-06T18:18:19.621Z</time>
      </trkpt>
      <trkpt lat="43.4405507" lon="-3.9427827">
        <ele>197</ele>
        <time>2026-08-06T18:18:20.621Z</time>
      </trkpt>
      <trkpt lat="43.440544" lon="-3.9427632">
        <ele>197</ele>
        <time>2026-08-06T18:18:21.621Z</time>
      </trkpt>
      <trkpt lat="43.4405374" lon="-3.9427437">
        <ele>197</ele>
        <time>2026-08-06T18:18:22.621Z</time>
      </trkpt>
      <trkpt lat="43.4405242" lon="-3.9427175">
        <ele>196</ele>
        <time>2026-08-06T18:18:23.621Z</time>
      </trkpt>
      <trkpt lat="43.440511" lon="-3.9426913">
        <ele>196</ele>
        <time>2026-08-06T18:18:24.621Z</time>
      </trkpt>
      <trkpt lat="43.4404913" lon="-3.9426615">
        <ele>196</ele>
        <time>2026-08-06T18:18:25.621Z</time>
      </trkpt>
      <trkpt lat="43.4404717" lon="-3.9426317">
        <ele>196</ele>
        <time>2026-08-06T18:18:26.621Z</time>
      </trkpt>
      <trkpt lat="43.4404484" lon="-3.9426004">
        <ele>196</ele>
        <time>2026-08-06T18:18:27.621Z</time>
      </trkpt>
      <trkpt lat="43.4404252" lon="-3.9425691">
        <ele>195</ele>
        <time>2026-08-06T18:18:28.621Z</time>
      </trkpt>
      <trkpt lat="43.4404009" lon="-3.9425364">
        <ele>194</ele>
        <time>2026-08-06T18:18:29.621Z</time>
      </trkpt>
      <trkpt lat="43.4403767" lon="-3.9425037">
        <ele>194</ele>
        <time>2026-08-06T18:18:30.621Z</time>
      </trkpt>
      <trkpt lat="43.4403538" lon="-3.9424702">
        <ele>193</ele>
        <time>2026-08-06T18:18:31.621Z</time>
      </trkpt>
      <trkpt lat="43.440331" lon="-3.9424367">
        <ele>193</ele>
        <time>2026-08-06T18:18:32.621Z</time>
      </trkpt>
      <trkpt lat="43.4403111" lon="-3.9424013">
        <ele>192</ele>
        <time>2026-08-06T18:18:33.621Z</time>
      </trkpt>
      <trkpt lat="43.4402913" lon="-3.942366">
        <ele>191</ele>
        <time>2026-08-06T18:18:34.621Z</time>
      </trkpt>
      <trkpt lat="43.4402743" lon="-3.9423286">
        <ele>191</ele>
        <time>2026-08-06T18:18:35.621Z</time>
      </trkpt>
      <trkpt lat="43.4402573" lon="-3.9422913">
        <ele>190</ele>
        <time>2026-08-06T18:18:36.621Z</time>
      </trkpt>
      <trkpt lat="43.4402426" lon="-3.9422534">
        <ele>190</ele>
        <time>2026-08-06T18:18:37.621Z</time>
      </trkpt>
      <trkpt lat="43.4402279" lon="-3.9422156">
        <ele>189</ele>
        <time>2026-08-06T18:18:38.621Z</time>
      </trkpt>
      <trkpt lat="43.4402141" lon="-3.942178">
        <ele>188</ele>
        <time>2026-08-06T18:18:39.621Z</time>
      </trkpt>
      <trkpt lat="43.4402004" lon="-3.9421404">
        <ele>188</ele>
        <time>2026-08-06T18:18:40.621Z</time>
      </trkpt>
      <trkpt lat="43.4401876" lon="-3.9421015">
        <ele>187</ele>
        <time>2026-08-06T18:18:41.621Z</time>
      </trkpt>
      <trkpt lat="43.4401749" lon="-3.9420627">
        <ele>187</ele>
        <time>2026-08-06T18:18:42.621Z</time>
      </trkpt>
      <trkpt lat="43.4401653" lon="-3.942024">
        <ele>186</ele>
        <time>2026-08-06T18:18:43.621Z</time>
      </trkpt>
      <trkpt lat="43.4401558" lon="-3.9419853">
        <ele>186</ele>
        <time>2026-08-06T18:18:44.621Z</time>
      </trkpt>
      <trkpt lat="43.4401522" lon="-3.941947">
        <ele>185</ele>
        <time>2026-08-06T18:18:45.621Z</time>
      </trkpt>
      <trkpt lat="43.4401486" lon="-3.9419088">
        <ele>185</ele>
        <time>2026-08-06T18:18:46.621Z</time>
      </trkpt>
      <trkpt lat="43.4401555" lon="-3.9418726">
        <ele>185</ele>
        <time>2026-08-06T18:18:47.621Z</time>
      </trkpt>
      <trkpt lat="43.4401624" lon="-3.9418365">
        <ele>184</ele>
        <time>2026-08-06T18:18:48.621Z</time>
      </trkpt>
      <trkpt lat="43.4401824" lon="-3.9418101">
        <ele>184</ele>
        <time>2026-08-06T18:18:49.621Z</time>
      </trkpt>
      <trkpt lat="43.4402024" lon="-3.9417837">
        <ele>184</ele>
        <time>2026-08-06T18:18:50.621Z</time>
      </trkpt>
      <trkpt lat="43.4402324" lon="-3.9417733">
        <ele>184</ele>
        <time>2026-08-06T18:18:51.621Z</time>
      </trkpt>
      <trkpt lat="43.4402624" lon="-3.9417629">
        <ele>184</ele>
        <time>2026-08-06T18:18:52.621Z</time>
      </trkpt>
      <trkpt lat="43.4402963" lon="-3.9417617">
        <ele>183</ele>
        <time>2026-08-06T18:18:53.621Z</time>
      </trkpt>
      <trkpt lat="43.4403302" lon="-3.9417605">
        <ele>182</ele>
        <time>2026-08-06T18:18:54.621Z</time>
      </trkpt>
      <trkpt lat="43.4403639" lon="-3.9417599">
        <ele>182</ele>
        <time>2026-08-06T18:18:55.621Z</time>
      </trkpt>
      <trkpt lat="43.4403977" lon="-3.9417594">
        <ele>181</ele>
        <time>2026-08-06T18:18:56.621Z</time>
      </trkpt>
      <trkpt lat="43.4404301" lon="-3.9417561">
        <ele>181</ele>
        <time>2026-08-06T18:18:57.621Z</time>
      </trkpt>
      <trkpt lat="43.4404626" lon="-3.9417529">
        <ele>180</ele>
        <time>2026-08-06T18:18:58.621Z</time>
      </trkpt>
      <trkpt lat="43.4404939" lon="-3.9417477">
        <ele>180</ele>
        <time>2026-08-06T18:18:59.621Z</time>
      </trkpt>
      <trkpt lat="43.4405253" lon="-3.9417426">
        <ele>179</ele>
        <time>2026-08-06T18:19:00.621Z</time>
      </trkpt>
      <trkpt lat="43.440556" lon="-3.9417376">
        <ele>179</ele>
        <time>2026-08-06T18:19:01.621Z</time>
      </trkpt>
      <trkpt lat="43.4405867" lon="-3.9417327">
        <ele>179</ele>
        <time>2026-08-06T18:19:02.621Z</time>
      </trkpt>
      <trkpt lat="43.4406163" lon="-3.9417298">
        <ele>178</ele>
        <time>2026-08-06T18:19:03.621Z</time>
      </trkpt>
      <trkpt lat="43.4406459" lon="-3.941727">
        <ele>178</ele>
        <time>2026-08-06T18:19:04.621Z</time>
      </trkpt>
      <trkpt lat="43.4406747" lon="-3.9417268">
        <ele>177</ele>
        <time>2026-08-06T18:19:05.621Z</time>
      </trkpt>
      <trkpt lat="43.4407036" lon="-3.9417267">
        <ele>177</ele>
        <time>2026-08-06T18:19:06.621Z</time>
      </trkpt>
      <trkpt lat="43.4407331" lon="-3.9417309">
        <ele>177</ele>
        <time>2026-08-06T18:19:07.621Z</time>
      </trkpt>
      <trkpt lat="43.4407627" lon="-3.9417351">
        <ele>176</ele>
        <time>2026-08-06T18:19:08.621Z</time>
      </trkpt>
      <trkpt lat="43.4407928" lon="-3.9417452">
        <ele>175</ele>
        <time>2026-08-06T18:19:09.621Z</time>
      </trkpt>
      <trkpt lat="43.4408229" lon="-3.9417553">
        <ele>175</ele>
        <time>2026-08-06T18:19:10.621Z</time>
      </trkpt>
      <trkpt lat="43.4408534" lon="-3.941769">
        <ele>174</ele>
        <time>2026-08-06T18:19:11.621Z</time>
      </trkpt>
      <trkpt lat="43.4408839" lon="-3.9417827">
        <ele>174</ele>
        <time>2026-08-06T18:19:12.621Z</time>
      </trkpt>
      <trkpt lat="43.4409157" lon="-3.9417948">
        <ele>173</ele>
        <time>2026-08-06T18:19:13.621Z</time>
      </trkpt>
      <trkpt lat="43.4409475" lon="-3.9418069">
        <ele>172</ele>
        <time>2026-08-06T18:19:14.621Z</time>
      </trkpt>
      <trkpt lat="43.44098" lon="-3.9418143">
        <ele>171</ele>
        <time>2026-08-06T18:19:15.621Z</time>
      </trkpt>
      <trkpt lat="43.4410125" lon="-3.9418217">
        <ele>170</ele>
        <time>2026-08-06T18:19:16.621Z</time>
      </trkpt>
      <trkpt lat="43.4410451" lon="-3.9418254">
        <ele>169</ele>
        <time>2026-08-06T18:19:17.621Z</time>
      </trkpt>
      <trkpt lat="43.4410777" lon="-3.9418291">
        <ele>168</ele>
        <time>2026-08-06T18:19:18.621Z</time>
      </trkpt>
      <trkpt lat="43.4411099" lon="-3.9418297">
        <ele>167</ele>
        <time>2026-08-06T18:19:19.621Z</time>
      </trkpt>
      <trkpt lat="43.4411421" lon="-3.9418304">
        <ele>166</ele>
        <time>2026-08-06T18:19:20.621Z</time>
      </trkpt>
      <trkpt lat="43.4411754" lon="-3.9418287">
        <ele>165</ele>
        <time>2026-08-06T18:19:21.621Z</time>
      </trkpt>
      <trkpt lat="43.4412088" lon="-3.9418271">
        <ele>164</ele>
        <time>2026-08-06T18:19:22.621Z</time>
      </trkpt>
      <trkpt lat="43.4412436" lon="-3.9418256">
        <ele>163</ele>
        <time>2026-08-06T18:19:23.621Z</time>
      </trkpt>
      <trkpt lat="43.4412785" lon="-3.9418242">
        <ele>162</ele>
        <time>2026-08-06T18:19:24.621Z</time>
      </trkpt>
      <trkpt lat="43.441314" lon="-3.9418247">
        <ele>161</ele>
        <time>2026-08-06T18:19:25.621Z</time>
      </trkpt>
      <trkpt lat="43.4413496" lon="-3.9418252">
        <ele>160</ele>
        <time>2026-08-06T18:19:26.621Z</time>
      </trkpt>
      <trkpt lat="43.4413848" lon="-3.9418287">
        <ele>160</ele>
        <time>2026-08-06T18:19:27.621Z</time>
      </trkpt>
      <trkpt lat="43.4414201" lon="-3.9418323">
        <ele>159</ele>
        <time>2026-08-06T18:19:28.621Z</time>
      </trkpt>
      <trkpt lat="43.4414545" lon="-3.9418384">
        <ele>158</ele>
        <time>2026-08-06T18:19:29.621Z</time>
      </trkpt>
      <trkpt lat="43.441489" lon="-3.9418445">
        <ele>158</ele>
        <time>2026-08-06T18:19:30.621Z</time>
      </trkpt>
      <trkpt lat="43.4415221" lon="-3.9418504">
        <ele>157</ele>
        <time>2026-08-06T18:19:31.621Z</time>
      </trkpt>
      <trkpt lat="43.4415552" lon="-3.9418564">
        <ele>157</ele>
        <time>2026-08-06T18:19:32.621Z</time>
      </trkpt>
      <trkpt lat="43.441586" lon="-3.9418579">
        <ele>156</ele>
        <time>2026-08-06T18:19:33.621Z</time>
      </trkpt>
      <trkpt lat="43.4416168" lon="-3.9418594">
        <ele>156</ele>
        <time>2026-08-06T18:19:34.621Z</time>
      </trkpt>
      <trkpt lat="43.4416451" lon="-3.9418542">
        <ele>155</ele>
        <time>2026-08-06T18:19:35.621Z</time>
      </trkpt>
      <trkpt lat="43.4416734" lon="-3.941849">
        <ele>155</ele>
        <time>2026-08-06T18:19:36.621Z</time>
      </trkpt>
      <trkpt lat="43.4416989" lon="-3.9418359">
        <ele>155</ele>
        <time>2026-08-06T18:19:37.621Z</time>
      </trkpt>
      <trkpt lat="43.4417245" lon="-3.9418229">
        <ele>154</ele>
        <time>2026-08-06T18:19:38.621Z</time>
      </trkpt>
      <trkpt lat="43.4417485" lon="-3.9418052">
        <ele>154</ele>
        <time>2026-08-06T18:19:39.621Z</time>
      </trkpt>
      <trkpt lat="43.4417726" lon="-3.9417876">
        <ele>153</ele>
        <time>2026-08-06T18:19:40.621Z</time>
      </trkpt>
      <trkpt lat="43.4417973" lon="-3.9417693">
        <ele>153</ele>
        <time>2026-08-06T18:19:41.621Z</time>
      </trkpt>
      <trkpt lat="43.4418221" lon="-3.9417511">
        <ele>153</ele>
        <time>2026-08-06T18:19:42.621Z</time>
      </trkpt>
      <trkpt lat="43.4418485" lon="-3.9417321">
        <ele>152</ele>
        <time>2026-08-06T18:19:43.621Z</time>
      </trkpt>
      <trkpt lat="43.441875" lon="-3.9417131">
        <ele>152</ele>
        <time>2026-08-06T18:19:44.621Z</time>
      </trkpt>
      <trkpt lat="43.4419048" lon="-3.9416956">
        <ele>151</ele>
        <time>2026-08-06T18:19:45.621Z</time>
      </trkpt>
      <trkpt lat="43.4419346" lon="-3.9416781">
        <ele>151</ele>
        <time>2026-08-06T18:19:46.621Z</time>
      </trkpt>
      <trkpt lat="43.4419668" lon="-3.9416647">
        <ele>151</ele>
        <time>2026-08-06T18:19:47.621Z</time>
      </trkpt>
      <trkpt lat="43.441999" lon="-3.9416513">
        <ele>150</ele>
        <time>2026-08-06T18:19:48.621Z</time>
      </trkpt>
      <trkpt lat="43.4420325" lon="-3.9416438">
        <ele>149</ele>
        <time>2026-08-06T18:19:49.621Z</time>
      </trkpt>
      <trkpt lat="43.442066" lon="-3.9416364">
        <ele>149</ele>
        <time>2026-08-06T18:19:50.621Z</time>
      </trkpt>
      <trkpt lat="43.4420996" lon="-3.9416354">
        <ele>148</ele>
        <time>2026-08-06T18:19:51.621Z</time>
      </trkpt>
      <trkpt lat="43.4421333" lon="-3.9416344">
        <ele>148</ele>
        <time>2026-08-06T18:19:52.621Z</time>
      </trkpt>
      <trkpt lat="43.4421667" lon="-3.941639">
        <ele>147</ele>
        <time>2026-08-06T18:19:53.621Z</time>
      </trkpt>
      <trkpt lat="43.4422001" lon="-3.9416436">
        <ele>147</ele>
        <time>2026-08-06T18:19:54.621Z</time>
      </trkpt>
      <trkpt lat="43.4422331" lon="-3.9416535">
        <ele>146</ele>
        <time>2026-08-06T18:19:55.621Z</time>
      </trkpt>
      <trkpt lat="43.4422662" lon="-3.9416634">
        <ele>146</ele>
        <time>2026-08-06T18:19:56.621Z</time>
      </trkpt>
      <trkpt lat="43.4422971" lon="-3.9416769">
        <ele>146</ele>
        <time>2026-08-06T18:19:57.621Z</time>
      </trkpt>
      <trkpt lat="43.442328" lon="-3.9416905">
        <ele>145</ele>
        <time>2026-08-06T18:19:58.621Z</time>
      </trkpt>
      <trkpt lat="43.4423561" lon="-3.9417051">
        <ele>145</ele>
        <time>2026-08-06T18:19:59.621Z</time>
      </trkpt>
      <trkpt lat="43.4423843" lon="-3.9417197">
        <ele>145</ele>
        <time>2026-08-06T18:20:00.621Z</time>
      </trkpt>
      <trkpt lat="43.4424111" lon="-3.9417348">
        <ele>145</ele>
        <time>2026-08-06T18:20:01.621Z</time>
      </trkpt>
      <trkpt lat="43.4424379" lon="-3.9417499">
        <ele>145</ele>
        <time>2026-08-06T18:20:02.621Z</time>
      </trkpt>
      <trkpt lat="43.4424629" lon="-3.9417675">
        <ele>144</ele>
        <time>2026-08-06T18:20:03.621Z</time>
      </trkpt>
      <trkpt lat="43.442488" lon="-3.9417852">
        <ele>144</ele>
        <time>2026-08-06T18:20:04.621Z</time>
      </trkpt>
      <trkpt lat="43.4425081" lon="-3.9418074">
        <ele>144</ele>
        <time>2026-08-06T18:20:05.621Z</time>
      </trkpt>
      <trkpt lat="43.4425282" lon="-3.9418297">
        <ele>144</ele>
        <time>2026-08-06T18:20:06.621Z</time>
      </trkpt>
      <trkpt lat="43.442542" lon="-3.9418533">
        <ele>144</ele>
        <time>2026-08-06T18:20:07.621Z</time>
      </trkpt>
      <trkpt lat="43.4425559" lon="-3.941877">
        <ele>144</ele>
        <time>2026-08-06T18:20:08.621Z</time>
      </trkpt>
      <trkpt lat="43.4425652" lon="-3.9418967">
        <ele>144</ele>
        <time>2026-08-06T18:20:09.621Z</time>
      </trkpt>
      <trkpt lat="43.4425746" lon="-3.9419164">
        <ele>144</ele>
        <time>2026-08-06T18:20:10.621Z</time>
      </trkpt>
      <trkpt lat="43.4425822" lon="-3.9419322">
        <ele>144</ele>
        <time>2026-08-06T18:20:11.621Z</time>
      </trkpt>
      <trkpt lat="43.4425899" lon="-3.941948">
        <ele>144</ele>
        <time>2026-08-06T18:20:12.621Z</time>
      </trkpt>
      <trkpt lat="43.4425985" lon="-3.9419611">
        <ele>144</ele>
        <time>2026-08-06T18:20:13.621Z</time>
      </trkpt>
      <trkpt lat="43.4426071" lon="-3.9419742">
        <ele>144</ele>
        <time>2026-08-06T18:20:14.621Z</time>
      </trkpt>
      <trkpt lat="43.4426173" lon="-3.9419858">
        <ele>144</ele>
        <time>2026-08-06T18:20:15.621Z</time>
      </trkpt>
      <trkpt lat="43.4426276" lon="-3.9419974">
        <ele>144</ele>
        <time>2026-08-06T18:20:16.621Z</time>
      </trkpt>
      <trkpt lat="43.4426392" lon="-3.9420074">
        <ele>144</ele>
        <time>2026-08-06T18:20:17.621Z</time>
      </trkpt>
      <trkpt lat="43.4426508" lon="-3.9420175">
        <ele>144</ele>
        <time>2026-08-06T18:20:18.621Z</time>
      </trkpt>
      <trkpt lat="43.4426634" lon="-3.9420264">
        <ele>144</ele>
        <time>2026-08-06T18:20:19.621Z</time>
      </trkpt>
      <trkpt lat="43.442676" lon="-3.9420353">
        <ele>144</ele>
        <time>2026-08-06T18:20:20.621Z</time>
      </trkpt>
      <trkpt lat="43.4426882" lon="-3.942043">
        <ele>144</ele>
        <time>2026-08-06T18:20:21.621Z</time>
      </trkpt>
      <trkpt lat="43.4427005" lon="-3.9420508">
        <ele>145</ele>
        <time>2026-08-06T18:20:22.621Z</time>
      </trkpt>
      <trkpt lat="43.4427118" lon="-3.9420571">
        <ele>145</ele>
        <time>2026-08-06T18:20:23.621Z</time>
      </trkpt>
      <trkpt lat="43.4427232" lon="-3.9420635">
        <ele>145</ele>
        <time>2026-08-06T18:20:24.621Z</time>
      </trkpt>
      <trkpt lat="43.4427337" lon="-3.9420697">
        <ele>145</ele>
        <time>2026-08-06T18:20:25.621Z</time>
      </trkpt>
      <trkpt lat="43.4427442" lon="-3.9420759">
        <ele>145</ele>
        <time>2026-08-06T18:20:26.621Z</time>
      </trkpt>
      <trkpt lat="43.4427543" lon="-3.9420831">
        <ele>146</ele>
        <time>2026-08-06T18:20:27.621Z</time>
      </trkpt>
      <trkpt lat="43.4427644" lon="-3.9420903">
        <ele>146</ele>
        <time>2026-08-06T18:20:28.621Z</time>
      </trkpt>
      <trkpt lat="43.4427747" lon="-3.9420983">
        <ele>146</ele>
        <time>2026-08-06T18:20:29.621Z</time>
      </trkpt>
      <trkpt lat="43.4427851" lon="-3.9421064">
        <ele>146</ele>
        <time>2026-08-06T18:20:30.621Z</time>
      </trkpt>
      <trkpt lat="43.4427968" lon="-3.9421154">
        <ele>146</ele>
        <time>2026-08-06T18:20:31.621Z</time>
      </trkpt>
      <trkpt lat="43.4428086" lon="-3.9421245">
        <ele>147</ele>
        <time>2026-08-06T18:20:32.621Z</time>
      </trkpt>
      <trkpt lat="43.4428207" lon="-3.9421341">
        <ele>147</ele>
        <time>2026-08-06T18:20:33.621Z</time>
      </trkpt>
      <trkpt lat="43.4428329" lon="-3.9421438">
        <ele>147</ele>
        <time>2026-08-06T18:20:34.621Z</time>
      </trkpt>
      <trkpt lat="43.4428445" lon="-3.9421544">
        <ele>147</ele>
        <time>2026-08-06T18:20:35.621Z</time>
      </trkpt>
      <trkpt lat="43.4428562" lon="-3.9421651">
        <ele>147</ele>
        <time>2026-08-06T18:20:36.621Z</time>
      </trkpt>
      <trkpt lat="43.4428672" lon="-3.9421771">
        <ele>148</ele>
        <time>2026-08-06T18:20:37.621Z</time>
      </trkpt>
      <trkpt lat="43.4428782" lon="-3.9421891">
        <ele>148</ele>
        <time>2026-08-06T18:20:38.621Z</time>
      </trkpt>
      <trkpt lat="43.442889" lon="-3.9422017">
        <ele>148</ele>
        <time>2026-08-06T18:20:39.621Z</time>
      </trkpt>
      <trkpt lat="43.4428999" lon="-3.9422143">
        <ele>148</ele>
        <time>2026-08-06T18:20:40.621Z</time>
      </trkpt>
      <trkpt lat="43.4429109" lon="-3.9422272">
        <ele>148</ele>
        <time>2026-08-06T18:20:41.621Z</time>
      </trkpt>
      <trkpt lat="43.442922" lon="-3.9422402">
        <ele>149</ele>
        <time>2026-08-06T18:20:42.621Z</time>
      </trkpt>
      <trkpt lat="43.4429328" lon="-3.9422536">
        <ele>149</ele>
        <time>2026-08-06T18:20:43.621Z</time>
      </trkpt>
      <trkpt lat="43.4429436" lon="-3.9422671">
        <ele>149</ele>
        <time>2026-08-06T18:20:44.621Z</time>
      </trkpt>
      <trkpt lat="43.4429545" lon="-3.942281">
        <ele>149</ele>
        <time>2026-08-06T18:20:45.621Z</time>
      </trkpt>
      <trkpt lat="43.4429655" lon="-3.942295">
        <ele>149</ele>
        <time>2026-08-06T18:20:46.621Z</time>
      </trkpt>
      <trkpt lat="43.442977" lon="-3.9423088">
        <ele>150</ele>
        <time>2026-08-06T18:20:47.621Z</time>
      </trkpt>
      <trkpt lat="43.4429885" lon="-3.9423226">
        <ele>150</ele>
        <time>2026-08-06T18:20:48.621Z</time>
      </trkpt>
      <trkpt lat="43.4430003" lon="-3.9423361">
        <ele>150</ele>
        <time>2026-08-06T18:20:49.621Z</time>
      </trkpt>
      <trkpt lat="43.4430122" lon="-3.9423496">
        <ele>150</ele>
        <time>2026-08-06T18:20:50.621Z</time>
      </trkpt>
      <trkpt lat="43.4430247" lon="-3.9423616">
        <ele>150</ele>
        <time>2026-08-06T18:20:51.621Z</time>
      </trkpt>
      <trkpt lat="43.4430373" lon="-3.9423736">
        <ele>150</ele>
        <time>2026-08-06T18:20:52.621Z</time>
      </trkpt>
      <trkpt lat="43.4430511" lon="-3.9423827">
        <ele>150</ele>
        <time>2026-08-06T18:20:53.621Z</time>
      </trkpt>
      <trkpt lat="43.443065" lon="-3.9423918">
        <ele>150</ele>
        <time>2026-08-06T18:20:54.621Z</time>
      </trkpt>
      <trkpt lat="43.4430792" lon="-3.9423977">
        <ele>150</ele>
        <time>2026-08-06T18:20:55.621Z</time>
      </trkpt>
      <trkpt lat="43.4430935" lon="-3.9424036">
        <ele>150</ele>
        <time>2026-08-06T18:20:56.621Z</time>
      </trkpt>
      <trkpt lat="43.4431078" lon="-3.942407">
        <ele>150</ele>
        <time>2026-08-06T18:20:57.621Z</time>
      </trkpt>
      <trkpt lat="43.4431221" lon="-3.9424104">
        <ele>150</ele>
        <time>2026-08-06T18:20:58.621Z</time>
      </trkpt>
      <trkpt lat="43.4431377" lon="-3.9424114">
        <ele>150</ele>
        <time>2026-08-06T18:20:59.621Z</time>
      </trkpt>
      <trkpt lat="43.4431534" lon="-3.9424125">
        <ele>150</ele>
        <time>2026-08-06T18:21:00.621Z</time>
      </trkpt>
      <trkpt lat="43.4431701" lon="-3.9424117">
        <ele>150</ele>
        <time>2026-08-06T18:21:01.621Z</time>
      </trkpt>
      <trkpt lat="43.4431868" lon="-3.942411">
        <ele>151</ele>
        <time>2026-08-06T18:21:02.621Z</time>
      </trkpt>
      <trkpt lat="43.4432032" lon="-3.942409">
        <ele>151</ele>
        <time>2026-08-06T18:21:03.621Z</time>
      </trkpt>
      <trkpt lat="43.4432197" lon="-3.942407">
        <ele>151</ele>
        <time>2026-08-06T18:21:04.621Z</time>
      </trkpt>
      <trkpt lat="43.4432361" lon="-3.9424051">
        <ele>151</ele>
        <time>2026-08-06T18:21:05.621Z</time>
      </trkpt>
      <trkpt lat="43.4432525" lon="-3.9424033">
        <ele>151</ele>
        <time>2026-08-06T18:21:06.621Z</time>
      </trkpt>
      <trkpt lat="43.4432682" lon="-3.9424013">
        <ele>151</ele>
        <time>2026-08-06T18:21:07.621Z</time>
      </trkpt>
      <trkpt lat="43.4432839" lon="-3.9423994">
        <ele>151</ele>
        <time>2026-08-06T18:21:08.621Z</time>
      </trkpt>
      <trkpt lat="43.443299" lon="-3.9423975">
        <ele>151</ele>
        <time>2026-08-06T18:21:09.621Z</time>
      </trkpt>
      <trkpt lat="43.4433142" lon="-3.9423956">
        <ele>151</ele>
        <time>2026-08-06T18:21:10.621Z</time>
      </trkpt>
      <trkpt lat="43.4433294" lon="-3.9423927">
        <ele>151</ele>
        <time>2026-08-06T18:21:11.621Z</time>
      </trkpt>
      <trkpt lat="43.4433446" lon="-3.9423898">
        <ele>151</ele>
        <time>2026-08-06T18:21:12.621Z</time>
      </trkpt>
      <trkpt lat="43.4433598" lon="-3.9423843">
        <ele>151</ele>
        <time>2026-08-06T18:21:13.621Z</time>
      </trkpt>
      <trkpt lat="43.4433751" lon="-3.9423788">
        <ele>151</ele>
        <time>2026-08-06T18:21:14.621Z</time>
      </trkpt>
      <trkpt lat="43.4433899" lon="-3.942371">
        <ele>151</ele>
        <time>2026-08-06T18:21:15.621Z</time>
      </trkpt>
      <trkpt lat="43.4434047" lon="-3.9423633">
        <ele>151</ele>
        <time>2026-08-06T18:21:16.621Z</time>
      </trkpt>
      <trkpt lat="43.4434185" lon="-3.942355">
        <ele>151</ele>
        <time>2026-08-06T18:21:17.621Z</time>
      </trkpt>
      <trkpt lat="43.4434324" lon="-3.9423468">
        <ele>151</ele>
        <time>2026-08-06T18:21:18.621Z</time>
      </trkpt>
      <trkpt lat="43.4434461" lon="-3.9423388">
        <ele>151</ele>
        <time>2026-08-06T18:21:19.621Z</time>
      </trkpt>
      <trkpt lat="43.4434599" lon="-3.9423308">
        <ele>151</ele>
        <time>2026-08-06T18:21:20.621Z</time>
      </trkpt>
      <trkpt lat="43.4434736" lon="-3.942323">
        <ele>151</ele>
        <time>2026-08-06T18:21:21.621Z</time>
      </trkpt>
      <trkpt lat="43.4434874" lon="-3.9423153">
        <ele>151</ele>
        <time>2026-08-06T18:21:22.621Z</time>
      </trkpt>
      <trkpt lat="43.4435014" lon="-3.9423082">
        <ele>151</ele>
        <time>2026-08-06T18:21:23.621Z</time>
      </trkpt>
      <trkpt lat="43.4435154" lon="-3.9423012">
        <ele>151</ele>
        <time>2026-08-06T18:21:24.621Z</time>
      </trkpt>
      <trkpt lat="43.4435294" lon="-3.942295">
        <ele>151</ele>
        <time>2026-08-06T18:21:25.621Z</time>
      </trkpt>
      <trkpt lat="43.4435434" lon="-3.9422888">
        <ele>151</ele>
        <time>2026-08-06T18:21:26.621Z</time>
      </trkpt>
      <trkpt lat="43.4435573" lon="-3.9422837">
        <ele>152</ele>
        <time>2026-08-06T18:21:27.621Z</time>
      </trkpt>
      <trkpt lat="43.4435713" lon="-3.9422786">
        <ele>152</ele>
        <time>2026-08-06T18:21:28.621Z</time>
      </trkpt>
      <trkpt lat="43.4435856" lon="-3.9422738">
        <ele>152</ele>
        <time>2026-08-06T18:21:29.621Z</time>
      </trkpt>
      <trkpt lat="43.4435999" lon="-3.942269">
        <ele>152</ele>
        <time>2026-08-06T18:21:30.621Z</time>
      </trkpt>
      <trkpt lat="43.4436142" lon="-3.9422649">
        <ele>152</ele>
        <time>2026-08-06T18:21:31.621Z</time>
      </trkpt>
      <trkpt lat="43.4436285" lon="-3.9422608">
        <ele>153</ele>
        <time>2026-08-06T18:21:32.621Z</time>
      </trkpt>
      <trkpt lat="43.443643" lon="-3.9422585">
        <ele>153</ele>
        <time>2026-08-06T18:21:33.621Z</time>
      </trkpt>
      <trkpt lat="43.4436575" lon="-3.9422562">
        <ele>153</ele>
        <time>2026-08-06T18:21:34.621Z</time>
      </trkpt>
      <trkpt lat="43.443671" lon="-3.9422562">
        <ele>153</ele>
        <time>2026-08-06T18:21:35.621Z</time>
      </trkpt>
      <trkpt lat="43.4436846" lon="-3.9422563">
        <ele>153</ele>
        <time>2026-08-06T18:21:36.621Z</time>
      </trkpt>
      <trkpt lat="43.4436971" lon="-3.9422585">
        <ele>154</ele>
        <time>2026-08-06T18:21:37.621Z</time>
      </trkpt>
      <trkpt lat="43.4437097" lon="-3.9422607">
        <ele>154</ele>
        <time>2026-08-06T18:21:38.621Z</time>
      </trkpt>
      <trkpt lat="43.4437219" lon="-3.9422647">
        <ele>154</ele>
        <time>2026-08-06T18:21:39.621Z</time>
      </trkpt>
      <trkpt lat="43.4437342" lon="-3.9422687">
        <ele>154</ele>
        <time>2026-08-06T18:21:40.621Z</time>
      </trkpt>
      <trkpt lat="43.4437463" lon="-3.942274">
        <ele>154</ele>
        <time>2026-08-06T18:21:41.621Z</time>
      </trkpt>
      <trkpt lat="43.4437584" lon="-3.9422793">
        <ele>155</ele>
        <time>2026-08-06T18:21:42.621Z</time>
      </trkpt>
      <trkpt lat="43.4437703" lon="-3.9422866">
        <ele>155</ele>
        <time>2026-08-06T18:21:43.621Z</time>
      </trkpt>
      <trkpt lat="43.4437823" lon="-3.942294">
        <ele>155</ele>
        <time>2026-08-06T18:21:44.621Z</time>
      </trkpt>
      <trkpt lat="43.4437936" lon="-3.9423017">
        <ele>155</ele>
        <time>2026-08-06T18:21:45.621Z</time>
      </trkpt>
      <trkpt lat="43.443805" lon="-3.9423094">
        <ele>155</ele>
        <time>2026-08-06T18:21:46.621Z</time>
      </trkpt>
      <trkpt lat="43.443816" lon="-3.9423162">
        <ele>156</ele>
        <time>2026-08-06T18:21:47.621Z</time>
      </trkpt>
      <trkpt lat="43.443827" lon="-3.942323">
        <ele>156</ele>
        <time>2026-08-06T18:21:48.621Z</time>
      </trkpt>
      <trkpt lat="43.4438387" lon="-3.942328">
        <ele>156</ele>
        <time>2026-08-06T18:21:49.621Z</time>
      </trkpt>
      <trkpt lat="43.4438504" lon="-3.942333">
        <ele>156</ele>
        <time>2026-08-06T18:21:50.621Z</time>
      </trkpt>
      <trkpt lat="43.4438638" lon="-3.9423353">
        <ele>156</ele>
        <time>2026-08-06T18:21:51.621Z</time>
      </trkpt>
      <trkpt lat="43.4438773" lon="-3.9423376">
        <ele>157</ele>
        <time>2026-08-06T18:21:52.621Z</time>
      </trkpt>
      <trkpt lat="43.4438921" lon="-3.9423362">
        <ele>157</ele>
        <time>2026-08-06T18:21:53.621Z</time>
      </trkpt>
      <trkpt lat="43.4439069" lon="-3.9423349">
        <ele>157</ele>
        <time>2026-08-06T18:21:54.621Z</time>
      </trkpt>
      <trkpt lat="43.4439212" lon="-3.94233">
        <ele>157</ele>
        <time>2026-08-06T18:21:55.621Z</time>
      </trkpt>
      <trkpt lat="43.4439356" lon="-3.9423251">
        <ele>157</ele>
        <time>2026-08-06T18:21:56.621Z</time>
      </trkpt>
      <trkpt lat="43.4439491" lon="-3.9423166">
        <ele>157</ele>
        <time>2026-08-06T18:21:57.621Z</time>
      </trkpt>
      <trkpt lat="43.4439627" lon="-3.9423082">
        <ele>157</ele>
        <time>2026-08-06T18:21:58.621Z</time>
      </trkpt>
      <trkpt lat="43.443976" lon="-3.9422983">
        <ele>157</ele>
        <time>2026-08-06T18:21:59.621Z</time>
      </trkpt>
      <trkpt lat="43.4439893" lon="-3.9422884">
        <ele>157</ele>
        <time>2026-08-06T18:22:00.621Z</time>
      </trkpt>
      <trkpt lat="43.4440031" lon="-3.9422776">
        <ele>157</ele>
        <time>2026-08-06T18:22:01.621Z</time>
      </trkpt>
      <trkpt lat="43.444017" lon="-3.9422668">
        <ele>158</ele>
        <time>2026-08-06T18:22:02.621Z</time>
      </trkpt>
      <trkpt lat="43.4440314" lon="-3.9422559">
        <ele>158</ele>
        <time>2026-08-06T18:22:03.621Z</time>
      </trkpt>
      <trkpt lat="43.4440458" lon="-3.9422451">
        <ele>158</ele>
        <time>2026-08-06T18:22:04.621Z</time>
      </trkpt>
      <trkpt lat="43.4440609" lon="-3.9422359">
        <ele>158</ele>
        <time>2026-08-06T18:22:05.621Z</time>
      </trkpt>
      <trkpt lat="43.4440761" lon="-3.9422267">
        <ele>158</ele>
        <time>2026-08-06T18:22:06.621Z</time>
      </trkpt>
      <trkpt lat="43.4440906" lon="-3.9422192">
        <ele>158</ele>
        <time>2026-08-06T18:22:07.621Z</time>
      </trkpt>
      <trkpt lat="43.4441051" lon="-3.9422117">
        <ele>158</ele>
        <time>2026-08-06T18:22:08.621Z</time>
      </trkpt>
      <trkpt lat="43.4441183" lon="-3.9422056">
        <ele>158</ele>
        <time>2026-08-06T18:22:09.621Z</time>
      </trkpt>
      <trkpt lat="43.4441316" lon="-3.9421996">
        <ele>158</ele>
        <time>2026-08-06T18:22:10.621Z</time>
      </trkpt>
      <trkpt lat="43.444145" lon="-3.9421943">
        <ele>158</ele>
        <time>2026-08-06T18:22:11.621Z</time>
      </trkpt>
      <trkpt lat="43.4441584" lon="-3.9421891">
        <ele>159</ele>
        <time>2026-08-06T18:22:12.621Z</time>
      </trkpt>
      <trkpt lat="43.4441734" lon="-3.9421829">
        <ele>159</ele>
        <time>2026-08-06T18:22:13.621Z</time>
      </trkpt>
      <trkpt lat="43.4441885" lon="-3.9421768">
        <ele>159</ele>
        <time>2026-08-06T18:22:14.621Z</time>
      </trkpt>
      <trkpt lat="43.444204" lon="-3.9421697">
        <ele>159</ele>
        <time>2026-08-06T18:22:15.621Z</time>
      </trkpt>
      <trkpt lat="43.4442196" lon="-3.9421627">
        <ele>159</ele>
        <time>2026-08-06T18:22:16.621Z</time>
      </trkpt>
      <trkpt lat="43.444236" lon="-3.942157">
        <ele>159</ele>
        <time>2026-08-06T18:22:17.621Z</time>
      </trkpt>
      <trkpt lat="43.4442525" lon="-3.9421514">
        <ele>159</ele>
        <time>2026-08-06T18:22:18.621Z</time>
      </trkpt>
      <trkpt lat="43.4442701" lon="-3.9421472">
        <ele>159</ele>
        <time>2026-08-06T18:22:19.621Z</time>
      </trkpt>
      <trkpt lat="43.4442877" lon="-3.9421431">
        <ele>159</ele>
        <time>2026-08-06T18:22:20.621Z</time>
      </trkpt>
      <trkpt lat="43.4443056" lon="-3.9421393">
        <ele>159</ele>
        <time>2026-08-06T18:22:21.621Z</time>
      </trkpt>
      <trkpt lat="43.4443236" lon="-3.9421356">
        <ele>159</ele>
        <time>2026-08-06T18:22:22.621Z</time>
      </trkpt>
      <trkpt lat="43.4443414" lon="-3.9421317">
        <ele>159</ele>
        <time>2026-08-06T18:22:23.621Z</time>
      </trkpt>
      <trkpt lat="43.4443592" lon="-3.9421278">
        <ele>159</ele>
        <time>2026-08-06T18:22:24.621Z</time>
      </trkpt>
      <trkpt lat="43.4443762" lon="-3.9421239">
        <ele>159</ele>
        <time>2026-08-06T18:22:25.621Z</time>
      </trkpt>
      <trkpt lat="43.4443932" lon="-3.94212">
        <ele>159</ele>
        <time>2026-08-06T18:22:26.621Z</time>
      </trkpt>
      <trkpt lat="43.4444084" lon="-3.942115">
        <ele>159</ele>
        <time>2026-08-06T18:22:27.621Z</time>
      </trkpt>
      <trkpt lat="43.4444236" lon="-3.9421101">
        <ele>159</ele>
        <time>2026-08-06T18:22:28.621Z</time>
      </trkpt>
      <trkpt lat="43.4444381" lon="-3.9421039">
        <ele>159</ele>
        <time>2026-08-06T18:22:29.621Z</time>
      </trkpt>
      <trkpt lat="43.4444527" lon="-3.9420978">
        <ele>159</ele>
        <time>2026-08-06T18:22:30.621Z</time>
      </trkpt>
      <trkpt lat="43.4444669" lon="-3.9420898">
        <ele>159</ele>
        <time>2026-08-06T18:22:31.621Z</time>
      </trkpt>
      <trkpt lat="43.4444812" lon="-3.9420818">
        <ele>160</ele>
        <time>2026-08-06T18:22:32.621Z</time>
      </trkpt>
      <trkpt lat="43.4444958" lon="-3.9420721">
        <ele>160</ele>
        <time>2026-08-06T18:22:33.621Z</time>
      </trkpt>
      <trkpt lat="43.4445104" lon="-3.9420624">
        <ele>160</ele>
        <time>2026-08-06T18:22:34.621Z</time>
      </trkpt>
      <trkpt lat="43.4445257" lon="-3.9420516">
        <ele>160</ele>
        <time>2026-08-06T18:22:35.621Z</time>
      </trkpt>
      <trkpt lat="43.4445411" lon="-3.9420409">
        <ele>160</ele>
        <time>2026-08-06T18:22:36.621Z</time>
      </trkpt>
      <trkpt lat="43.4445566" lon="-3.9420298">
        <ele>160</ele>
        <time>2026-08-06T18:22:37.621Z</time>
      </trkpt>
      <trkpt lat="43.4445721" lon="-3.9420188">
        <ele>160</ele>
        <time>2026-08-06T18:22:38.621Z</time>
      </trkpt>
      <trkpt lat="43.444587" lon="-3.9420084">
        <ele>160</ele>
        <time>2026-08-06T18:22:39.621Z</time>
      </trkpt>
      <trkpt lat="43.444602" lon="-3.941998">
        <ele>160</ele>
        <time>2026-08-06T18:22:40.621Z</time>
      </trkpt>
      <trkpt lat="43.4446155" lon="-3.9419891">
        <ele>160</ele>
        <time>2026-08-06T18:22:41.621Z</time>
      </trkpt>
      <trkpt lat="43.444629" lon="-3.9419803">
        <ele>160</ele>
        <time>2026-08-06T18:22:42.621Z</time>
      </trkpt>
      <trkpt lat="43.4446418" lon="-3.9419724">
        <ele>160</ele>
        <time>2026-08-06T18:22:43.621Z</time>
      </trkpt>
      <trkpt lat="43.4446546" lon="-3.9419646">
        <ele>160</ele>
        <time>2026-08-06T18:22:44.621Z</time>
      </trkpt>
      <trkpt lat="43.4446679" lon="-3.9419578">
        <ele>160</ele>
        <time>2026-08-06T18:22:45.621Z</time>
      </trkpt>
      <trkpt lat="43.4446813" lon="-3.941951">
        <ele>160</ele>
        <time>2026-08-06T18:22:46.621Z</time>
      </trkpt>
      <trkpt lat="43.4446952" lon="-3.9419457">
        <ele>161</ele>
        <time>2026-08-06T18:22:47.621Z</time>
      </trkpt>
      <trkpt lat="43.4447092" lon="-3.9419404">
        <ele>161</ele>
        <time>2026-08-06T18:22:48.621Z</time>
      </trkpt>
      <trkpt lat="43.4447234" lon="-3.9419364">
        <ele>161</ele>
        <time>2026-08-06T18:22:49.621Z</time>
      </trkpt>
      <trkpt lat="43.4447377" lon="-3.9419324">
        <ele>161</ele>
        <time>2026-08-06T18:22:50.621Z</time>
      </trkpt>
      <trkpt lat="43.4447515" lon="-3.9419302">
        <ele>161</ele>
        <time>2026-08-06T18:22:51.621Z</time>
      </trkpt>
      <trkpt lat="43.4447653" lon="-3.941928">
        <ele>161</ele>
        <time>2026-08-06T18:22:52.621Z</time>
      </trkpt>
      <trkpt lat="43.4447785" lon="-3.9419294">
        <ele>161</ele>
        <time>2026-08-06T18:22:53.621Z</time>
      </trkpt>
      <trkpt lat="43.4447918" lon="-3.9419308">
        <ele>161</ele>
        <time>2026-08-06T18:22:54.621Z</time>
      </trkpt>
      <trkpt lat="43.4448046" lon="-3.9419357">
        <ele>161</ele>
        <time>2026-08-06T18:22:55.621Z</time>
      </trkpt>
      <trkpt lat="43.4448174" lon="-3.9419407">
        <ele>161</ele>
        <time>2026-08-06T18:22:56.621Z</time>
      </trkpt>
      <trkpt lat="43.4448299" lon="-3.9419486">
        <ele>162</ele>
        <time>2026-08-06T18:22:57.621Z</time>
      </trkpt>
      <trkpt lat="43.4448424" lon="-3.9419566">
        <ele>162</ele>
        <time>2026-08-06T18:22:58.621Z</time>
      </trkpt>
      <trkpt lat="43.4448549" lon="-3.9419664">
        <ele>162</ele>
        <time>2026-08-06T18:22:59.621Z</time>
      </trkpt>
      <trkpt lat="43.4448675" lon="-3.9419763">
        <ele>163</ele>
        <time>2026-08-06T18:23:00.621Z</time>
      </trkpt>
      <trkpt lat="43.4448807" lon="-3.9419879">
        <ele>163</ele>
        <time>2026-08-06T18:23:01.621Z</time>
      </trkpt>
      <trkpt lat="43.444894" lon="-3.9419995">
        <ele>164</ele>
        <time>2026-08-06T18:23:02.621Z</time>
      </trkpt>
      <trkpt lat="43.4449067" lon="-3.9420126">
        <ele>164</ele>
        <time>2026-08-06T18:23:03.621Z</time>
      </trkpt>
      <trkpt lat="43.4449195" lon="-3.9420257">
        <ele>164</ele>
        <time>2026-08-06T18:23:04.621Z</time>
      </trkpt>
      <trkpt lat="43.4449318" lon="-3.942038">
        <ele>164</ele>
        <time>2026-08-06T18:23:05.621Z</time>
      </trkpt>
      <trkpt lat="43.4449442" lon="-3.9420504">
        <ele>164</ele>
        <time>2026-08-06T18:23:06.621Z</time>
      </trkpt>
      <trkpt lat="43.4449566" lon="-3.9420609">
        <ele>165</ele>
        <time>2026-08-06T18:23:07.621Z</time>
      </trkpt>
      <trkpt lat="43.4449691" lon="-3.9420715">
        <ele>165</ele>
        <time>2026-08-06T18:23:08.621Z</time>
      </trkpt>
      <trkpt lat="43.4449818" lon="-3.9420802">
        <ele>165</ele>
        <time>2026-08-06T18:23:09.621Z</time>
      </trkpt>
      <trkpt lat="43.4449946" lon="-3.942089">
        <ele>165</ele>
        <time>2026-08-06T18:23:10.621Z</time>
      </trkpt>
      <trkpt lat="43.4450073" lon="-3.9420961">
        <ele>165</ele>
        <time>2026-08-06T18:23:11.621Z</time>
      </trkpt>
      <trkpt lat="43.44502" lon="-3.9421033">
        <ele>166</ele>
        <time>2026-08-06T18:23:12.621Z</time>
      </trkpt>
      <trkpt lat="43.4450314" lon="-3.9421085">
        <ele>166</ele>
        <time>2026-08-06T18:23:13.621Z</time>
      </trkpt>
      <trkpt lat="43.4450429" lon="-3.9421138">
        <ele>166</ele>
        <time>2026-08-06T18:23:14.621Z</time>
      </trkpt>
      <trkpt lat="43.4450537" lon="-3.9421168">
        <ele>167</ele>
        <time>2026-08-06T18:23:15.621Z</time>
      </trkpt>
      <trkpt lat="43.4450645" lon="-3.9421199">
        <ele>167</ele>
        <time>2026-08-06T18:23:16.621Z</time>
      </trkpt>
      <trkpt lat="43.4450751" lon="-3.9421217">
        <ele>168</ele>
        <time>2026-08-06T18:23:17.621Z</time>
      </trkpt>
      <trkpt lat="43.4450857" lon="-3.9421235">
        <ele>168</ele>
        <time>2026-08-06T18:23:18.621Z</time>
      </trkpt>
      <trkpt lat="43.4450968" lon="-3.9421253">
        <ele>168</ele>
        <time>2026-08-06T18:23:19.621Z</time>
      </trkpt>
      <trkpt lat="43.4451079" lon="-3.9421272">
        <ele>168</ele>
        <time>2026-08-06T18:23:20.621Z</time>
      </trkpt>
      <trkpt lat="43.4451196" lon="-3.9421309">
        <ele>168</ele>
        <time>2026-08-06T18:23:21.621Z</time>
      </trkpt>
      <trkpt lat="43.4451314" lon="-3.9421347">
        <ele>169</ele>
        <time>2026-08-06T18:23:22.621Z</time>
      </trkpt>
      <trkpt lat="43.4451434" lon="-3.9421395">
        <ele>169</ele>
        <time>2026-08-06T18:23:23.621Z</time>
      </trkpt>
      <trkpt lat="43.4451554" lon="-3.9421444">
        <ele>169</ele>
        <time>2026-08-06T18:23:24.621Z</time>
      </trkpt>
      <trkpt lat="43.4451669" lon="-3.9421492">
        <ele>170</ele>
        <time>2026-08-06T18:23:25.621Z</time>
      </trkpt>
      <trkpt lat="43.4451784" lon="-3.9421541">
        <ele>170</ele>
        <time>2026-08-06T18:23:26.621Z</time>
      </trkpt>
      <trkpt lat="43.4451898" lon="-3.9421581">
        <ele>171</ele>
        <time>2026-08-06T18:23:27.621Z</time>
      </trkpt>
      <trkpt lat="43.4452013" lon="-3.9421621">
        <ele>171</ele>
        <time>2026-08-06T18:23:28.621Z</time>
      </trkpt>
      <trkpt lat="43.4452132" lon="-3.9421658">
        <ele>171</ele>
        <time>2026-08-06T18:23:29.621Z</time>
      </trkpt>
      <trkpt lat="43.4452251" lon="-3.9421695">
        <ele>171</ele>
        <time>2026-08-06T18:23:30.621Z</time>
      </trkpt>
      <trkpt lat="43.4452374" lon="-3.9421724">
        <ele>171</ele>
        <time>2026-08-06T18:23:31.621Z</time>
      </trkpt>
      <trkpt lat="43.4452498" lon="-3.9421754">
        <ele>172</ele>
        <time>2026-08-06T18:23:32.621Z</time>
      </trkpt>
      <trkpt lat="43.445263" lon="-3.942176">
        <ele>172</ele>
        <time>2026-08-06T18:23:33.621Z</time>
      </trkpt>
      <trkpt lat="43.4452762" lon="-3.9421767">
        <ele>172</ele>
        <time>2026-08-06T18:23:34.621Z</time>
      </trkpt>
      <trkpt lat="43.44529" lon="-3.9421745">
        <ele>172</ele>
        <time>2026-08-06T18:23:35.621Z</time>
      </trkpt>
      <trkpt lat="43.4453038" lon="-3.9421724">
        <ele>172</ele>
        <time>2026-08-06T18:23:36.621Z</time>
      </trkpt>
      <trkpt lat="43.4453183" lon="-3.9421683">
        <ele>173</ele>
        <time>2026-08-06T18:23:37.621Z</time>
      </trkpt>
      <trkpt lat="43.4453328" lon="-3.9421642">
        <ele>173</ele>
        <time>2026-08-06T18:23:38.621Z</time>
      </trkpt>
      <trkpt lat="43.4453474" lon="-3.9421586">
        <ele>173</ele>
        <time>2026-08-06T18:23:39.621Z</time>
      </trkpt>
      <trkpt lat="43.445362" lon="-3.942153">
        <ele>173</ele>
        <time>2026-08-06T18:23:40.621Z</time>
      </trkpt>
      <trkpt lat="43.4453761" lon="-3.9421457">
        <ele>173</ele>
        <time>2026-08-06T18:23:41.621Z</time>
      </trkpt>
      <trkpt lat="43.4453902" lon="-3.9421385">
        <ele>174</ele>
        <time>2026-08-06T18:23:42.621Z</time>
      </trkpt>
      <trkpt lat="43.4454035" lon="-3.9421304">
        <ele>174</ele>
        <time>2026-08-06T18:23:43.621Z</time>
      </trkpt>
      <trkpt lat="43.4454168" lon="-3.9421224">
        <ele>174</ele>
        <time>2026-08-06T18:23:44.621Z</time>
      </trkpt>
      <trkpt lat="43.445429" lon="-3.9421139">
        <ele>174</ele>
        <time>2026-08-06T18:23:45.621Z</time>
      </trkpt>
      <trkpt lat="43.4454412" lon="-3.9421055">
        <ele>174</ele>
        <time>2026-08-06T18:23:46.621Z</time>
      </trkpt>
      <trkpt lat="43.4454526" lon="-3.9420971">
        <ele>175</ele>
        <time>2026-08-06T18:23:47.621Z</time>
      </trkpt>
      <trkpt lat="43.4454641" lon="-3.9420887">
        <ele>175</ele>
        <time>2026-08-06T18:23:48.621Z</time>
      </trkpt>
      <trkpt lat="43.4454761" lon="-3.94208">
        <ele>175</ele>
        <time>2026-08-06T18:23:49.621Z</time>
      </trkpt>
      <trkpt lat="43.4454881" lon="-3.9420713">
        <ele>175</ele>
        <time>2026-08-06T18:23:50.621Z</time>
      </trkpt>
      <trkpt lat="43.4455005" lon="-3.9420624">
        <ele>175</ele>
        <time>2026-08-06T18:23:51.621Z</time>
      </trkpt>
      <trkpt lat="43.4455129" lon="-3.9420535">
        <ele>176</ele>
        <time>2026-08-06T18:23:52.621Z</time>
      </trkpt>
      <trkpt lat="43.4455248" lon="-3.942045">
        <ele>176</ele>
        <time>2026-08-06T18:23:53.621Z</time>
      </trkpt>
      <trkpt lat="43.4455367" lon="-3.9420366">
        <ele>176</ele>
        <time>2026-08-06T18:23:54.621Z</time>
      </trkpt>
      <trkpt lat="43.4455479" lon="-3.9420274">
        <ele>176</ele>
        <time>2026-08-06T18:23:55.621Z</time>
      </trkpt>
      <trkpt lat="43.4455591" lon="-3.9420182">
        <ele>176</ele>
        <time>2026-08-06T18:23:56.621Z</time>
      </trkpt>
      <trkpt lat="43.4455697" lon="-3.9420082">
        <ele>176</ele>
        <time>2026-08-06T18:23:57.621Z</time>
      </trkpt>
      <trkpt lat="43.4455804" lon="-3.9419982">
        <ele>176</ele>
        <time>2026-08-06T18:23:58.621Z</time>
      </trkpt>
      <trkpt lat="43.4455904" lon="-3.9419879">
        <ele>176</ele>
        <time>2026-08-06T18:23:59.621Z</time>
      </trkpt>
      <trkpt lat="43.4456004" lon="-3.9419776">
        <ele>176</ele>
        <time>2026-08-06T18:24:00.621Z</time>
      </trkpt>
      <trkpt lat="43.4456101" lon="-3.9419684">
        <ele>176</ele>
        <time>2026-08-06T18:24:01.621Z</time>
      </trkpt>
      <trkpt lat="43.4456199" lon="-3.9419593">
        <ele>177</ele>
        <time>2026-08-06T18:24:02.621Z</time>
      </trkpt>
      <trkpt lat="43.4456301" lon="-3.941951">
        <ele>177</ele>
        <time>2026-08-06T18:24:03.621Z</time>
      </trkpt>
      <trkpt lat="43.4456404" lon="-3.9419427">
        <ele>177</ele>
        <time>2026-08-06T18:24:04.621Z</time>
      </trkpt>
      <trkpt lat="43.4456511" lon="-3.9419354">
        <ele>177</ele>
        <time>2026-08-06T18:24:05.621Z</time>
      </trkpt>
      <trkpt lat="43.4456619" lon="-3.9419282">
        <ele>177</ele>
        <time>2026-08-06T18:24:06.621Z</time>
      </trkpt>
      <trkpt lat="43.4456732" lon="-3.9419213">
        <ele>178</ele>
        <time>2026-08-06T18:24:07.621Z</time>
      </trkpt>
      <trkpt lat="43.4456846" lon="-3.9419144">
        <ele>178</ele>
        <time>2026-08-06T18:24:08.621Z</time>
      </trkpt>
      <trkpt lat="43.4456975" lon="-3.9419068">
        <ele>178</ele>
        <time>2026-08-06T18:24:09.621Z</time>
      </trkpt>
      <trkpt lat="43.4457104" lon="-3.9418993">
        <ele>178</ele>
        <time>2026-08-06T18:24:10.621Z</time>
      </trkpt>
      <trkpt lat="43.4457244" lon="-3.9418907">
        <ele>178</ele>
        <time>2026-08-06T18:24:11.621Z</time>
      </trkpt>
      <trkpt lat="43.4457384" lon="-3.9418822">
        <ele>179</ele>
        <time>2026-08-06T18:24:12.621Z</time>
      </trkpt>
      <trkpt lat="43.4457523" lon="-3.9418728">
        <ele>179</ele>
        <time>2026-08-06T18:24:13.621Z</time>
      </trkpt>
      <trkpt lat="43.4457662" lon="-3.9418635">
        <ele>179</ele>
        <time>2026-08-06T18:24:14.621Z</time>
      </trkpt>
      <trkpt lat="43.44578" lon="-3.9418546">
        <ele>179</ele>
        <time>2026-08-06T18:24:15.621Z</time>
      </trkpt>
      <trkpt lat="43.4457938" lon="-3.9418457">
        <ele>179</ele>
        <time>2026-08-06T18:24:16.621Z</time>
      </trkpt>
      <trkpt lat="43.4458078" lon="-3.9418386">
        <ele>179</ele>
        <time>2026-08-06T18:24:17.621Z</time>
      </trkpt>
      <trkpt lat="43.4458219" lon="-3.9418316">
        <ele>179</ele>
        <time>2026-08-06T18:24:18.621Z</time>
      </trkpt>
      <trkpt lat="43.4458361" lon="-3.941825">
        <ele>179</ele>
        <time>2026-08-06T18:24:19.621Z</time>
      </trkpt>
      <trkpt lat="43.4458503" lon="-3.9418185">
        <ele>179</ele>
        <time>2026-08-06T18:24:20.621Z</time>
      </trkpt>
      <trkpt lat="43.4458638" lon="-3.9418125">
        <ele>179</ele>
        <time>2026-08-06T18:24:21.621Z</time>
      </trkpt>
      <trkpt lat="43.4458773" lon="-3.9418066">
        <ele>180</ele>
        <time>2026-08-06T18:24:22.621Z</time>
      </trkpt>
      <trkpt lat="43.4458905" lon="-3.9418037">
        <ele>180</ele>
        <time>2026-08-06T18:24:23.621Z</time>
      </trkpt>
      <trkpt lat="43.4459038" lon="-3.9418008">
        <ele>180</ele>
        <time>2026-08-06T18:24:24.621Z</time>
      </trkpt>
      <trkpt lat="43.4459176" lon="-3.9418024">
        <ele>180</ele>
        <time>2026-08-06T18:24:25.621Z</time>
      </trkpt>
      <trkpt lat="43.4459314" lon="-3.941804">
        <ele>180</ele>
        <time>2026-08-06T18:24:26.621Z</time>
      </trkpt>
      <trkpt lat="43.4459445" lon="-3.9418098">
        <ele>181</ele>
        <time>2026-08-06T18:24:27.621Z</time>
      </trkpt>
      <trkpt lat="43.4459576" lon="-3.9418156">
        <ele>181</ele>
        <time>2026-08-06T18:24:28.621Z</time>
      </trkpt>
      <trkpt lat="43.445969" lon="-3.9418239">
        <ele>181</ele>
        <time>2026-08-06T18:24:29.621Z</time>
      </trkpt>
      <trkpt lat="43.4459805" lon="-3.9418322">
        <ele>181</ele>
        <time>2026-08-06T18:24:30.621Z</time>
      </trkpt>
      <trkpt lat="43.4459912" lon="-3.9418433">
        <ele>181</ele>
        <time>2026-08-06T18:24:31.621Z</time>
      </trkpt>
      <trkpt lat="43.4460019" lon="-3.9418544">
        <ele>181</ele>
        <time>2026-08-06T18:24:32.621Z</time>
      </trkpt>
      <trkpt lat="43.4460117" lon="-3.9418661">
        <ele>181</ele>
        <time>2026-08-06T18:24:33.621Z</time>
      </trkpt>
      <trkpt lat="43.4460216" lon="-3.9418779">
        <ele>181</ele>
        <time>2026-08-06T18:24:34.621Z</time>
      </trkpt>
      <trkpt lat="43.4460305" lon="-3.9418883">
        <ele>182</ele>
        <time>2026-08-06T18:24:35.621Z</time>
      </trkpt>
      <trkpt lat="43.4460394" lon="-3.9418988">
        <ele>182</ele>
        <time>2026-08-06T18:24:36.621Z</time>
      </trkpt>
      <trkpt lat="43.4460482" lon="-3.9419082">
        <ele>183</ele>
        <time>2026-08-06T18:24:37.621Z</time>
      </trkpt>
      <trkpt lat="43.4460571" lon="-3.9419176">
        <ele>183</ele>
        <time>2026-08-06T18:24:38.621Z</time>
      </trkpt>
      <trkpt lat="43.4460665" lon="-3.9419261">
        <ele>183</ele>
        <time>2026-08-06T18:24:39.621Z</time>
      </trkpt>
      <trkpt lat="43.4460759" lon="-3.9419346">
        <ele>183</ele>
        <time>2026-08-06T18:24:40.621Z</time>
      </trkpt>
      <trkpt lat="43.4460858" lon="-3.9419426">
        <ele>183</ele>
        <time>2026-08-06T18:24:41.621Z</time>
      </trkpt>
      <trkpt lat="43.4460958" lon="-3.9419507">
        <ele>184</ele>
        <time>2026-08-06T18:24:42.621Z</time>
      </trkpt>
      <trkpt lat="43.4461052" lon="-3.9419596">
        <ele>184</ele>
        <time>2026-08-06T18:24:43.621Z</time>
      </trkpt>
      <trkpt lat="43.4461147" lon="-3.9419685">
        <ele>184</ele>
        <time>2026-08-06T18:24:44.621Z</time>
      </trkpt>
      <trkpt lat="43.4461237" lon="-3.941979">
        <ele>184</ele>
        <time>2026-08-06T18:24:45.621Z</time>
      </trkpt>
      <trkpt lat="43.4461327" lon="-3.9419895">
        <ele>184</ele>
        <time>2026-08-06T18:24:46.621Z</time>
      </trkpt>
      <trkpt lat="43.4461421" lon="-3.9420012">
        <ele>185</ele>
        <time>2026-08-06T18:24:47.621Z</time>
      </trkpt>
      <trkpt lat="43.4461515" lon="-3.942013">
        <ele>185</ele>
        <time>2026-08-06T18:24:48.621Z</time>
      </trkpt>
      <trkpt lat="43.4461609" lon="-3.9420259">
        <ele>185</ele>
        <time>2026-08-06T18:24:49.621Z</time>
      </trkpt>
      <trkpt lat="43.4461703" lon="-3.9420388">
        <ele>185</ele>
        <time>2026-08-06T18:24:50.621Z</time>
      </trkpt>
      <trkpt lat="43.4461792" lon="-3.942052">
        <ele>185</ele>
        <time>2026-08-06T18:24:51.621Z</time>
      </trkpt>
      <trkpt lat="43.4461881" lon="-3.9420653">
        <ele>186</ele>
        <time>2026-08-06T18:24:52.621Z</time>
      </trkpt>
      <trkpt lat="43.4461965" lon="-3.9420786">
        <ele>186</ele>
        <time>2026-08-06T18:24:53.621Z</time>
      </trkpt>
      <trkpt lat="43.4462049" lon="-3.942092">
        <ele>186</ele>
        <time>2026-08-06T18:24:54.621Z</time>
      </trkpt>
      <trkpt lat="43.4462127" lon="-3.9421059">
        <ele>186</ele>
        <time>2026-08-06T18:24:55.621Z</time>
      </trkpt>
      <trkpt lat="43.4462205" lon="-3.9421199">
        <ele>186</ele>
        <time>2026-08-06T18:24:56.621Z</time>
      </trkpt>
      <trkpt lat="43.4462277" lon="-3.9421343">
        <ele>187</ele>
        <time>2026-08-06T18:24:57.621Z</time>
      </trkpt>
      <trkpt lat="43.446235" lon="-3.9421487">
        <ele>187</ele>
        <time>2026-08-06T18:24:58.621Z</time>
      </trkpt>
      <trkpt lat="43.4462417" lon="-3.9421625">
        <ele>187</ele>
        <time>2026-08-06T18:24:59.621Z</time>
      </trkpt>
      <trkpt lat="43.4462484" lon="-3.9421764">
        <ele>187</ele>
        <time>2026-08-06T18:25:00.621Z</time>
      </trkpt>
      <trkpt lat="43.4462549" lon="-3.9421893">
        <ele>187</ele>
        <time>2026-08-06T18:25:01.621Z</time>
      </trkpt>
      <trkpt lat="43.4462614" lon="-3.9422023">
        <ele>188</ele>
        <time>2026-08-06T18:25:02.621Z</time>
      </trkpt>
      <trkpt lat="43.4462677" lon="-3.9422145">
        <ele>188</ele>
        <time>2026-08-06T18:25:03.621Z</time>
      </trkpt>
      <trkpt lat="43.4462741" lon="-3.9422268">
        <ele>188</ele>
        <time>2026-08-06T18:25:04.621Z</time>
      </trkpt>
      <trkpt lat="43.4462808" lon="-3.9422394">
        <ele>188</ele>
        <time>2026-08-06T18:25:05.621Z</time>
      </trkpt>
      <trkpt lat="43.4462875" lon="-3.942252">
        <ele>188</ele>
        <time>2026-08-06T18:25:06.621Z</time>
      </trkpt>
      <trkpt lat="43.4462945" lon="-3.9422658">
        <ele>189</ele>
        <time>2026-08-06T18:25:07.621Z</time>
      </trkpt>
      <trkpt lat="43.4463015" lon="-3.9422797">
        <ele>189</ele>
        <time>2026-08-06T18:25:08.621Z</time>
      </trkpt>
      <trkpt lat="43.4463089" lon="-3.9422942">
        <ele>189</ele>
        <time>2026-08-06T18:25:09.621Z</time>
      </trkpt>
      <trkpt lat="43.4463164" lon="-3.9423088">
        <ele>189</ele>
        <time>2026-08-06T18:25:10.621Z</time>
      </trkpt>
      <trkpt lat="43.4463241" lon="-3.9423235">
        <ele>189</ele>
        <time>2026-08-06T18:25:11.621Z</time>
      </trkpt>
      <trkpt lat="43.4463319" lon="-3.9423383">
        <ele>190</ele>
        <time>2026-08-06T18:25:12.621Z</time>
      </trkpt>
      <trkpt lat="43.4463398" lon="-3.942352">
        <ele>190</ele>
        <time>2026-08-06T18:25:13.621Z</time>
      </trkpt>
      <trkpt lat="43.4463477" lon="-3.9423657">
        <ele>190</ele>
        <time>2026-08-06T18:25:14.621Z</time>
      </trkpt>
      <trkpt lat="43.4463561" lon="-3.9423785">
        <ele>190</ele>
        <time>2026-08-06T18:25:15.621Z</time>
      </trkpt>
      <trkpt lat="43.4463646" lon="-3.9423914">
        <ele>190</ele>
        <time>2026-08-06T18:25:16.621Z</time>
      </trkpt>
      <trkpt lat="43.4463742" lon="-3.9424026">
        <ele>190</ele>
        <time>2026-08-06T18:25:17.621Z</time>
      </trkpt>
      <trkpt lat="43.4463838" lon="-3.9424138">
        <ele>190</ele>
        <time>2026-08-06T18:25:18.621Z</time>
      </trkpt>
      <trkpt lat="43.4463952" lon="-3.9424218">
        <ele>190</ele>
        <time>2026-08-06T18:25:19.621Z</time>
      </trkpt>
      <trkpt lat="43.4464066" lon="-3.9424299">
        <ele>190</ele>
        <time>2026-08-06T18:25:20.621Z</time>
      </trkpt>
      <trkpt lat="43.4464191" lon="-3.942432">
        <ele>190</ele>
        <time>2026-08-06T18:25:21.621Z</time>
      </trkpt>
      <trkpt lat="43.4464317" lon="-3.9424341">
        <ele>191</ele>
        <time>2026-08-06T18:25:22.621Z</time>
      </trkpt>
      <trkpt lat="43.4464447" lon="-3.9424301">
        <ele>191</ele>
        <time>2026-08-06T18:25:23.621Z</time>
      </trkpt>
      <trkpt lat="43.4464578" lon="-3.9424262">
        <ele>191</ele>
        <time>2026-08-06T18:25:24.621Z</time>
      </trkpt>
      <trkpt lat="43.4464699" lon="-3.9424168">
        <ele>191</ele>
        <time>2026-08-06T18:25:25.621Z</time>
      </trkpt>
      <trkpt lat="43.446482" lon="-3.9424074">
        <ele>191</ele>
        <time>2026-08-06T18:25:26.621Z</time>
      </trkpt>
      <trkpt lat="43.4464918" lon="-3.9423938">
        <ele>191</ele>
        <time>2026-08-06T18:25:27.621Z</time>
      </trkpt>
      <trkpt lat="43.4465016" lon="-3.9423802">
        <ele>191</ele>
        <time>2026-08-06T18:25:28.621Z</time>
      </trkpt>
      <trkpt lat="43.4465083" lon="-3.9423634">
        <ele>191</ele>
        <time>2026-08-06T18:25:29.621Z</time>
      </trkpt>
      <trkpt lat="43.4465151" lon="-3.9423467">
        <ele>191</ele>
        <time>2026-08-06T18:25:30.621Z</time>
      </trkpt>
      <trkpt lat="43.4465182" lon="-3.9423289">
        <ele>191</ele>
        <time>2026-08-06T18:25:31.621Z</time>
      </trkpt>
      <trkpt lat="43.4465213" lon="-3.9423111">
        <ele>192</ele>
        <time>2026-08-06T18:25:32.621Z</time>
      </trkpt>
      <trkpt lat="43.4465218" lon="-3.942295">
        <ele>192</ele>
        <time>2026-08-06T18:25:33.621Z</time>
      </trkpt>
      <trkpt lat="43.4465224" lon="-3.9422789">
        <ele>192</ele>
        <time>2026-08-06T18:25:34.621Z</time>
      </trkpt>
      <trkpt lat="43.4465213" lon="-3.9422642">
        <ele>192</ele>
        <time>2026-08-06T18:25:35.621Z</time>
      </trkpt>
      <trkpt lat="43.4465202" lon="-3.9422495">
        <ele>192</ele>
        <time>2026-08-06T18:25:36.621Z</time>
      </trkpt>
      <trkpt lat="43.446519" lon="-3.942235">
        <ele>193</ele>
        <time>2026-08-06T18:25:37.621Z</time>
      </trkpt>
      <trkpt lat="43.4465178" lon="-3.9422205">
        <ele>193</ele>
        <time>2026-08-06T18:25:38.621Z</time>
      </trkpt>
      <trkpt lat="43.4465173" lon="-3.9422061">
        <ele>193</ele>
        <time>2026-08-06T18:25:39.621Z</time>
      </trkpt>
      <trkpt lat="43.4465168" lon="-3.9421917">
        <ele>193</ele>
        <time>2026-08-06T18:25:40.621Z</time>
      </trkpt>
      <trkpt lat="43.4465164" lon="-3.9421774">
        <ele>193</ele>
        <time>2026-08-06T18:25:41.621Z</time>
      </trkpt>
      <trkpt lat="43.446516" lon="-3.9421631">
        <ele>194</ele>
        <time>2026-08-06T18:25:42.621Z</time>
      </trkpt>
      <trkpt lat="43.4465161" lon="-3.942149">
        <ele>194</ele>
        <time>2026-08-06T18:25:43.621Z</time>
      </trkpt>
      <trkpt lat="43.4465162" lon="-3.9421349">
        <ele>194</ele>
        <time>2026-08-06T18:25:44.621Z</time>
      </trkpt>
      <trkpt lat="43.4465174" lon="-3.9421205">
        <ele>194</ele>
        <time>2026-08-06T18:25:45.621Z</time>
      </trkpt>
      <trkpt lat="43.4465186" lon="-3.9421061">
        <ele>194</ele>
        <time>2026-08-06T18:25:46.621Z</time>
      </trkpt>
      <trkpt lat="43.4465204" lon="-3.9420914">
        <ele>195</ele>
        <time>2026-08-06T18:25:47.621Z</time>
      </trkpt>
      <trkpt lat="43.4465223" lon="-3.9420767">
        <ele>195</ele>
        <time>2026-08-06T18:25:48.621Z</time>
      </trkpt>
      <trkpt lat="43.4465236" lon="-3.9420626">
        <ele>195</ele>
        <time>2026-08-06T18:25:49.621Z</time>
      </trkpt>
      <trkpt lat="43.446525" lon="-3.9420485">
        <ele>195</ele>
        <time>2026-08-06T18:25:50.621Z</time>
      </trkpt>
      <trkpt lat="43.4465261" lon="-3.9420349">
        <ele>195</ele>
        <time>2026-08-06T18:25:51.621Z</time>
      </trkpt>
      <trkpt lat="43.4465272" lon="-3.9420214">
        <ele>196</ele>
        <time>2026-08-06T18:25:52.621Z</time>
      </trkpt>
      <trkpt lat="43.4465285" lon="-3.9420083">
        <ele>196</ele>
        <time>2026-08-06T18:25:53.621Z</time>
      </trkpt>
      <trkpt lat="43.4465298" lon="-3.9419952">
        <ele>196</ele>
        <time>2026-08-06T18:25:54.621Z</time>
      </trkpt>
      <trkpt lat="43.446531" lon="-3.9419827">
        <ele>197</ele>
        <time>2026-08-06T18:25:55.621Z</time>
      </trkpt>
      <trkpt lat="43.4465323" lon="-3.9419703">
        <ele>197</ele>
        <time>2026-08-06T18:25:56.621Z</time>
      </trkpt>
      <trkpt lat="43.4465335" lon="-3.9419584">
        <ele>198</ele>
        <time>2026-08-06T18:25:57.621Z</time>
      </trkpt>
      <trkpt lat="43.4465347" lon="-3.9419465">
        <ele>198</ele>
        <time>2026-08-06T18:25:58.621Z</time>
      </trkpt>
      <trkpt lat="43.4465361" lon="-3.9419345">
        <ele>198</ele>
        <time>2026-08-06T18:25:59.621Z</time>
      </trkpt>
      <trkpt lat="43.4465375" lon="-3.9419226">
        <ele>198</ele>
        <time>2026-08-06T18:26:00.621Z</time>
      </trkpt>
      <trkpt lat="43.4465392" lon="-3.94191">
        <ele>198</ele>
        <time>2026-08-06T18:26:01.621Z</time>
      </trkpt>
      <trkpt lat="43.446541" lon="-3.9418975">
        <ele>199</ele>
        <time>2026-08-06T18:26:02.621Z</time>
      </trkpt>
      <trkpt lat="43.4465425" lon="-3.9418839">
        <ele>199</ele>
        <time>2026-08-06T18:26:03.621Z</time>
      </trkpt>
      <trkpt lat="43.4465441" lon="-3.9418704">
        <ele>199</ele>
        <time>2026-08-06T18:26:04.621Z</time>
      </trkpt>
      <trkpt lat="43.4465449" lon="-3.9418556">
        <ele>199</ele>
        <time>2026-08-06T18:26:05.621Z</time>
      </trkpt>
      <trkpt lat="43.4465457" lon="-3.9418408">
        <ele>199</ele>
        <time>2026-08-06T18:26:06.621Z</time>
      </trkpt>
      <trkpt lat="43.4465463" lon="-3.941825">
        <ele>200</ele>
        <time>2026-08-06T18:26:07.621Z</time>
      </trkpt>
      <trkpt lat="43.446547" lon="-3.9418092">
        <ele>200</ele>
        <time>2026-08-06T18:26:08.621Z</time>
      </trkpt>
      <trkpt lat="43.4465479" lon="-3.9417928">
        <ele>200</ele>
        <time>2026-08-06T18:26:09.621Z</time>
      </trkpt>
      <trkpt lat="43.4465488" lon="-3.9417765">
        <ele>201</ele>
        <time>2026-08-06T18:26:10.621Z</time>
      </trkpt>
      <trkpt lat="43.4465492" lon="-3.9417605">
        <ele>201</ele>
        <time>2026-08-06T18:26:11.621Z</time>
      </trkpt>
      <trkpt lat="43.4465496" lon="-3.9417446">
        <ele>202</ele>
        <time>2026-08-06T18:26:12.621Z</time>
      </trkpt>
      <trkpt lat="43.4465487" lon="-3.9417295">
        <ele>202</ele>
        <time>2026-08-06T18:26:13.621Z</time>
      </trkpt>
      <trkpt lat="43.4465479" lon="-3.9417144">
        <ele>202</ele>
        <time>2026-08-06T18:26:14.621Z</time>
      </trkpt>
      <trkpt lat="43.446546" lon="-3.9416984">
        <ele>202</ele>
        <time>2026-08-06T18:26:15.621Z</time>
      </trkpt>
      <trkpt lat="43.4465441" lon="-3.9416825">
        <ele>202</ele>
        <time>2026-08-06T18:26:16.621Z</time>
      </trkpt>
      <trkpt lat="43.4465414" lon="-3.9416651">
        <ele>203</ele>
        <time>2026-08-06T18:26:17.621Z</time>
      </trkpt>
      <trkpt lat="43.4465388" lon="-3.9416477">
        <ele>203</ele>
        <time>2026-08-06T18:26:18.621Z</time>
      </trkpt>
      <trkpt lat="43.446536" lon="-3.941629">
        <ele>203</ele>
        <time>2026-08-06T18:26:19.621Z</time>
      </trkpt>
      <trkpt lat="43.4465332" lon="-3.9416103">
        <ele>203</ele>
        <time>2026-08-06T18:26:20.621Z</time>
      </trkpt>
      <trkpt lat="43.4465298" lon="-3.9415919">
        <ele>203</ele>
        <time>2026-08-06T18:26:21.621Z</time>
      </trkpt>
      <trkpt lat="43.4465264" lon="-3.9415735">
        <ele>204</ele>
        <time>2026-08-06T18:26:22.621Z</time>
      </trkpt>
      <trkpt lat="43.4465221" lon="-3.9415555">
        <ele>204</ele>
        <time>2026-08-06T18:26:23.621Z</time>
      </trkpt>
      <trkpt lat="43.4465179" lon="-3.9415375">
        <ele>204</ele>
        <time>2026-08-06T18:26:24.621Z</time>
      </trkpt>
      <trkpt lat="43.4465136" lon="-3.9415205">
        <ele>204</ele>
        <time>2026-08-06T18:26:25.621Z</time>
      </trkpt>
      <trkpt lat="43.4465094" lon="-3.9415036">
        <ele>204</ele>
        <time>2026-08-06T18:26:26.621Z</time>
      </trkpt>
      <trkpt lat="43.4465049" lon="-3.9414869">
        <ele>204</ele>
        <time>2026-08-06T18:26:27.621Z</time>
      </trkpt>
      <trkpt lat="43.4465004" lon="-3.9414703">
        <ele>204</ele>
        <time>2026-08-06T18:26:28.621Z</time>
      </trkpt>
      <trkpt lat="43.446496" lon="-3.9414527">
        <ele>204</ele>
        <time>2026-08-06T18:26:29.621Z</time>
      </trkpt>
      <trkpt lat="43.4464917" lon="-3.9414352">
        <ele>204</ele>
        <time>2026-08-06T18:26:30.621Z</time>
      </trkpt>
      <trkpt lat="43.4464896" lon="-3.9414168">
        <ele>204</ele>
        <time>2026-08-06T18:26:31.621Z</time>
      </trkpt>
      <trkpt lat="43.4464876" lon="-3.9413984">
        <ele>204</ele>
        <time>2026-08-06T18:26:32.621Z</time>
      </trkpt>
      <trkpt lat="43.4464907" lon="-3.9413805">
        <ele>204</ele>
        <time>2026-08-06T18:26:33.621Z</time>
      </trkpt>
      <trkpt lat="43.4464939" lon="-3.9413626">
        <ele>204</ele>
        <time>2026-08-06T18:26:34.621Z</time>
      </trkpt>
      <trkpt lat="43.4465004" lon="-3.9413467">
        <ele>204</ele>
        <time>2026-08-06T18:26:35.621Z</time>
      </trkpt>
      <trkpt lat="43.446507" lon="-3.9413308">
        <ele>204</ele>
        <time>2026-08-06T18:26:36.621Z</time>
      </trkpt>
      <trkpt lat="43.446516" lon="-3.9413169">
        <ele>204</ele>
        <time>2026-08-06T18:26:37.621Z</time>
      </trkpt>
      <trkpt lat="43.4465251" lon="-3.941303">
        <ele>204</ele>
        <time>2026-08-06T18:26:38.621Z</time>
      </trkpt>
      <trkpt lat="43.4465367" lon="-3.9412934">
        <ele>204</ele>
        <time>2026-08-06T18:26:39.621Z</time>
      </trkpt>
      <trkpt lat="43.4465483" lon="-3.9412838">
        <ele>204</ele>
        <time>2026-08-06T18:26:40.621Z</time>
      </trkpt>
      <trkpt lat="43.4465608" lon="-3.9412808">
        <ele>204</ele>
        <time>2026-08-06T18:26:41.621Z</time>
      </trkpt>
      <trkpt lat="43.4465733" lon="-3.9412778">
        <ele>204</ele>
        <time>2026-08-06T18:26:42.621Z</time>
      </trkpt>
      <trkpt lat="43.4465851" lon="-3.9412804">
        <ele>204</ele>
        <time>2026-08-06T18:26:43.621Z</time>
      </trkpt>
      <trkpt lat="43.446597" lon="-3.9412831">
        <ele>204</ele>
        <time>2026-08-06T18:26:44.621Z</time>
      </trkpt>
      <trkpt lat="43.446608" lon="-3.9412885">
        <ele>204</ele>
        <time>2026-08-06T18:26:45.621Z</time>
      </trkpt>
      <trkpt lat="43.4466191" lon="-3.9412939">
        <ele>204</ele>
        <time>2026-08-06T18:26:46.621Z</time>
      </trkpt>
      <trkpt lat="43.4466291" lon="-3.9413">
        <ele>205</ele>
        <time>2026-08-06T18:26:47.621Z</time>
      </trkpt>
      <trkpt lat="43.4466392" lon="-3.9413061">
        <ele>205</ele>
        <time>2026-08-06T18:26:48.621Z</time>
      </trkpt>
      <trkpt lat="43.4466487" lon="-3.9413127">
        <ele>205</ele>
        <time>2026-08-06T18:26:49.621Z</time>
      </trkpt>
      <trkpt lat="43.4466582" lon="-3.9413193">
        <ele>205</ele>
        <time>2026-08-06T18:26:50.621Z</time>
      </trkpt>
      <trkpt lat="43.4466675" lon="-3.9413263">
        <ele>205</ele>
        <time>2026-08-06T18:26:51.621Z</time>
      </trkpt>
      <trkpt lat="43.4466768" lon="-3.9413334">
        <ele>206</ele>
        <time>2026-08-06T18:26:52.621Z</time>
      </trkpt>
      <trkpt lat="43.4466863" lon="-3.9413397">
        <ele>206</ele>
        <time>2026-08-06T18:26:53.621Z</time>
      </trkpt>
      <trkpt lat="43.4466959" lon="-3.9413461">
        <ele>206</ele>
        <time>2026-08-06T18:26:54.621Z</time>
      </trkpt>
      <trkpt lat="43.4467059" lon="-3.9413526">
        <ele>207</ele>
        <time>2026-08-06T18:26:55.621Z</time>
      </trkpt>
      <trkpt lat="43.4467159" lon="-3.9413591">
        <ele>207</ele>
        <time>2026-08-06T18:26:56.621Z</time>
      </trkpt>
      <trkpt lat="43.4467253" lon="-3.9413664">
        <ele>208</ele>
        <time>2026-08-06T18:26:57.621Z</time>
      </trkpt>
      <trkpt lat="43.4467348" lon="-3.9413738">
        <ele>208</ele>
        <time>2026-08-06T18:26:58.621Z</time>
      </trkpt>
      <trkpt lat="43.4467438" lon="-3.9413809">
        <ele>208</ele>
        <time>2026-08-06T18:26:59.621Z</time>
      </trkpt>
      <trkpt lat="43.4467529" lon="-3.9413881">
        <ele>208</ele>
        <time>2026-08-06T18:27:00.621Z</time>
      </trkpt>
      <trkpt lat="43.446763" lon="-3.9413934">
        <ele>208</ele>
        <time>2026-08-06T18:27:01.621Z</time>
      </trkpt>
      <trkpt lat="43.4467731" lon="-3.9413988">
        <ele>209</ele>
        <time>2026-08-06T18:27:02.621Z</time>
      </trkpt>
      <trkpt lat="43.446784" lon="-3.9414036">
        <ele>209</ele>
        <time>2026-08-06T18:27:03.621Z</time>
      </trkpt>
      <trkpt lat="43.446795" lon="-3.9414084">
        <ele>209</ele>
        <time>2026-08-06T18:27:04.621Z</time>
      </trkpt>
      <trkpt lat="43.4468051" lon="-3.9414139">
        <ele>209</ele>
        <time>2026-08-06T18:27:05.621Z</time>
      </trkpt>
      <trkpt lat="43.4468153" lon="-3.9414195">
        <ele>209</ele>
        <time>2026-08-06T18:27:06.621Z</time>
      </trkpt>
      <trkpt lat="43.4468244" lon="-3.941426">
        <ele>210</ele>
        <time>2026-08-06T18:27:07.621Z</time>
      </trkpt>
      <trkpt lat="43.4468336" lon="-3.9414325">
        <ele>210</ele>
        <time>2026-08-06T18:27:08.621Z</time>
      </trkpt>
      <trkpt lat="43.4468418" lon="-3.9414399">
        <ele>210</ele>
        <time>2026-08-06T18:27:09.621Z</time>
      </trkpt>
      <trkpt lat="43.4468501" lon="-3.9414473">
        <ele>210</ele>
        <time>2026-08-06T18:27:10.621Z</time>
      </trkpt>
      <trkpt lat="43.4468578" lon="-3.9414558">
        <ele>210</ele>
        <time>2026-08-06T18:27:11.621Z</time>
      </trkpt>
      <trkpt lat="43.4468655" lon="-3.9414643">
        <ele>211</ele>
        <time>2026-08-06T18:27:12.621Z</time>
      </trkpt>
      <trkpt lat="43.446873" lon="-3.9414734">
        <ele>211</ele>
        <time>2026-08-06T18:27:13.621Z</time>
      </trkpt>
      <trkpt lat="43.4468806" lon="-3.9414825">
        <ele>211</ele>
        <time>2026-08-06T18:27:14.621Z</time>
      </trkpt>
      <trkpt lat="43.4468876" lon="-3.9414919">
        <ele>211</ele>
        <time>2026-08-06T18:27:15.621Z</time>
      </trkpt>
      <trkpt lat="43.4468947" lon="-3.9415013">
        <ele>211</ele>
        <time>2026-08-06T18:27:16.621Z</time>
      </trkpt>
      <trkpt lat="43.4469017" lon="-3.9415104">
        <ele>212</ele>
        <time>2026-08-06T18:27:17.621Z</time>
      </trkpt>
      <trkpt lat="43.4469087" lon="-3.9415195">
        <ele>212</ele>
        <time>2026-08-06T18:27:18.621Z</time>
      </trkpt>
      <trkpt lat="43.4469158" lon="-3.9415279">
        <ele>212</ele>
        <time>2026-08-06T18:27:19.621Z</time>
      </trkpt>
      <trkpt lat="43.4469229" lon="-3.9415364">
        <ele>212</ele>
        <time>2026-08-06T18:27:20.621Z</time>
      </trkpt>
      <trkpt lat="43.4469305" lon="-3.9415443">
        <ele>212</ele>
        <time>2026-08-06T18:27:21.621Z</time>
      </trkpt>
      <trkpt lat="43.4469382" lon="-3.9415523">
        <ele>213</ele>
        <time>2026-08-06T18:27:22.621Z</time>
      </trkpt>
      <trkpt lat="43.4469459" lon="-3.9415601">
        <ele>213</ele>
        <time>2026-08-06T18:27:23.621Z</time>
      </trkpt>
      <trkpt lat="43.4469536" lon="-3.9415679">
        <ele>213</ele>
        <time>2026-08-06T18:27:24.621Z</time>
      </trkpt>
      <trkpt lat="43.4469608" lon="-3.9415765">
        <ele>214</ele>
        <time>2026-08-06T18:27:25.621Z</time>
      </trkpt>
      <trkpt lat="43.446968" lon="-3.9415851">
        <ele>214</ele>
        <time>2026-08-06T18:27:26.621Z</time>
      </trkpt>
      <trkpt lat="43.4469741" lon="-3.9415955">
        <ele>215</ele>
        <time>2026-08-06T18:27:27.621Z</time>
      </trkpt>
      <trkpt lat="43.4469803" lon="-3.9416059">
        <ele>215</ele>
        <time>2026-08-06T18:27:28.621Z</time>
      </trkpt>
      <trkpt lat="43.4469866" lon="-3.9416162">
        <ele>215</ele>
        <time>2026-08-06T18:27:29.621Z</time>
      </trkpt>
      <trkpt lat="43.4469929" lon="-3.9416265">
        <ele>215</ele>
        <time>2026-08-06T18:27:30.621Z</time>
      </trkpt>
      <trkpt lat="43.4470001" lon="-3.9416362">
        <ele>215</ele>
        <time>2026-08-06T18:27:31.621Z</time>
      </trkpt>
      <trkpt lat="43.4470074" lon="-3.9416459">
        <ele>216</ele>
        <time>2026-08-06T18:27:32.621Z</time>
      </trkpt>
      <trkpt lat="43.4470147" lon="-3.9416556">
        <ele>216</ele>
        <time>2026-08-06T18:27:33.621Z</time>
      </trkpt>
      <trkpt lat="43.447022" lon="-3.9416654">
        <ele>216</ele>
        <time>2026-08-06T18:27:34.621Z</time>
      </trkpt>
      <trkpt lat="43.4470288" lon="-3.9416743">
        <ele>217</ele>
        <time>2026-08-06T18:27:35.621Z</time>
      </trkpt>
      <trkpt lat="43.4470357" lon="-3.9416832">
        <ele>217</ele>
        <time>2026-08-06T18:27:36.621Z</time>
      </trkpt>
      <trkpt lat="43.447043" lon="-3.9416908">
        <ele>218</ele>
        <time>2026-08-06T18:27:37.621Z</time>
      </trkpt>
      <trkpt lat="43.4470503" lon="-3.9416984">
        <ele>218</ele>
        <time>2026-08-06T18:27:38.621Z</time>
      </trkpt>
      <trkpt lat="43.4470577" lon="-3.9417063">
        <ele>218</ele>
        <time>2026-08-06T18:27:39.621Z</time>
      </trkpt>
      <trkpt lat="43.4470652" lon="-3.9417142">
        <ele>218</ele>
        <time>2026-08-06T18:27:40.621Z</time>
      </trkpt>
      <trkpt lat="43.4470721" lon="-3.9417231">
        <ele>218</ele>
        <time>2026-08-06T18:27:41.621Z</time>
      </trkpt>
      <trkpt lat="43.4470791" lon="-3.941732">
        <ele>219</ele>
        <time>2026-08-06T18:27:42.621Z</time>
      </trkpt>
      <trkpt lat="43.4470852" lon="-3.9417411">
        <ele>219</ele>
        <time>2026-08-06T18:27:43.621Z</time>
      </trkpt>
      <trkpt lat="43.4470914" lon="-3.9417503">
        <ele>219</ele>
        <time>2026-08-06T18:27:44.621Z</time>
      </trkpt>
      <trkpt lat="43.4470967" lon="-3.9417597">
        <ele>219</ele>
        <time>2026-08-06T18:27:45.621Z</time>
      </trkpt>
      <trkpt lat="43.4471021" lon="-3.9417691">
        <ele>219</ele>
        <time>2026-08-06T18:27:46.621Z</time>
      </trkpt>
      <trkpt lat="43.4471074" lon="-3.9417782">
        <ele>220</ele>
        <time>2026-08-06T18:27:47.621Z</time>
      </trkpt>
      <trkpt lat="43.4471128" lon="-3.9417873">
        <ele>220</ele>
        <time>2026-08-06T18:27:48.621Z</time>
      </trkpt>
      <trkpt lat="43.4471192" lon="-3.9417963">
        <ele>220</ele>
        <time>2026-08-06T18:27:49.621Z</time>
      </trkpt>
      <trkpt lat="43.4471256" lon="-3.9418054">
        <ele>220</ele>
        <time>2026-08-06T18:27:50.621Z</time>
      </trkpt>
      <trkpt lat="43.4471317" lon="-3.941815">
        <ele>220</ele>
        <time>2026-08-06T18:27:51.621Z</time>
      </trkpt>
      <trkpt lat="43.4471379" lon="-3.9418247">
        <ele>221</ele>
        <time>2026-08-06T18:27:52.621Z</time>
      </trkpt>
      <trkpt lat="43.4471439" lon="-3.9418354">
        <ele>221</ele>
        <time>2026-08-06T18:27:53.621Z</time>
      </trkpt>
      <trkpt lat="43.44715" lon="-3.9418462">
        <ele>221</ele>
        <time>2026-08-06T18:27:54.621Z</time>
      </trkpt>
      <trkpt lat="43.4471556" lon="-3.9418574">
        <ele>222</ele>
        <time>2026-08-06T18:27:55.621Z</time>
      </trkpt>
      <trkpt lat="43.4471613" lon="-3.9418687">
        <ele>222</ele>
        <time>2026-08-06T18:27:56.621Z</time>
      </trkpt>
      <trkpt lat="43.4471666" lon="-3.9418783">
        <ele>223</ele>
        <time>2026-08-06T18:27:57.621Z</time>
      </trkpt>
      <trkpt lat="43.4471719" lon="-3.9418879">
        <ele>223</ele>
        <time>2026-08-06T18:27:58.621Z</time>
      </trkpt>
      <trkpt lat="43.4471785" lon="-3.941896">
        <ele>223</ele>
        <time>2026-08-06T18:27:59.621Z</time>
      </trkpt>
      <trkpt lat="43.4471851" lon="-3.9419041">
        <ele>223</ele>
        <time>2026-08-06T18:28:00.621Z</time>
      </trkpt>
      <trkpt lat="43.4471937" lon="-3.9419099">
        <ele>223</ele>
        <time>2026-08-06T18:28:01.621Z</time>
      </trkpt>
      <trkpt lat="43.4472023" lon="-3.9419157">
        <ele>224</ele>
        <time>2026-08-06T18:28:02.621Z</time>
      </trkpt>
      <trkpt lat="43.4472122" lon="-3.9419182">
        <ele>224</ele>
        <time>2026-08-06T18:28:03.621Z</time>
      </trkpt>
      <trkpt lat="43.4472221" lon="-3.9419208">
        <ele>224</ele>
        <time>2026-08-06T18:28:04.621Z</time>
      </trkpt>
      <trkpt lat="43.4472326" lon="-3.9419226">
        <ele>224</ele>
        <time>2026-08-06T18:28:05.621Z</time>
      </trkpt>
      <trkpt lat="43.4472432" lon="-3.9419244">
        <ele>224</ele>
        <time>2026-08-06T18:28:06.621Z</time>
      </trkpt>
      <trkpt lat="43.447253" lon="-3.9419273">
        <ele>225</ele>
        <time>2026-08-06T18:28:07.621Z</time>
      </trkpt>
      <trkpt lat="43.4472628" lon="-3.9419303">
        <ele>225</ele>
        <time>2026-08-06T18:28:08.621Z</time>
      </trkpt>
      <trkpt lat="43.4472706" lon="-3.9419354">
        <ele>225</ele>
        <time>2026-08-06T18:28:09.621Z</time>
      </trkpt>
      <trkpt lat="43.4472785" lon="-3.9419406">
        <ele>225</ele>
        <time>2026-08-06T18:28:10.621Z</time>
      </trkpt>
      <trkpt lat="43.4472833" lon="-3.9419482">
        <ele>225</ele>
        <time>2026-08-06T18:28:11.621Z</time>
      </trkpt>
      <trkpt lat="43.4472882" lon="-3.9419558">
        <ele>226</ele>
        <time>2026-08-06T18:28:12.621Z</time>
      </trkpt>
      <trkpt lat="43.4472909" lon="-3.941964">
        <ele>226</ele>
        <time>2026-08-06T18:28:13.621Z</time>
      </trkpt>
      <trkpt lat="43.4472936" lon="-3.9419723">
        <ele>226</ele>
        <time>2026-08-06T18:28:14.621Z</time>
      </trkpt>
      <trkpt lat="43.4472932" lon="-3.9419831">
        <ele>226</ele>
        <time>2026-08-06T18:29:31.621Z</time>
      </trkpt>
      <trkpt lat="43.4472939" lon="-3.9419904">
        <ele>226</ele>
        <time>2026-08-06T18:29:32.621Z</time>
      </trkpt>
      <trkpt lat="43.4472946" lon="-3.9419977">
        <ele>226</ele>
        <time>2026-08-06T18:29:33.621Z</time>
      </trkpt>
      <trkpt lat="43.4472978" lon="-3.9420073">
        <ele>226</ele>
        <time>2026-08-06T18:31:49.621Z</time>
      </trkpt>
      <trkpt lat="43.4472995" lon="-3.9420069">
        <ele>226</ele>
        <time>2026-08-06T18:31:50.621Z</time>
      </trkpt>
      <trkpt lat="43.4473013" lon="-3.9420066">
        <ele>226</ele>
        <time>2026-08-06T18:31:51.621Z</time>
      </trkpt>
      <trkpt lat="43.4473038" lon="-3.9420008">
        <ele>227</ele>
        <time>2026-08-06T18:31:52.621Z</time>
      </trkpt>
      <trkpt lat="43.4473063" lon="-3.941995">
        <ele>226</ele>
        <time>2026-08-06T18:31:53.621Z</time>
      </trkpt>
      <trkpt lat="43.4473099" lon="-3.9419853">
        <ele>226</ele>
        <time>2026-08-06T18:31:54.621Z</time>
      </trkpt>
      <trkpt lat="43.4473135" lon="-3.9419756">
        <ele>226</ele>
        <time>2026-08-06T18:31:55.621Z</time>
      </trkpt>
      <trkpt lat="43.4473178" lon="-3.9419651">
        <ele>227</ele>
        <time>2026-08-06T18:32:07.621Z</time>
      </trkpt>
      <trkpt lat="43.4473213" lon="-3.9419578">
        <ele>227</ele>
        <time>2026-08-06T18:32:08.621Z</time>
      </trkpt>
      <trkpt lat="43.4473249" lon="-3.9419505">
        <ele>227</ele>
        <time>2026-08-06T18:32:09.621Z</time>
      </trkpt>
      <trkpt lat="43.4473296" lon="-3.9419431">
        <ele>227</ele>
        <time>2026-08-06T18:32:10.621Z</time>
      </trkpt>
      <trkpt lat="43.4473344" lon="-3.9419357">
        <ele>227</ele>
        <time>2026-08-06T18:32:11.621Z</time>
      </trkpt>
      <trkpt lat="43.4473411" lon="-3.9419271">
        <ele>227</ele>
        <time>2026-08-06T18:32:12.621Z</time>
      </trkpt>
      <trkpt lat="43.4473478" lon="-3.9419186">
        <ele>226</ele>
        <time>2026-08-06T18:32:13.621Z</time>
      </trkpt>
      <trkpt lat="43.4473565" lon="-3.9419098">
        <ele>226</ele>
        <time>2026-08-06T18:32:14.621Z</time>
      </trkpt>
      <trkpt lat="43.4473652" lon="-3.941901">
        <ele>226</ele>
        <time>2026-08-06T18:32:15.621Z</time>
      </trkpt>
      <trkpt lat="43.4473745" lon="-3.9418924">
        <ele>226</ele>
        <time>2026-08-06T18:32:16.621Z</time>
      </trkpt>
      <trkpt lat="43.4473839" lon="-3.9418839">
        <ele>226</ele>
        <time>2026-08-06T18:32:17.621Z</time>
      </trkpt>
      <trkpt lat="43.4473936" lon="-3.9418762">
        <ele>226</ele>
        <time>2026-08-06T18:32:18.621Z</time>
      </trkpt>
      <trkpt lat="43.4474034" lon="-3.9418686">
        <ele>226</ele>
        <time>2026-08-06T18:32:19.621Z</time>
      </trkpt>
      <trkpt lat="43.447414" lon="-3.9418625">
        <ele>226</ele>
        <time>2026-08-06T18:32:20.621Z</time>
      </trkpt>
      <trkpt lat="43.4474246" lon="-3.9418565">
        <ele>226</ele>
        <time>2026-08-06T18:32:21.621Z</time>
      </trkpt>
      <trkpt lat="43.447436" lon="-3.9418525">
        <ele>226</ele>
        <time>2026-08-06T18:32:22.621Z</time>
      </trkpt>
      <trkpt lat="43.4474475" lon="-3.9418486">
        <ele>226</ele>
        <time>2026-08-06T18:32:23.621Z</time>
      </trkpt>
      <trkpt lat="43.4474587" lon="-3.941845">
        <ele>226</ele>
        <time>2026-08-06T18:32:24.621Z</time>
      </trkpt>
      <trkpt lat="43.4474699" lon="-3.9418414">
        <ele>226</ele>
        <time>2026-08-06T18:32:25.621Z</time>
      </trkpt>
      <trkpt lat="43.4474809" lon="-3.9418359">
        <ele>226</ele>
        <time>2026-08-06T18:32:26.621Z</time>
      </trkpt>
      <trkpt lat="43.4474919" lon="-3.9418304">
        <ele>226</ele>
        <time>2026-08-06T18:32:27.621Z</time>
      </trkpt>
      <trkpt lat="43.4475038" lon="-3.9418222">
        <ele>225</ele>
        <time>2026-08-06T18:32:28.621Z</time>
      </trkpt>
      <trkpt lat="43.4475157" lon="-3.9418141">
        <ele>225</ele>
        <time>2026-08-06T18:32:29.621Z</time>
      </trkpt>
      <trkpt lat="43.4475304" lon="-3.9418101">
        <ele>225</ele>
        <time>2026-08-06T18:32:30.621Z</time>
      </trkpt>
      <trkpt lat="43.4475451" lon="-3.9418061">
        <ele>225</ele>
        <time>2026-08-06T18:32:31.621Z</time>
      </trkpt>
      <trkpt lat="43.4475632" lon="-3.9418049">
        <ele>225</ele>
        <time>2026-08-06T18:32:32.621Z</time>
      </trkpt>
      <trkpt lat="43.4475814" lon="-3.9418037">
        <ele>224</ele>
        <time>2026-08-06T18:32:33.621Z</time>
      </trkpt>
      <trkpt lat="43.4476021" lon="-3.9417974">
        <ele>224</ele>
        <time>2026-08-06T18:32:34.621Z</time>
      </trkpt>
      <trkpt lat="43.4476228" lon="-3.9417911">
        <ele>224</ele>
        <time>2026-08-06T18:32:35.621Z</time>
      </trkpt>
      <trkpt lat="43.447644" lon="-3.9417794">
        <ele>224</ele>
        <time>2026-08-06T18:32:36.621Z</time>
      </trkpt>
      <trkpt lat="43.4476652" lon="-3.9417677">
        <ele>224</ele>
        <time>2026-08-06T18:32:37.621Z</time>
      </trkpt>
      <trkpt lat="43.4476855" lon="-3.9417536">
        <ele>224</ele>
        <time>2026-08-06T18:32:38.621Z</time>
      </trkpt>
      <trkpt lat="43.4477058" lon="-3.9417395">
        <ele>224</ele>
        <time>2026-08-06T18:32:39.621Z</time>
      </trkpt>
      <trkpt lat="43.4477247" lon="-3.9417232">
        <ele>224</ele>
        <time>2026-08-06T18:32:40.621Z</time>
      </trkpt>
      <trkpt lat="43.4477437" lon="-3.9417069">
        <ele>224</ele>
        <time>2026-08-06T18:32:41.621Z</time>
      </trkpt>
      <trkpt lat="43.4477615" lon="-3.9416885">
        <ele>224</ele>
        <time>2026-08-06T18:32:42.621Z</time>
      </trkpt>
      <trkpt lat="43.4477793" lon="-3.9416701">
        <ele>224</ele>
        <time>2026-08-06T18:32:43.621Z</time>
      </trkpt>
      <trkpt lat="43.4477966" lon="-3.9416499">
        <ele>224</ele>
        <time>2026-08-06T18:32:44.621Z</time>
      </trkpt>
      <trkpt lat="43.447814" lon="-3.9416297">
        <ele>224</ele>
        <time>2026-08-06T18:32:45.621Z</time>
      </trkpt>
      <trkpt lat="43.4478316" lon="-3.9416096">
        <ele>224</ele>
        <time>2026-08-06T18:32:46.621Z</time>
      </trkpt>
      <trkpt lat="43.4478493" lon="-3.9415896">
        <ele>224</ele>
        <time>2026-08-06T18:32:47.621Z</time>
      </trkpt>
      <trkpt lat="43.4478681" lon="-3.9415712">
        <ele>224</ele>
        <time>2026-08-06T18:32:48.621Z</time>
      </trkpt>
      <trkpt lat="43.4478869" lon="-3.9415529">
        <ele>224</ele>
        <time>2026-08-06T18:32:49.621Z</time>
      </trkpt>
      <trkpt lat="43.4479064" lon="-3.9415374">
        <ele>224</ele>
        <time>2026-08-06T18:32:50.621Z</time>
      </trkpt>
      <trkpt lat="43.4479259" lon="-3.941522">
        <ele>224</ele>
        <time>2026-08-06T18:32:51.621Z</time>
      </trkpt>
      <trkpt lat="43.4479461" lon="-3.9415111">
        <ele>225</ele>
        <time>2026-08-06T18:32:52.621Z</time>
      </trkpt>
      <trkpt lat="43.4479663" lon="-3.9415003">
        <ele>225</ele>
        <time>2026-08-06T18:32:53.621Z</time>
      </trkpt>
      <trkpt lat="43.4479883" lon="-3.9414936">
        <ele>225</ele>
        <time>2026-08-06T18:32:54.621Z</time>
      </trkpt>
      <trkpt lat="43.4480104" lon="-3.9414869">
        <ele>225</ele>
        <time>2026-08-06T18:32:55.621Z</time>
      </trkpt>
      <trkpt lat="43.4480339" lon="-3.9414814">
        <ele>225</ele>
        <time>2026-08-06T18:32:56.621Z</time>
      </trkpt>
      <trkpt lat="43.4480575" lon="-3.941476">
        <ele>225</ele>
        <time>2026-08-06T18:32:57.621Z</time>
      </trkpt>
      <trkpt lat="43.4480798" lon="-3.9414706">
        <ele>224</ele>
        <time>2026-08-06T18:32:58.621Z</time>
      </trkpt>
      <trkpt lat="43.4481021" lon="-3.9414652">
        <ele>224</ele>
        <time>2026-08-06T18:32:59.621Z</time>
      </trkpt>
      <trkpt lat="43.4481218" lon="-3.9414585">
        <ele>224</ele>
        <time>2026-08-06T18:33:00.621Z</time>
      </trkpt>
      <trkpt lat="43.4481415" lon="-3.9414519">
        <ele>224</ele>
        <time>2026-08-06T18:33:01.621Z</time>
      </trkpt>
      <trkpt lat="43.4481583" lon="-3.9414413">
        <ele>224</ele>
        <time>2026-08-06T18:33:02.621Z</time>
      </trkpt>
      <trkpt lat="43.4481751" lon="-3.9414308">
        <ele>224</ele>
        <time>2026-08-06T18:33:03.621Z</time>
      </trkpt>
      <trkpt lat="43.4481893" lon="-3.9414155">
        <ele>224</ele>
        <time>2026-08-06T18:33:04.621Z</time>
      </trkpt>
      <trkpt lat="43.4482036" lon="-3.9414002">
        <ele>224</ele>
        <time>2026-08-06T18:33:05.621Z</time>
      </trkpt>
      <trkpt lat="43.4482155" lon="-3.9413822">
        <ele>224</ele>
        <time>2026-08-06T18:33:06.621Z</time>
      </trkpt>
      <trkpt lat="43.4482274" lon="-3.9413643">
        <ele>224</ele>
        <time>2026-08-06T18:33:07.621Z</time>
      </trkpt>
      <trkpt lat="43.4482392" lon="-3.9413461">
        <ele>223</ele>
        <time>2026-08-06T18:33:08.621Z</time>
      </trkpt>
      <trkpt lat="43.4482511" lon="-3.9413279">
        <ele>223</ele>
        <time>2026-08-06T18:33:09.621Z</time>
      </trkpt>
      <trkpt lat="43.4482667" lon="-3.9413153">
        <ele>223</ele>
        <time>2026-08-06T18:33:10.621Z</time>
      </trkpt>
      <trkpt lat="43.4482824" lon="-3.9413028">
        <ele>223</ele>
        <time>2026-08-06T18:33:11.621Z</time>
      </trkpt>
      <trkpt lat="43.4483024" lon="-3.9412994">
        <ele>223</ele>
        <time>2026-08-06T18:33:12.621Z</time>
      </trkpt>
      <trkpt lat="43.4483225" lon="-3.941296">
        <ele>222</ele>
        <time>2026-08-06T18:33:13.621Z</time>
      </trkpt>
      <trkpt lat="43.4483442" lon="-3.9412985">
        <ele>222</ele>
        <time>2026-08-06T18:33:14.621Z</time>
      </trkpt>
      <trkpt lat="43.4483659" lon="-3.9413011">
        <ele>222</ele>
        <time>2026-08-06T18:33:15.621Z</time>
      </trkpt>
      <trkpt lat="43.448387" lon="-3.9413016">
        <ele>222</ele>
        <time>2026-08-06T18:33:16.621Z</time>
      </trkpt>
      <trkpt lat="43.4484082" lon="-3.9413022">
        <ele>222</ele>
        <time>2026-08-06T18:33:17.621Z</time>
      </trkpt>
      <trkpt lat="43.4484291" lon="-3.9412969">
        <ele>221</ele>
        <time>2026-08-06T18:33:18.621Z</time>
      </trkpt>
      <trkpt lat="43.4484501" lon="-3.9412917">
        <ele>221</ele>
        <time>2026-08-06T18:33:19.621Z</time>
      </trkpt>
      <trkpt lat="43.4484699" lon="-3.9412818">
        <ele>221</ele>
        <time>2026-08-06T18:33:20.621Z</time>
      </trkpt>
      <trkpt lat="43.4484898" lon="-3.9412719">
        <ele>221</ele>
        <time>2026-08-06T18:33:21.621Z</time>
      </trkpt>
      <trkpt lat="43.4485094" lon="-3.9412586">
        <ele>221</ele>
        <time>2026-08-06T18:33:22.621Z</time>
      </trkpt>
      <trkpt lat="43.448529" lon="-3.9412453">
        <ele>220</ele>
        <time>2026-08-06T18:33:23.621Z</time>
      </trkpt>
      <trkpt lat="43.4485493" lon="-3.9412305">
        <ele>219</ele>
        <time>2026-08-06T18:33:24.621Z</time>
      </trkpt>
      <trkpt lat="43.4485697" lon="-3.9412158">
        <ele>219</ele>
        <time>2026-08-06T18:33:25.621Z</time>
      </trkpt>
      <trkpt lat="43.4485917" lon="-3.9412019">
        <ele>218</ele>
        <time>2026-08-06T18:33:26.621Z</time>
      </trkpt>
      <trkpt lat="43.4486138" lon="-3.941188">
        <ele>218</ele>
        <time>2026-08-06T18:33:27.621Z</time>
      </trkpt>
      <trkpt lat="43.4486362" lon="-3.9411737">
        <ele>217</ele>
        <time>2026-08-06T18:33:28.621Z</time>
      </trkpt>
      <trkpt lat="43.4486586" lon="-3.9411595">
        <ele>217</ele>
        <time>2026-08-06T18:33:29.621Z</time>
      </trkpt>
      <trkpt lat="43.4486802" lon="-3.9411438">
        <ele>216</ele>
        <time>2026-08-06T18:33:30.621Z</time>
      </trkpt>
      <trkpt lat="43.4487018" lon="-3.9411282">
        <ele>216</ele>
        <time>2026-08-06T18:33:31.621Z</time>
      </trkpt>
      <trkpt lat="43.4487226" lon="-3.9411112">
        <ele>216</ele>
        <time>2026-08-06T18:33:32.621Z</time>
      </trkpt>
      <trkpt lat="43.4487434" lon="-3.9410943">
        <ele>215</ele>
        <time>2026-08-06T18:33:33.621Z</time>
      </trkpt>
      <trkpt lat="43.4487668" lon="-3.9410762">
        <ele>214</ele>
        <time>2026-08-06T18:33:34.621Z</time>
      </trkpt>
      <trkpt lat="43.4487902" lon="-3.9410581">
        <ele>214</ele>
        <time>2026-08-06T18:33:35.621Z</time>
      </trkpt>
      <trkpt lat="43.4488172" lon="-3.941044">
        <ele>213</ele>
        <time>2026-08-06T18:33:36.621Z</time>
      </trkpt>
      <trkpt lat="43.4488443" lon="-3.94103">
        <ele>213</ele>
        <time>2026-08-06T18:33:37.621Z</time>
      </trkpt>
      <trkpt lat="43.4488708" lon="-3.9410204">
        <ele>212</ele>
        <time>2026-08-06T18:33:38.621Z</time>
      </trkpt>
      <trkpt lat="43.4488973" lon="-3.9410108">
        <ele>212</ele>
        <time>2026-08-06T18:33:39.621Z</time>
      </trkpt>
      <trkpt lat="43.4489211" lon="-3.9410018">
        <ele>212</ele>
        <time>2026-08-06T18:33:40.621Z</time>
      </trkpt>
      <trkpt lat="43.448945" lon="-3.9409929">
        <ele>212</ele>
        <time>2026-08-06T18:33:41.621Z</time>
      </trkpt>
      <trkpt lat="43.448967" lon="-3.9409822">
        <ele>212</ele>
        <time>2026-08-06T18:33:42.621Z</time>
      </trkpt>
      <trkpt lat="43.448989" lon="-3.9409715">
        <ele>211</ele>
        <time>2026-08-06T18:33:43.621Z</time>
      </trkpt>
      <trkpt lat="43.4490096" lon="-3.9409582">
        <ele>211</ele>
        <time>2026-08-06T18:33:44.621Z</time>
      </trkpt>
      <trkpt lat="43.4490303" lon="-3.9409449">
        <ele>211</ele>
        <time>2026-08-06T18:33:45.621Z</time>
      </trkpt>
      <trkpt lat="43.4490501" lon="-3.940931">
        <ele>211</ele>
        <time>2026-08-06T18:33:46.621Z</time>
      </trkpt>
      <trkpt lat="43.4490699" lon="-3.9409171">
        <ele>211</ele>
        <time>2026-08-06T18:33:47.621Z</time>
      </trkpt>
      <trkpt lat="43.4490887" lon="-3.9409032">
        <ele>211</ele>
        <time>2026-08-06T18:33:48.621Z</time>
      </trkpt>
      <trkpt lat="43.4491076" lon="-3.9408894">
        <ele>211</ele>
        <time>2026-08-06T18:33:49.621Z</time>
      </trkpt>
      <trkpt lat="43.4491257" lon="-3.9408734">
        <ele>211</ele>
        <time>2026-08-06T18:33:50.621Z</time>
      </trkpt>
      <trkpt lat="43.4491438" lon="-3.9408575">
        <ele>211</ele>
        <time>2026-08-06T18:33:51.621Z</time>
      </trkpt>
      <trkpt lat="43.4491611" lon="-3.9408395">
        <ele>211</ele>
        <time>2026-08-06T18:33:52.621Z</time>
      </trkpt>
      <trkpt lat="43.4491785" lon="-3.9408216">
        <ele>211</ele>
        <time>2026-08-06T18:33:53.621Z</time>
      </trkpt>
      <trkpt lat="43.449195" lon="-3.9408034">
        <ele>211</ele>
        <time>2026-08-06T18:33:54.621Z</time>
      </trkpt>
      <trkpt lat="43.4492116" lon="-3.9407853">
        <ele>211</ele>
        <time>2026-08-06T18:33:55.621Z</time>
      </trkpt>
      <trkpt lat="43.4492291" lon="-3.9407683">
        <ele>211</ele>
        <time>2026-08-06T18:33:56.621Z</time>
      </trkpt>
      <trkpt lat="43.4492466" lon="-3.9407513">
        <ele>211</ele>
        <time>2026-08-06T18:33:57.621Z</time>
      </trkpt>
      <trkpt lat="43.4492658" lon="-3.9407358">
        <ele>211</ele>
        <time>2026-08-06T18:33:58.621Z</time>
      </trkpt>
      <trkpt lat="43.449285" lon="-3.9407203">
        <ele>211</ele>
        <time>2026-08-06T18:33:59.621Z</time>
      </trkpt>
      <trkpt lat="43.4493045" lon="-3.940704">
        <ele>211</ele>
        <time>2026-08-06T18:34:00.621Z</time>
      </trkpt>
      <trkpt lat="43.4493241" lon="-3.9406878">
        <ele>211</ele>
        <time>2026-08-06T18:34:01.621Z</time>
      </trkpt>
      <trkpt lat="43.4493417" lon="-3.9406704">
        <ele>212</ele>
        <time>2026-08-06T18:34:02.621Z</time>
      </trkpt>
      <trkpt lat="43.4493593" lon="-3.940653">
        <ele>212</ele>
        <time>2026-08-06T18:34:03.621Z</time>
      </trkpt>
      <trkpt lat="43.449375" lon="-3.9406342">
        <ele>212</ele>
        <time>2026-08-06T18:34:04.621Z</time>
      </trkpt>
      <trkpt lat="43.4493908" lon="-3.9406155">
        <ele>212</ele>
        <time>2026-08-06T18:34:05.621Z</time>
      </trkpt>
      <trkpt lat="43.4494064" lon="-3.9405977">
        <ele>212</ele>
        <time>2026-08-06T18:34:06.621Z</time>
      </trkpt>
      <trkpt lat="43.4494221" lon="-3.9405799">
        <ele>213</ele>
        <time>2026-08-06T18:34:07.621Z</time>
      </trkpt>
      <trkpt lat="43.4494375" lon="-3.9405637">
        <ele>213</ele>
        <time>2026-08-06T18:34:08.621Z</time>
      </trkpt>
      <trkpt lat="43.449453" lon="-3.9405475">
        <ele>213</ele>
        <time>2026-08-06T18:34:09.621Z</time>
      </trkpt>
      <trkpt lat="43.4494703" lon="-3.9405352">
        <ele>213</ele>
        <time>2026-08-06T18:34:10.621Z</time>
      </trkpt>
      <trkpt lat="43.4494876" lon="-3.9405229">
        <ele>213</ele>
        <time>2026-08-06T18:34:11.621Z</time>
      </trkpt>
      <trkpt lat="43.4495068" lon="-3.9405153">
        <ele>214</ele>
        <time>2026-08-06T18:34:12.621Z</time>
      </trkpt>
      <trkpt lat="43.449526" lon="-3.9405078">
        <ele>214</ele>
        <time>2026-08-06T18:34:13.621Z</time>
      </trkpt>
      <trkpt lat="43.4495459" lon="-3.9405013">
        <ele>214</ele>
        <time>2026-08-06T18:34:14.621Z</time>
      </trkpt>
      <trkpt lat="43.4495658" lon="-3.9404949">
        <ele>214</ele>
        <time>2026-08-06T18:34:15.621Z</time>
      </trkpt>
      <trkpt lat="43.4495854" lon="-3.9404851">
        <ele>214</ele>
        <time>2026-08-06T18:34:16.621Z</time>
      </trkpt>
      <trkpt lat="43.4496051" lon="-3.9404754">
        <ele>214</ele>
        <time>2026-08-06T18:34:17.621Z</time>
      </trkpt>
      <trkpt lat="43.4496248" lon="-3.9404626">
        <ele>214</ele>
        <time>2026-08-06T18:34:18.621Z</time>
      </trkpt>
      <trkpt lat="43.4496445" lon="-3.9404499">
        <ele>214</ele>
        <time>2026-08-06T18:34:19.621Z</time>
      </trkpt>
      <trkpt lat="43.4496645" lon="-3.940439">
        <ele>214</ele>
        <time>2026-08-06T18:34:20.621Z</time>
      </trkpt>
      <trkpt lat="43.4496846" lon="-3.9404281">
        <ele>214</ele>
        <time>2026-08-06T18:34:21.621Z</time>
      </trkpt>
      <trkpt lat="43.4497049" lon="-3.9404198">
        <ele>214</ele>
        <time>2026-08-06T18:34:22.621Z</time>
      </trkpt>
      <trkpt lat="43.4497252" lon="-3.9404115">
        <ele>214</ele>
        <time>2026-08-06T18:34:23.621Z</time>
      </trkpt>
      <trkpt lat="43.4497459" lon="-3.9404023">
        <ele>214</ele>
        <time>2026-08-06T18:34:24.621Z</time>
      </trkpt>
      <trkpt lat="43.4497666" lon="-3.9403932">
        <ele>214</ele>
        <time>2026-08-06T18:34:25.621Z</time>
      </trkpt>
      <trkpt lat="43.4497859" lon="-3.9403794">
        <ele>214</ele>
        <time>2026-08-06T18:34:26.621Z</time>
      </trkpt>
      <trkpt lat="43.4498053" lon="-3.9403657">
        <ele>215</ele>
        <time>2026-08-06T18:34:27.621Z</time>
      </trkpt>
      <trkpt lat="43.4498197" lon="-3.9403493">
        <ele>215</ele>
        <time>2026-08-06T18:34:28.621Z</time>
      </trkpt>
      <trkpt lat="43.4498342" lon="-3.9403329">
        <ele>215</ele>
        <time>2026-08-06T18:34:29.621Z</time>
      </trkpt>
      <trkpt lat="43.4498446" lon="-3.9403187">
        <ele>215</ele>
        <time>2026-08-06T18:34:30.621Z</time>
      </trkpt>
      <trkpt lat="43.4498551" lon="-3.9403046">
        <ele>215</ele>
        <time>2026-08-06T18:34:31.621Z</time>
      </trkpt>
      <trkpt lat="43.4498674" lon="-3.9402929">
        <ele>215</ele>
        <time>2026-08-06T18:34:32.621Z</time>
      </trkpt>
      <trkpt lat="43.4498798" lon="-3.9402813">
        <ele>215</ele>
        <time>2026-08-06T18:34:33.621Z</time>
      </trkpt>
      <trkpt lat="43.4498945" lon="-3.9402685">
        <ele>215</ele>
        <time>2026-08-06T18:34:34.621Z</time>
      </trkpt>
      <trkpt lat="43.4499093" lon="-3.9402558">
        <ele>215</ele>
        <time>2026-08-06T18:34:35.621Z</time>
      </trkpt>
      <trkpt lat="43.4499245" lon="-3.9402408">
        <ele>215</ele>
        <time>2026-08-06T18:34:36.621Z</time>
      </trkpt>
      <trkpt lat="43.4499397" lon="-3.9402258">
        <ele>216</ele>
        <time>2026-08-06T18:34:37.621Z</time>
      </trkpt>
      <trkpt lat="43.4499569" lon="-3.9402112">
        <ele>215</ele>
        <time>2026-08-06T18:34:38.621Z</time>
      </trkpt>
      <trkpt lat="43.4499741" lon="-3.9401966">
        <ele>215</ele>
        <time>2026-08-06T18:34:39.621Z</time>
      </trkpt>
      <trkpt lat="43.4499953" lon="-3.9401835">
        <ele>215</ele>
        <time>2026-08-06T18:34:40.621Z</time>
      </trkpt>
      <trkpt lat="43.4500165" lon="-3.9401704">
        <ele>215</ele>
        <time>2026-08-06T18:34:41.621Z</time>
      </trkpt>
      <trkpt lat="43.4500403" lon="-3.9401592">
        <ele>215</ele>
        <time>2026-08-06T18:34:42.621Z</time>
      </trkpt>
      <trkpt lat="43.4500641" lon="-3.940148">
        <ele>214</ele>
        <time>2026-08-06T18:34:43.621Z</time>
      </trkpt>
      <trkpt lat="43.4500882" lon="-3.9401383">
        <ele>214</ele>
        <time>2026-08-06T18:34:44.621Z</time>
      </trkpt>
      <trkpt lat="43.4501123" lon="-3.9401286">
        <ele>214</ele>
        <time>2026-08-06T18:34:45.621Z</time>
      </trkpt>
      <trkpt lat="43.4501361" lon="-3.9401172">
        <ele>214</ele>
        <time>2026-08-06T18:34:46.621Z</time>
      </trkpt>
      <trkpt lat="43.4501599" lon="-3.9401059">
        <ele>214</ele>
        <time>2026-08-06T18:34:47.621Z</time>
      </trkpt>
      <trkpt lat="43.4501817" lon="-3.9400921">
        <ele>213</ele>
        <time>2026-08-06T18:34:48.621Z</time>
      </trkpt>
      <trkpt lat="43.4502036" lon="-3.9400784">
        <ele>213</ele>
        <time>2026-08-06T18:34:49.621Z</time>
      </trkpt>
      <trkpt lat="43.4502235" lon="-3.9400666">
        <ele>213</ele>
        <time>2026-08-06T18:34:50.621Z</time>
      </trkpt>
      <trkpt lat="43.4502435" lon="-3.9400548">
        <ele>213</ele>
        <time>2026-08-06T18:34:51.621Z</time>
      </trkpt>
      <trkpt lat="43.4502603" lon="-3.9400422">
        <ele>213</ele>
        <time>2026-08-06T18:34:52.621Z</time>
      </trkpt>
      <trkpt lat="43.4502771" lon="-3.9400297">
        <ele>213</ele>
        <time>2026-08-06T18:34:53.621Z</time>
      </trkpt>
      <trkpt lat="43.4502914" lon="-3.9400158">
        <ele>213</ele>
        <time>2026-08-06T18:34:54.621Z</time>
      </trkpt>
      <trkpt lat="43.4503058" lon="-3.940002">
        <ele>213</ele>
        <time>2026-08-06T18:34:55.621Z</time>
      </trkpt>
      <trkpt lat="43.4503199" lon="-3.9399892">
        <ele>213</ele>
        <time>2026-08-06T18:34:56.621Z</time>
      </trkpt>
      <trkpt lat="43.4503341" lon="-3.9399764">
        <ele>214</ele>
        <time>2026-08-06T18:34:57.621Z</time>
      </trkpt>
      <trkpt lat="43.4503472" lon="-3.9399657">
        <ele>214</ele>
        <time>2026-08-06T18:34:58.621Z</time>
      </trkpt>
      <trkpt lat="43.4503603" lon="-3.939955">
        <ele>214</ele>
        <time>2026-08-06T18:34:59.621Z</time>
      </trkpt>
      <trkpt lat="43.450374" lon="-3.9399468">
        <ele>214</ele>
        <time>2026-08-06T18:35:00.621Z</time>
      </trkpt>
      <trkpt lat="43.4503877" lon="-3.9399386">
        <ele>214</ele>
        <time>2026-08-06T18:35:01.621Z</time>
      </trkpt>
      <trkpt lat="43.4504045" lon="-3.939932">
        <ele>214</ele>
        <time>2026-08-06T18:35:02.621Z</time>
      </trkpt>
      <trkpt lat="43.4504213" lon="-3.9399255">
        <ele>214</ele>
        <time>2026-08-06T18:35:03.621Z</time>
      </trkpt>
      <trkpt lat="43.4504404" lon="-3.9399167">
        <ele>214</ele>
        <time>2026-08-06T18:35:04.621Z</time>
      </trkpt>
      <trkpt lat="43.4504596" lon="-3.9399079">
        <ele>214</ele>
        <time>2026-08-06T18:35:05.621Z</time>
      </trkpt>
      <trkpt lat="43.45048" lon="-3.9398976">
        <ele>214</ele>
        <time>2026-08-06T18:35:06.621Z</time>
      </trkpt>
      <trkpt lat="43.4505005" lon="-3.9398874">
        <ele>214</ele>
        <time>2026-08-06T18:35:07.621Z</time>
      </trkpt>
      <trkpt lat="43.4505185" lon="-3.9398744">
        <ele>214</ele>
        <time>2026-08-06T18:35:08.621Z</time>
      </trkpt>
      <trkpt lat="43.4505366" lon="-3.9398615">
        <ele>214</ele>
        <time>2026-08-06T18:35:09.621Z</time>
      </trkpt>
      <trkpt lat="43.4505503" lon="-3.9398442">
        <ele>214</ele>
        <time>2026-08-06T18:35:10.621Z</time>
      </trkpt>
      <trkpt lat="43.4505641" lon="-3.9398269">
        <ele>214</ele>
        <time>2026-08-06T18:35:11.621Z</time>
      </trkpt>
      <trkpt lat="43.4505781" lon="-3.9398094">
        <ele>214</ele>
        <time>2026-08-06T18:35:12.621Z</time>
      </trkpt>
      <trkpt lat="43.4505921" lon="-3.9397919">
        <ele>213</ele>
        <time>2026-08-06T18:35:13.621Z</time>
      </trkpt>
      <trkpt lat="43.450609" lon="-3.9397746">
        <ele>213</ele>
        <time>2026-08-06T18:35:14.621Z</time>
      </trkpt>
      <trkpt lat="43.4506259" lon="-3.9397573">
        <ele>213</ele>
        <time>2026-08-06T18:35:15.621Z</time>
      </trkpt>
      <trkpt lat="43.4506441" lon="-3.9397417">
        <ele>213</ele>
        <time>2026-08-06T18:35:16.621Z</time>
      </trkpt>
      <trkpt lat="43.4506624" lon="-3.9397262">
        <ele>213</ele>
        <time>2026-08-06T18:35:17.621Z</time>
      </trkpt>
      <trkpt lat="43.4506805" lon="-3.9397156">
        <ele>213</ele>
        <time>2026-08-06T18:35:18.621Z</time>
      </trkpt>
      <trkpt lat="43.4506987" lon="-3.9397051">
        <ele>213</ele>
        <time>2026-08-06T18:35:19.621Z</time>
      </trkpt>
      <trkpt lat="43.4507171" lon="-3.9396973">
        <ele>213</ele>
        <time>2026-08-06T18:35:20.621Z</time>
      </trkpt>
      <trkpt lat="43.4507355" lon="-3.9396895">
        <ele>213</ele>
        <time>2026-08-06T18:35:21.621Z</time>
      </trkpt>
      <trkpt lat="43.4507543" lon="-3.9396802">
        <ele>214</ele>
        <time>2026-08-06T18:35:22.621Z</time>
      </trkpt>
      <trkpt lat="43.4507732" lon="-3.939671">
        <ele>214</ele>
        <time>2026-08-06T18:35:23.621Z</time>
      </trkpt>
      <trkpt lat="43.4507941" lon="-3.939659">
        <ele>214</ele>
        <time>2026-08-06T18:35:24.621Z</time>
      </trkpt>
      <trkpt lat="43.4508151" lon="-3.9396471">
        <ele>214</ele>
        <time>2026-08-06T18:35:25.621Z</time>
      </trkpt>
      <trkpt lat="43.4508373" lon="-3.9396327">
        <ele>214</ele>
        <time>2026-08-06T18:35:26.621Z</time>
      </trkpt>
      <trkpt lat="43.4508595" lon="-3.9396183">
        <ele>214</ele>
        <time>2026-08-06T18:35:27.621Z</time>
      </trkpt>
      <trkpt lat="43.4508817" lon="-3.9396028">
        <ele>214</ele>
        <time>2026-08-06T18:35:28.621Z</time>
      </trkpt>
      <trkpt lat="43.4509039" lon="-3.9395873">
        <ele>214</ele>
        <time>2026-08-06T18:35:29.621Z</time>
      </trkpt>
      <trkpt lat="43.4509254" lon="-3.9395739">
        <ele>214</ele>
        <time>2026-08-06T18:35:30.621Z</time>
      </trkpt>
      <trkpt lat="43.450947" lon="-3.9395605">
        <ele>214</ele>
        <time>2026-08-06T18:35:31.621Z</time>
      </trkpt>
      <trkpt lat="43.4509682" lon="-3.9395462">
        <ele>214</ele>
        <time>2026-08-06T18:35:32.621Z</time>
      </trkpt>
      <trkpt lat="43.4509895" lon="-3.939532">
        <ele>214</ele>
        <time>2026-08-06T18:35:33.908Z</time>
      </trkpt>
      <trkpt lat="43.451" lon="-3.939561">
        <ele>216.98</ele>
        <time>2026-08-06T18:35:35.187Z</time>
        <extensions>
          <gpxtpx:TrackPointExtension>
            <gpxtpx:Extensions>
              <highway>path</highway>
            </gpxtpx:Extensions>
          </gpxtpx:TrackPointExtension>
        </extensions>
      </trkpt>
      <trkpt lat="43.451096" lon="-3.939494">
        <ele>215.95</ele>
        <time>2026-08-06T18:35:41.041Z</time>
        <extensions>
          <gpxtpx:TrackPointExtension>
            <gpxtpx:Extensions>
              <highway>path</highway>
            </gpxtpx:Extensions>
          </gpxtpx:TrackPointExtension>
        </extensions>
      </trkpt>
      <trkpt lat="43.451254" lon="-3.939358">
        <ele>214.41</ele>
        <time>2026-08-06T18:35:51.176Z</time>
        <extensions>
          <gpxtpx:TrackPointExtension>
            <gpxtpx:Extensions>
              <highway>path</highway>
            </gpxtpx:Extensions>
          </gpxtpx:TrackPointExtension>
        </extensions>
      </trkpt>
      <trkpt lat="43.451285" lon="-3.93927">
        <ele>213.19</ele>
        <time>2026-08-06T18:35:55.038Z</time>
        <extensions>
          <gpxtpx:TrackPointExtension>
            <gpxtpx:Extensions>
              <highway>path</highway>
            </gpxtpx:Extensions>
          </gpxtpx:TrackPointExtension>
        </extensions>
      </trkpt>
      <trkpt lat="43.451387" lon="-3.93912">
        <ele>209.4</ele>
        <time>2026-08-06T18:36:03.154Z</time>
        <extensions>
          <gpxtpx:TrackPointExtension>
            <gpxtpx:Extensions>
              <highway>path</highway>
            </gpxtpx:Extensions>
          </gpxtpx:TrackPointExtension>
        </extensions>
      </trkpt>
      <trkpt lat="43.45145" lon="-3.938999">
        <ele>206.44</ele>
        <time>2026-08-06T18:36:09.034Z</time>
        <extensions>
          <gpxtpx:TrackPointExtension>
            <gpxtpx:Extensions>
              <highway>path</highway>
            </gpxtpx:Extensions>
          </gpxtpx:TrackPointExtension>
        </extensions>
      </trkpt>
      <trkpt lat="43.451547" lon="-3.938903">
        <ele>204.75</ele>
        <time>2026-08-06T18:36:15.531Z</time>
        <extensions>
          <gpxtpx:TrackPointExtension>
            <gpxtpx:Extensions>
              <highway>path</highway>
            </gpxtpx:Extensions>
          </gpxtpx:TrackPointExtension>
        </extensions>
      </trkpt>
      <trkpt lat="43.451531" lon="-3.938618">
        <ele>197.01</ele>
        <time>2026-08-06T18:36:26.819Z</time>
        <extensions>
          <gpxtpx:TrackPointExtension>
            <gpxtpx:Extensions>
              <highway>path</highway>
            </gpxtpx:Extensions>
          </gpxtpx:TrackPointExtension>
        </extensions>
      </trkpt>
      <trkpt lat="43.451591" lon="-3.938426">
        <ele>193.26</ele>
        <time>2026-08-06T18:36:35.073Z</time>
        <extensions>
          <gpxtpx:TrackPointExtension>
            <gpxtpx:Extensions>
              <highway>path</highway>
            </gpxtpx:Extensions>
          </gpxtpx:TrackPointExtension>
        </extensions>
      </trkpt>
      <trkpt lat="43.451641" lon="-3.938372">
        <ele>193.13</ele>
        <time>2026-08-06T18:36:38.529Z</time>
        <extensions>
          <gpxtpx:TrackPointExtension>
            <gpxtpx:Extensions>
              <highway>path</highway>
            </gpxtpx:Extensions>
          </gpxtpx:TrackPointExtension>
        </extensions>
      </trkpt>
      <trkpt lat="43.451692" lon="-3.938333">
        <ele>192.72</ele>
        <time>2026-08-06T18:36:41.702Z</time>
        <extensions>
          <gpxtpx:TrackPointExtension>
            <gpxtpx:Extensions>
              <highway>path</highway>
            </gpxtpx:Extensions>
          </gpxtpx:TrackPointExtension>
        </extensions>
      </trkpt>
      <trkpt lat="43.451755" lon="-3.938261">
        <ele>191.37</ele>
        <time>2026-08-06T18:36:46.155Z</time>
        <extensions>
          <gpxtpx:TrackPointExtension>
            <gpxtpx:Extensions>
              <highway>path</highway>
            </gpxtpx:Extensions>
          </gpxtpx:TrackPointExtension>
        </extensions>
      </trkpt>
      <trkpt lat="43.451837" lon="-3.938121">
        <ele>188.49</ele>
        <time>2026-08-06T18:36:53.258Z</time>
        <extensions>
          <gpxtpx:TrackPointExtension>
            <gpxtpx:Extensions>
              <highway>path</highway>
            </gpxtpx:Extensions>
          </gpxtpx:TrackPointExtension>
        </extensions>
      </trkpt>
      <trkpt lat="43.451942" lon="-3.938009">
        <ele>185.36</ele>
        <time>2026-08-06T18:37:00.482Z</time>
        <extensions>
          <gpxtpx:TrackPointExtension>
            <gpxtpx:Extensions>
              <highway>path</highway>
            </gpxtpx:Extensions>
          </gpxtpx:TrackPointExtension>
        </extensions>
      </trkpt>
      <trkpt lat="43.451972" lon="-3.937836">
        <ele>182.23</ele>
        <time>2026-08-06T18:37:07.506Z</time>
        <extensions>
          <gpxtpx:TrackPointExtension>
            <gpxtpx:Extensions>
              <highway>path</highway>
            </gpxtpx:Extensions>
          </gpxtpx:TrackPointExtension>
        </extensions>
      </trkpt>
      <trkpt lat="43.451956" lon="-3.937681">
        <ele>180.67</ele>
        <time>2026-08-06T18:37:13.688Z</time>
        <extensions>
          <gpxtpx:TrackPointExtension>
            <gpxtpx:Extensions>
              <highway>path</highway>
            </gpxtpx:Extensions>
          </gpxtpx:TrackPointExtension>
        </extensions>
      </trkpt>
      <trkpt lat="43.451959" lon="-3.93756">
        <ele>180.43</ele>
        <time>2026-08-06T18:37:18.469Z</time>
        <extensions>
          <gpxtpx:TrackPointExtension>
            <gpxtpx:Extensions>
              <highway>path</highway>
            </gpxtpx:Extensions>
          </gpxtpx:TrackPointExtension>
        </extensions>
      </trkpt>
      <trkpt lat="43.451987" lon="-3.937518">
        <ele>179.88</ele>
        <time>2026-08-06T18:37:20.720Z</time>
        <extensions>
          <gpxtpx:TrackPointExtension>
            <gpxtpx:Extensions>
              <highway>path</highway>
            </gpxtpx:Extensions>
          </gpxtpx:TrackPointExtension>
        </extensions>
      </trkpt>
      <trkpt lat="43.452031" lon="-3.93749">
        <ele>179.19</ele>
        <time>2026-08-06T18:37:23.356Z</time>
        <extensions>
          <gpxtpx:TrackPointExtension>
            <gpxtpx:Extensions>
              <highway>path</highway>
            </gpxtpx:Extensions>
          </gpxtpx:TrackPointExtension>
        </extensions>
      </trkpt>
      <trkpt lat="43.452049" lon="-3.937466">
        <ele>178.97</ele>
        <time>2026-08-06T18:37:24.718Z</time>
        <extensions>
          <gpxtpx:TrackPointExtension>
            <gpxtpx:Extensions>
              <highway>path</highway>
            </gpxtpx:Extensions>
          </gpxtpx:TrackPointExtension>
        </extensions>
      </trkpt>
      <trkpt lat="43.452065" lon="-3.937395">
        <ele>178.84</ele>
        <time>2026-08-06T18:37:27.653Z</time>
        <extensions>
          <gpxtpx:TrackPointExtension>
            <gpxtpx:Extensions>
              <highway>path</highway>
            </gpxtpx:Extensions>
          </gpxtpx:TrackPointExtension>
        </extensions>
      </trkpt>
      <trkpt lat="43.452095" lon="-3.937371">
        <ele>178.6</ele>
        <time>2026-08-06T18:37:29.540Z</time>
        <extensions>
          <gpxtpx:TrackPointExtension>
            <gpxtpx:Extensions>
              <highway>path</highway>
            </gpxtpx:Extensions>
          </gpxtpx:TrackPointExtension>
        </extensions>
      </trkpt>
      <trkpt lat="43.452104" lon="-3.937352">
        <ele>178.43</ele>
        <time>2026-08-06T18:37:30.435Z</time>
        <extensions>
          <gpxtpx:TrackPointExtension>
            <gpxtpx:Extensions>
              <highway>path</highway>
            </gpxtpx:Extensions>
          </gpxtpx:TrackPointExtension>
        </extensions>
      </trkpt>
      <trkpt lat="43.452102" lon="-3.937326">
        <ele>178.23</ele>
        <time>2026-08-06T18:37:31.467Z</time>
        <extensions>
          <gpxtpx:TrackPointExtension>
            <gpxtpx:Extensions>
              <highway>path</highway>
            </gpxtpx:Extensions>
          </gpxtpx:TrackPointExtension>
        </extensions>
      </trkpt>
      <trkpt lat="43.452124" lon="-3.937193">
        <ele>176.77</ele>
        <time>2026-08-06T18:37:36.853Z</time>
        <extensions>
          <gpxtpx:TrackPointExtension>
            <gpxtpx:Extensions>
              <highway>path</highway>
            </gpxtpx:Extensions>
          </gpxtpx:TrackPointExtension>
        </extensions>
      </trkpt>
      <trkpt lat="43.452108" lon="-3.937064">
        <ele>175.89</ele>
        <time>2026-08-06T18:37:42.021Z</time>
        <extensions>
          <gpxtpx:TrackPointExtension>
            <gpxtpx:Extensions>
              <highway>path</highway>
            </gpxtpx:Extensions>
          </gpxtpx:TrackPointExtension>
        </extensions>
      </trkpt>
      <trkpt lat="43.452072" lon="-3.936979">
        <ele>176.35</ele>
        <time>2026-08-06T18:37:45.907Z</time>
        <extensions>
          <gpxtpx:TrackPointExtension>
            <gpxtpx:Extensions>
              <highway>path</highway>
            </gpxtpx:Extensions>
          </gpxtpx:TrackPointExtension>
        </extensions>
      </trkpt>
      <trkpt lat="43.45209" lon="-3.936897">
        <ele>175.92</ele>
        <time>2026-08-06T18:37:49.290Z</time>
        <extensions>
          <gpxtpx:TrackPointExtension>
            <gpxtpx:Extensions>
              <highway>path</highway>
            </gpxtpx:Extensions>
          </gpxtpx:TrackPointExtension>
        </extensions>
      </trkpt>
      <trkpt lat="43.452083" lon="-3.936586">
        <ele>174.92</ele>
        <time>2026-08-06T18:38:01.577Z</time>
        <extensions>
          <gpxtpx:TrackPointExtension>
            <gpxtpx:Extensions>
              <highway>path</highway>
            </gpxtpx:Extensions>
          </gpxtpx:TrackPointExtension>
        </extensions>
      </trkpt>
      <trkpt lat="43.452164" lon="-3.936444">
        <ele>172.21</ele>
        <time>2026-08-06T18:38:08.708Z</time>
        <extensions>
          <gpxtpx:TrackPointExtension>
            <gpxtpx:Extensions>
              <highway>path</highway>
            </gpxtpx:Extensions>
          </gpxtpx:TrackPointExtension>
        </extensions>
      </trkpt>
      <trkpt lat="43.452205" lon="-3.936355">
        <ele>170.34</ele>
        <time>2026-08-06T18:38:12.870Z</time>
        <extensions>
          <gpxtpx:TrackPointExtension>
            <gpxtpx:Extensions>
              <highway>path</highway>
            </gpxtpx:Extensions>
          </gpxtpx:TrackPointExtension>
        </extensions>
      </trkpt>
      <trkpt lat="43.452271" lon="-3.936133">
        <ele>167.17</ele>
        <time>2026-08-06T18:38:22.343Z</time>
        <extensions>
          <gpxtpx:TrackPointExtension>
            <gpxtpx:Extensions>
              <highway>path</highway>
            </gpxtpx:Extensions>
          </gpxtpx:TrackPointExtension>
        </extensions>
      </trkpt>
      <trkpt lat="43.452309" lon="-3.936042">
        <ele>164.71</ele>
        <time>2026-08-06T18:38:26.488Z</time>
        <extensions>
          <gpxtpx:TrackPointExtension>
            <gpxtpx:Extensions>
              <highway>path</highway>
            </gpxtpx:Extensions>
          </gpxtpx:TrackPointExtension>
        </extensions>
      </trkpt>
      <trkpt lat="43.452368" lon="-3.935945">
        <ele>161.81</ele>
        <time>2026-08-06T18:38:31.485Z</time>
        <extensions>
          <gpxtpx:TrackPointExtension>
            <gpxtpx:Extensions>
              <highway>path</highway>
            </gpxtpx:Extensions>
          </gpxtpx:TrackPointExtension>
        </extensions>
      </trkpt>
      <trkpt lat="43.452421" lon="-3.935837">
        <ele>159.09</ele>
        <time>2026-08-06T18:38:36.633Z</time>
        <extensions>
          <gpxtpx:TrackPointExtension>
            <gpxtpx:Extensions>
              <highway>path</highway>
            </gpxtpx:Extensions>
          </gpxtpx:TrackPointExtension>
        </extensions>
      </trkpt>
      <trkpt lat="43.452478" lon="-3.935654">
        <ele>157.16</ele>
        <time>2026-08-06T18:38:44.496Z</time>
        <extensions>
          <gpxtpx:TrackPointExtension>
            <gpxtpx:Extensions>
              <highway>path</highway>
            </gpxtpx:Extensions>
          </gpxtpx:TrackPointExtension>
        </extensions>
      </trkpt>
      <trkpt lat="43.452508" lon="-3.935622">
        <ele>156.12</ele>
        <time>2026-08-06T18:38:46.560Z</time>
        <extensions>
          <gpxtpx:TrackPointExtension>
            <gpxtpx:Extensions>
              <highway>path</highway>
            </gpxtpx:Extensions>
          </gpxtpx:TrackPointExtension>
        </extensions>
      </trkpt>
      <trkpt lat="43.452555" lon="-3.935614">
        <ele>154.74</ele>
        <time>2026-08-06T18:38:49.136Z</time>
        <extensions>
          <gpxtpx:TrackPointExtension>
            <gpxtpx:Extensions>
              <highway>path</highway>
            </gpxtpx:Extensions>
          </gpxtpx:TrackPointExtension>
        </extensions>
      </trkpt>
      <trkpt lat="43.45258" lon="-3.935569">
        <ele>154.15</ele>
        <time>2026-08-06T18:38:51.373Z</time>
        <extensions>
          <gpxtpx:TrackPointExtension>
            <gpxtpx:Extensions>
              <highway>path</highway>
            </gpxtpx:Extensions>
          </gpxtpx:TrackPointExtension>
        </extensions>
      </trkpt>
      <trkpt lat="43.452616" lon="-3.935482">
        <ele>153.29</ele>
        <time>2026-08-06T18:38:55.327Z</time>
        <extensions>
          <gpxtpx:TrackPointExtension>
            <gpxtpx:Extensions>
              <highway>path</highway>
            </gpxtpx:Extensions>
          </gpxtpx:TrackPointExtension>
        </extensions>
      </trkpt>
      <trkpt lat="43.452609" lon="-3.935408">
        <ele>153.1</ele>
        <time>2026-08-06T18:38:58.273Z</time>
        <extensions>
          <gpxtpx:TrackPointExtension>
            <gpxtpx:Extensions>
              <highway>path</highway>
            </gpxtpx:Extensions>
          </gpxtpx:TrackPointExtension>
        </extensions>
      </trkpt>
      <trkpt lat="43.452621" lon="-3.935357">
        <ele>152.65</ele>
        <time>2026-08-06T18:39:00.390Z</time>
        <extensions>
          <gpxtpx:TrackPointExtension>
            <gpxtpx:Extensions>
              <highway>path</highway>
            </gpxtpx:Extensions>
          </gpxtpx:TrackPointExtension>
        </extensions>
      </trkpt>
      <trkpt lat="43.452655" lon="-3.935275">
        <ele>152.51</ele>
        <time>2026-08-06T18:39:04.119Z</time>
        <extensions>
          <gpxtpx:TrackPointExtension>
            <gpxtpx:Extensions>
              <highway>path</highway>
            </gpxtpx:Extensions>
          </gpxtpx:TrackPointExtension>
        </extensions>
      </trkpt>
      <trkpt lat="43.45271" lon="-3.935172">
        <ele>153.15</ele>
        <time>2026-08-06T18:39:09.168Z</time>
        <extensions>
          <gpxtpx:TrackPointExtension>
            <gpxtpx:Extensions>
              <highway>path</highway>
            </gpxtpx:Extensions>
          </gpxtpx:TrackPointExtension>
        </extensions>
      </trkpt>
      <trkpt lat="43.452753" lon="-3.935109">
        <ele>153.26</ele>
        <time>2026-08-06T18:39:12.582Z</time>
        <extensions>
          <gpxtpx:TrackPointExtension>
            <gpxtpx:Extensions>
              <highway>path</highway>
            </gpxtpx:Extensions>
          </gpxtpx:TrackPointExtension>
        </extensions>
      </trkpt>
      <trkpt lat="43.452798" lon="-3.935064">
        <ele>152.94</ele>
        <time>2026-08-06T18:39:15.606Z</time>
        <extensions>
          <gpxtpx:TrackPointExtension>
            <gpxtpx:Extensions>
              <highway>path</highway>
            </gpxtpx:Extensions>
          </gpxtpx:TrackPointExtension>
        </extensions>
      </trkpt>
      <trkpt lat="43.452873" lon="-3.935006">
        <ele>150.95</ele>
        <time>2026-08-06T18:39:20.284Z</time>
        <extensions>
          <gpxtpx:TrackPointExtension>
            <gpxtpx:Extensions>
              <highway>path</highway>
            </gpxtpx:Extensions>
          </gpxtpx:TrackPointExtension>
        </extensions>
      </trkpt>
      <trkpt lat="43.452918" lon="-3.934942">
        <ele>150.12</ele>
        <time>2026-08-06T18:39:23.802Z</time>
        <extensions>
          <gpxtpx:TrackPointExtension>
            <gpxtpx:Extensions>
              <highway>path</highway>
            </gpxtpx:Extensions>
          </gpxtpx:TrackPointExtension>
        </extensions>
      </trkpt>
      <trkpt lat="43.452966" lon="-3.934867">
        <ele>145.67</ele>
        <time>2026-08-06T18:39:27.750Z</time>
        <extensions>
          <gpxtpx:TrackPointExtension>
            <gpxtpx:Extensions>
              <highway>path</highway>
            </gpxtpx:Extensions>
          </gpxtpx:TrackPointExtension>
        </extensions>
      </trkpt>
      <trkpt lat="43.452992" lon="-3.934858">
        <ele>145.73</ele>
        <time>2026-08-06T18:39:29.208Z</time>
        <extensions>
          <gpxtpx:TrackPointExtension>
            <gpxtpx:Extensions>
              <highway>path</highway>
            </gpxtpx:Extensions>
          </gpxtpx:TrackPointExtension>
        </extensions>
      </trkpt>
      <trkpt lat="43.453045" lon="-3.934807">
        <ele>147.15</ele>
        <time>2026-08-06T18:39:32.724Z</time>
        <extensions>
          <gpxtpx:TrackPointExtension>
            <gpxtpx:Extensions>
              <highway>path</highway>
            </gpxtpx:Extensions>
          </gpxtpx:TrackPointExtension>
        </extensions>
      </trkpt>
      <trkpt lat="43.453077" lon="-3.934791">
        <ele>147.67</ele>
        <time>2026-08-06T18:39:34.575Z</time>
        <extensions>
          <gpxtpx:TrackPointExtension>
            <gpxtpx:Extensions>
              <highway>path</highway>
            </gpxtpx:Extensions>
          </gpxtpx:TrackPointExtension>
        </extensions>
      </trkpt>
      <trkpt lat="43.453077" lon="-3.93475">
        <ele>148.81</ele>
        <time>2026-08-06T18:39:36.194Z</time>
        <extensions>
          <gpxtpx:TrackPointExtension>
            <gpxtpx:Extensions>
              <highway>path</highway>
            </gpxtpx:Extensions>
          </gpxtpx:TrackPointExtension>
        </extensions>
      </trkpt>
      <trkpt lat="43.453045" lon="-3.934719">
        <ele>149.48</ele>
        <time>2026-08-06T18:39:38.322Z</time>
        <extensions>
          <gpxtpx:TrackPointExtension>
            <gpxtpx:Extensions>
              <highway>path</highway>
            </gpxtpx:Extensions>
          </gpxtpx:TrackPointExtension>
        </extensions>
      </trkpt>
      <trkpt lat="43.453052" lon="-3.93467">
        <ele>150.66</ele>
        <time>2026-08-06T18:39:40.294Z</time>
        <extensions>
          <gpxtpx:TrackPointExtension>
            <gpxtpx:Extensions>
              <highway>path</highway>
            </gpxtpx:Extensions>
          </gpxtpx:TrackPointExtension>
        </extensions>
      </trkpt>
      <trkpt lat="43.453167" lon="-3.934616">
        <ele>152.83</ele>
        <time>2026-08-06T18:39:46.903Z</time>
        <extensions>
          <gpxtpx:TrackPointExtension>
            <gpxtpx:Extensions>
              <highway>path</highway>
            </gpxtpx:Extensions>
          </gpxtpx:TrackPointExtension>
        </extensions>
      </trkpt>
      <trkpt lat="43.453223" lon="-3.934602">
        <ele>153.58</ele>
        <time>2026-08-06T18:39:49.999Z</time>
        <extensions>
          <gpxtpx:TrackPointExtension>
            <gpxtpx:Extensions>
              <highway>path</highway>
            </gpxtpx:Extensions>
          </gpxtpx:TrackPointExtension>
        </extensions>
      </trkpt>
      <trkpt lat="43.453285" lon="-3.934624">
        <ele>153.41</ele>
        <time>2026-08-06T18:39:53.481Z</time>
        <extensions>
          <gpxtpx:TrackPointExtension>
            <gpxtpx:Extensions>
              <highway>path</highway>
            </gpxtpx:Extensions>
          </gpxtpx:TrackPointExtension>
        </extensions>
      </trkpt>
      <trkpt lat="43.453316" lon="-3.934604">
        <ele>154.13</ele>
        <time>2026-08-06T18:39:55.343Z</time>
        <extensions>
          <gpxtpx:TrackPointExtension>
            <gpxtpx:Extensions>
              <highway>path</highway>
            </gpxtpx:Extensions>
          </gpxtpx:TrackPointExtension>
        </extensions>
      </trkpt>
      <trkpt lat="43.453347" lon="-3.934565">
        <ele>155.02</ele>
        <time>2026-08-06T18:39:57.626Z</time>
        <extensions>
          <gpxtpx:TrackPointExtension>
            <gpxtpx:Extensions>
              <highway>path</highway>
            </gpxtpx:Extensions>
          </gpxtpx:TrackPointExtension>
        </extensions>
      </trkpt>
      <trkpt lat="43.453572" lon="-3.934511">
        <ele>156.47</ele>
        <time>2026-08-06T18:40:10.050Z</time>
        <extensions>
          <gpxtpx:TrackPointExtension>
            <gpxtpx:Extensions>
              <highway>path</highway>
            </gpxtpx:Extensions>
          </gpxtpx:TrackPointExtension>
        </extensions>
      </trkpt>
      <trkpt lat="43.453614" lon="-3.934457">
        <ele>157.76</ele>
        <time>2026-08-06T18:40:13.175Z</time>
        <extensions>
          <gpxtpx:TrackPointExtension>
            <gpxtpx:Extensions>
              <highway>path</highway>
            </gpxtpx:Extensions>
          </gpxtpx:TrackPointExtension>
        </extensions>
      </trkpt>
      <trkpt lat="43.453679" lon="-3.934423">
        <ele>158.09</ele>
        <time>2026-08-06T18:40:16.957Z</time>
        <extensions>
          <gpxtpx:TrackPointExtension>
            <gpxtpx:Extensions>
              <highway>path</highway>
            </gpxtpx:Extensions>
          </gpxtpx:TrackPointExtension>
        </extensions>
      </trkpt>
      <trkpt lat="43.453717" lon="-3.934385">
        <ele>158.11</ele>
        <time>2026-08-06T18:40:19.511Z</time>
        <extensions>
          <gpxtpx:TrackPointExtension>
            <gpxtpx:Extensions>
              <highway>path</highway>
            </gpxtpx:Extensions>
          </gpxtpx:TrackPointExtension>
        </extensions>
      </trkpt>
      <trkpt lat="43.453814" lon="-3.934331">
        <ele>156.37</ele>
        <time>2026-08-06T18:40:25.202Z</time>
        <extensions>
          <gpxtpx:TrackPointExtension>
            <gpxtpx:Extensions>
              <highway>path</highway>
            </gpxtpx:Extensions>
          </gpxtpx:TrackPointExtension>
        </extensions>
      </trkpt>
      <trkpt lat="43.453858" lon="-3.934328">
        <ele>153.69</ele>
        <time>2026-08-06T18:40:27.598Z</time>
        <extensions>
          <gpxtpx:TrackPointExtension>
            <gpxtpx:Extensions>
              <highway>path</highway>
            </gpxtpx:Extensions>
          </gpxtpx:TrackPointExtension>
        </extensions>
      </trkpt>
      <trkpt lat="43.453896" lon="-3.934263">
        <ele>153.5</ele>
        <time>2026-08-06T18:40:30.893Z</time>
        <extensions>
          <gpxtpx:TrackPointExtension>
            <gpxtpx:Extensions>
              <highway>path</highway>
            </gpxtpx:Extensions>
          </gpxtpx:TrackPointExtension>
        </extensions>
      </trkpt>
      <trkpt lat="43.453925" lon="-3.934151">
        <ele>155.65</ele>
        <time>2026-08-06T18:40:35.588Z</time>
        <extensions>
          <gpxtpx:TrackPointExtension>
            <gpxtpx:Extensions>
              <highway>path</highway>
            </gpxtpx:Extensions>
          </gpxtpx:TrackPointExtension>
        </extensions>
      </trkpt>
      <trkpt lat="43.45399" lon="-3.934054">
        <ele>155.75</ele>
        <time>2026-08-06T18:40:40.800Z</time>
        <extensions>
          <gpxtpx:TrackPointExtension>
            <gpxtpx:Extensions>
              <highway>path</highway>
            </gpxtpx:Extensions>
          </gpxtpx:TrackPointExtension>
        </extensions>
      </trkpt>
      <trkpt lat="43.45402" lon="-3.934029">
        <ele>155.23</ele>
        <time>2026-08-06T18:40:42.707Z</time>
        <extensions>
          <gpxtpx:TrackPointExtension>
            <gpxtpx:Extensions>
              <highway>path</highway>
            </gpxtpx:Extensions>
          </gpxtpx:TrackPointExtension>
        </extensions>
      </trkpt>
      <trkpt lat="43.454078" lon="-3.934024">
        <ele>152.11</ele>
        <time>2026-08-06T18:40:45.868Z</time>
        <extensions>
          <gpxtpx:TrackPointExtension>
            <gpxtpx:Extensions>
              <highway>path</highway>
            </gpxtpx:Extensions>
          </gpxtpx:TrackPointExtension>
        </extensions>
      </trkpt>
      <trkpt lat="43.454137" lon="-3.93395">
        <ele>151.52</ele>
        <time>2026-08-06T18:40:50.208Z</time>
        <extensions>
          <gpxtpx:TrackPointExtension>
            <gpxtpx:Extensions>
              <highway>path</highway>
            </gpxtpx:Extensions>
          </gpxtpx:TrackPointExtension>
        </extensions>
      </trkpt>
      <trkpt lat="43.454176" lon="-3.93385">
        <ele>152.66</ele>
        <time>2026-08-06T18:40:54.690Z</time>
        <extensions>
          <gpxtpx:TrackPointExtension>
            <gpxtpx:Extensions>
              <highway>path</highway>
            </gpxtpx:Extensions>
          </gpxtpx:TrackPointExtension>
        </extensions>
      </trkpt>
      <trkpt lat="43.454173" lon="-3.933802">
        <ele>154.21</ele>
        <time>2026-08-06T18:40:56.592Z</time>
        <extensions>
          <gpxtpx:TrackPointExtension>
            <gpxtpx:Extensions>
              <highway>path</highway>
            </gpxtpx:Extensions>
          </gpxtpx:TrackPointExtension>
        </extensions>
      </trkpt>
      <trkpt lat="43.454261" lon="-3.933725">
        <ele>152.96</ele>
        <time>2026-08-06T18:41:02.263Z</time>
        <extensions>
          <gpxtpx:TrackPointExtension>
            <gpxtpx:Extensions>
              <highway>path</highway>
            </gpxtpx:Extensions>
          </gpxtpx:TrackPointExtension>
        </extensions>
      </trkpt>
      <trkpt lat="43.454268" lon="-3.933696">
        <ele>153.47</ele>
        <time>2026-08-06T18:41:03.469Z</time>
        <extensions>
          <gpxtpx:TrackPointExtension>
            <gpxtpx:Extensions>
              <highway>path</highway>
            </gpxtpx:Extensions>
          </gpxtpx:TrackPointExtension>
        </extensions>
      </trkpt>
      <trkpt lat="43.454268" lon="-3.933647">
        <ele>154.85</ele>
        <time>2026-08-06T18:41:05.403Z</time>
        <extensions>
          <gpxtpx:TrackPointExtension>
            <gpxtpx:Extensions>
              <highway>path</highway>
            </gpxtpx:Extensions>
          </gpxtpx:TrackPointExtension>
        </extensions>
      </trkpt>
      <trkpt lat="43.454294" lon="-3.933616">
        <ele>154.81</ele>
        <time>2026-08-06T18:41:07.273Z</time>
        <extensions>
          <gpxtpx:TrackPointExtension>
            <gpxtpx:Extensions>
              <highway>path</highway>
            </gpxtpx:Extensions>
          </gpxtpx:TrackPointExtension>
        </extensions>
      </trkpt>
      <trkpt lat="43.454294" lon="-3.933574">
        <ele>155.98</ele>
        <time>2026-08-06T18:41:08.931Z</time>
        <extensions>
          <gpxtpx:TrackPointExtension>
            <gpxtpx:Extensions>
              <highway>path</highway>
            </gpxtpx:Extensions>
          </gpxtpx:TrackPointExtension>
        </extensions>
      </trkpt>
      <trkpt lat="43.454355" lon="-3.933547">
        <ele>153.66</ele>
        <time>2026-08-06T18:41:12.416Z</time>
        <extensions>
          <gpxtpx:TrackPointExtension>
            <gpxtpx:Extensions>
              <highway>path</highway>
            </gpxtpx:Extensions>
          </gpxtpx:TrackPointExtension>
        </extensions>
      </trkpt>
      <trkpt lat="43.454388" lon="-3.933456">
        <ele>154.08</ele>
        <time>2026-08-06T18:41:16.432Z</time>
        <extensions>
          <gpxtpx:TrackPointExtension>
            <gpxtpx:Extensions>
              <highway>path</highway>
            </gpxtpx:Extensions>
          </gpxtpx:TrackPointExtension>
        </extensions>
      </trkpt>
      <trkpt lat="43.454421" lon="-3.93341">
        <ele>153.77</ele>
        <time>2026-08-06T18:41:18.985Z</time>
        <extensions>
          <gpxtpx:TrackPointExtension>
            <gpxtpx:Extensions>
              <highway>path</highway>
            </gpxtpx:Extensions>
          </gpxtpx:TrackPointExtension>
        </extensions>
      </trkpt>
      <trkpt lat="43.454449" lon="-3.933376">
        <ele>153.25</ele>
        <time>2026-08-06T18:41:21.015Z</time>
        <extensions>
          <gpxtpx:TrackPointExtension>
            <gpxtpx:Extensions>
              <highway>path</highway>
            </gpxtpx:Extensions>
          </gpxtpx:TrackPointExtension>
        </extensions>
      </trkpt>
      <trkpt lat="43.454519" lon="-3.933326">
        <ele>151.35</ele>
        <time>2026-08-06T18:41:25.304Z</time>
        <extensions>
          <gpxtpx:TrackPointExtension>
            <gpxtpx:Extensions>
              <highway>path</highway>
            </gpxtpx:Extensions>
          </gpxtpx:TrackPointExtension>
        </extensions>
      </trkpt>
      <trkpt lat="43.454546" lon="-3.933268">
        <ele>151.84</ele>
        <time>2026-08-06T18:41:28.024Z</time>
        <extensions>
          <gpxtpx:TrackPointExtension>
            <gpxtpx:Extensions>
              <highway>path</highway>
            </gpxtpx:Extensions>
          </gpxtpx:TrackPointExtension>
        </extensions>
      </trkpt>
      <trkpt lat="43.454593" lon="-3.933214">
        <ele>150.9</ele>
        <time>2026-08-06T18:41:31.353Z</time>
        <extensions>
          <gpxtpx:TrackPointExtension>
            <gpxtpx:Extensions>
              <highway>path</highway>
            </gpxtpx:Extensions>
          </gpxtpx:TrackPointExtension>
        </extensions>
      </trkpt>
      <trkpt lat="43.454632" lon="-3.9332">
        <ele>149.37</ele>
        <time>2026-08-06T18:41:33.545Z</time>
        <extensions>
          <gpxtpx:TrackPointExtension>
            <gpxtpx:Extensions>
              <highway>path</highway>
            </gpxtpx:Extensions>
          </gpxtpx:TrackPointExtension>
        </extensions>
      </trkpt>
      <trkpt lat="43.454646" lon="-3.933142">
        <ele>149.97</ele>
        <time>2026-08-06T18:41:35.958Z</time>
        <extensions>
          <gpxtpx:TrackPointExtension>
            <gpxtpx:Extensions>
              <highway>path</highway>
            </gpxtpx:Extensions>
          </gpxtpx:TrackPointExtension>
        </extensions>
      </trkpt>
      <trkpt lat="43.454645" lon="-3.933072">
        <ele>151.48</ele>
        <time>2026-08-06T18:41:38.722Z</time>
        <extensions>
          <gpxtpx:TrackPointExtension>
            <gpxtpx:Extensions>
              <highway>path</highway>
            </gpxtpx:Extensions>
          </gpxtpx:TrackPointExtension>
        </extensions>
      </trkpt>
      <trkpt lat="43.45469" lon="-3.932975">
        <ele>149.89</ele>
        <time>2026-08-06T18:41:43.267Z</time>
        <extensions>
          <gpxtpx:TrackPointExtension>
            <gpxtpx:Extensions>
              <highway>path</highway>
            </gpxtpx:Extensions>
          </gpxtpx:TrackPointExtension>
        </extensions>
      </trkpt>
      <trkpt lat="43.454687" lon="-3.93293">
        <ele>150.13</ele>
        <time>2026-08-06T18:41:45.051Z</time>
        <extensions>
          <gpxtpx:TrackPointExtension>
            <gpxtpx:Extensions>
              <highway>path</highway>
            </gpxtpx:Extensions>
          </gpxtpx:TrackPointExtension>
        </extensions>
      </trkpt>
      <trkpt lat="43.454709" lon="-3.932886">
        <ele>149.36</ele>
        <time>2026-08-06T18:41:47.160Z</time>
        <extensions>
          <gpxtpx:TrackPointExtension>
            <gpxtpx:Extensions>
              <highway>path</highway>
            </gpxtpx:Extensions>
          </gpxtpx:TrackPointExtension>
        </extensions>
      </trkpt>
      <trkpt lat="43.454758" lon="-3.932861">
        <ele>147.76</ele>
        <time>2026-08-06T18:41:50.002Z</time>
        <extensions>
          <gpxtpx:TrackPointExtension>
            <gpxtpx:Extensions>
              <highway>path</highway>
            </gpxtpx:Extensions>
          </gpxtpx:TrackPointExtension>
        </extensions>
      </trkpt>
      <trkpt lat="43.454796" lon="-3.932855">
        <ele>146.45</ele>
        <time>2026-08-06T18:41:52.082Z</time>
        <extensions>
          <gpxtpx:TrackPointExtension>
            <gpxtpx:Extensions>
              <highway>path</highway>
            </gpxtpx:Extensions>
          </gpxtpx:TrackPointExtension>
        </extensions>
      </trkpt>
      <trkpt lat="43.454846" lon="-3.932773">
        <ele>146.48</ele>
        <time>2026-08-06T18:41:56.310Z</time>
        <extensions>
          <gpxtpx:TrackPointExtension>
            <gpxtpx:Extensions>
              <highway>path</highway>
            </gpxtpx:Extensions>
          </gpxtpx:TrackPointExtension>
        </extensions>
      </trkpt>
      <trkpt lat="43.454885" lon="-3.932755">
        <ele>145.82</ele>
        <time>2026-08-06T18:41:58.547Z</time>
        <extensions>
          <gpxtpx:TrackPointExtension>
            <gpxtpx:Extensions>
              <highway>path</highway>
            </gpxtpx:Extensions>
          </gpxtpx:TrackPointExtension>
        </extensions>
      </trkpt>
      <trkpt lat="43.454931" lon="-3.932707">
        <ele>145.54</ele>
        <time>2026-08-06T18:42:01.686Z</time>
        <extensions>
          <gpxtpx:TrackPointExtension>
            <gpxtpx:Extensions>
              <highway>path</highway>
            </gpxtpx:Extensions>
          </gpxtpx:TrackPointExtension>
        </extensions>
      </trkpt>
      <trkpt lat="43.454945" lon="-3.93267">
        <ele>145.54</ele>
        <time>2026-08-06T18:42:03.333Z</time>
        <extensions>
          <gpxtpx:TrackPointExtension>
            <gpxtpx:Extensions>
              <highway>path</highway>
            </gpxtpx:Extensions>
          </gpxtpx:TrackPointExtension>
        </extensions>
      </trkpt>
      <trkpt lat="43.455028" lon="-3.93257">
        <ele>144.02</ele>
        <time>2026-08-06T18:42:09.331Z</time>
        <extensions>
          <gpxtpx:TrackPointExtension>
            <gpxtpx:Extensions>
              <highway>path</highway>
            </gpxtpx:Extensions>
          </gpxtpx:TrackPointExtension>
        </extensions>
      </trkpt>
      <trkpt lat="43.455075" lon="-3.932536">
        <ele>142.33</ele>
        <time>2026-08-06T18:42:12.218Z</time>
        <extensions>
          <gpxtpx:TrackPointExtension>
            <gpxtpx:Extensions>
              <highway>path</highway>
            </gpxtpx:Extensions>
          </gpxtpx:TrackPointExtension>
        </extensions>
      </trkpt>
      <trkpt lat="43.455092" lon="-3.932549">
        <ele>141.11</ele>
        <time>2026-08-06T18:42:13.275Z</time>
        <extensions>
          <gpxtpx:TrackPointExtension>
            <gpxtpx:Extensions>
              <highway>path</highway>
            </gpxtpx:Extensions>
          </gpxtpx:TrackPointExtension>
        </extensions>
      </trkpt>
      <trkpt lat="43.455121" lon="-3.93252">
        <ele>140.12</ele>
        <time>2026-08-06T18:42:15.224Z</time>
        <extensions>
          <gpxtpx:TrackPointExtension>
            <gpxtpx:Extensions>
              <highway>path</highway>
            </gpxtpx:Extensions>
          </gpxtpx:TrackPointExtension>
        </extensions>
      </trkpt>
      <trkpt lat="43.455211" lon="-3.932391">
        <ele>138.73</ele>
        <time>2026-08-06T18:42:22.289Z</time>
        <extensions>
          <gpxtpx:TrackPointExtension>
            <gpxtpx:Extensions>
              <highway>path</highway>
            </gpxtpx:Extensions>
          </gpxtpx:TrackPointExtension>
        </extensions>
      </trkpt>
      <trkpt lat="43.455211" lon="-3.932347">
        <ele>139.82</ele>
        <time>2026-08-06T18:42:24.026Z</time>
        <extensions>
          <gpxtpx:TrackPointExtension>
            <gpxtpx:Extensions>
              <highway>path</highway>
            </gpxtpx:Extensions>
          </gpxtpx:TrackPointExtension>
        </extensions>
      </trkpt>
      <trkpt lat="43.455234" lon="-3.932288">
        <ele>140.32</ele>
        <time>2026-08-06T18:42:26.670Z</time>
        <extensions>
          <gpxtpx:TrackPointExtension>
            <gpxtpx:Extensions>
              <highway>path</highway>
            </gpxtpx:Extensions>
          </gpxtpx:TrackPointExtension>
        </extensions>
      </trkpt>
      <trkpt lat="43.455267" lon="-3.932267">
        <ele>139.85</ele>
        <time>2026-08-06T18:42:28.647Z</time>
        <extensions>
          <gpxtpx:TrackPointExtension>
            <gpxtpx:Extensions>
              <highway>path</highway>
            </gpxtpx:Extensions>
          </gpxtpx:TrackPointExtension>
        </extensions>
      </trkpt>
      <trkpt lat="43.455292" lon="-3.932291">
        <ele>138.39</ele>
        <time>2026-08-06T18:42:30.304Z</time>
        <extensions>
          <gpxtpx:TrackPointExtension>
            <gpxtpx:Extensions>
              <highway>path</highway>
            </gpxtpx:Extensions>
          </gpxtpx:TrackPointExtension>
        </extensions>
      </trkpt>
      <trkpt lat="43.455321" lon="-3.932277">
        <ele>137.45</ele>
        <time>2026-08-06T18:42:31.975Z</time>
        <extensions>
          <gpxtpx:TrackPointExtension>
            <gpxtpx:Extensions>
              <highway>path</highway>
            </gpxtpx:Extensions>
          </gpxtpx:TrackPointExtension>
        </extensions>
      </trkpt>
      <trkpt lat="43.455394" lon="-3.932195">
        <ele>137.05</ele>
        <time>2026-08-06T18:42:37.098Z</time>
        <extensions>
          <gpxtpx:TrackPointExtension>
            <gpxtpx:Extensions>
              <highway>path</highway>
            </gpxtpx:Extensions>
          </gpxtpx:TrackPointExtension>
        </extensions>
      </trkpt>
      <trkpt lat="43.455428" lon="-3.932151">
        <ele>136.43</ele>
        <time>2026-08-06T18:42:39.635Z</time>
        <extensions>
          <gpxtpx:TrackPointExtension>
            <gpxtpx:Extensions>
              <highway>path</highway>
            </gpxtpx:Extensions>
          </gpxtpx:TrackPointExtension>
        </extensions>
      </trkpt>
      <trkpt lat="43.455438" lon="-3.932081">
        <ele>137.52</ele>
        <time>2026-08-06T18:42:42.452Z</time>
        <extensions>
          <gpxtpx:TrackPointExtension>
            <gpxtpx:Extensions>
              <highway>path</highway>
            </gpxtpx:Extensions>
          </gpxtpx:TrackPointExtension>
        </extensions>
      </trkpt>
      <trkpt lat="43.455428" lon="-3.93202">
        <ele>139.49</ele>
        <time>2026-08-06T18:42:44.921Z</time>
        <extensions>
          <gpxtpx:TrackPointExtension>
            <gpxtpx:Extensions>
              <highway>path</highway>
            </gpxtpx:Extensions>
          </gpxtpx:TrackPointExtension>
        </extensions>
      </trkpt>
      <trkpt lat="43.455467" lon="-3.931989">
        <ele>137.93</ele>
        <time>2026-08-06T18:42:47.370Z</time>
        <extensions>
          <gpxtpx:TrackPointExtension>
            <gpxtpx:Extensions>
              <highway>path</highway>
            </gpxtpx:Extensions>
          </gpxtpx:TrackPointExtension>
        </extensions>
      </trkpt>
      <trkpt lat="43.455617" lon="-3.93177">
        <ele>134.76</ele>
        <time>2026-08-06T18:42:59.259Z</time>
        <extensions>
          <gpxtpx:TrackPointExtension>
            <gpxtpx:Extensions>
              <highway>path</highway>
            </gpxtpx:Extensions>
          </gpxtpx:TrackPointExtension>
        </extensions>
      </trkpt>
      <trkpt lat="43.455709" lon="-3.931534">
        <ele>133.62</ele>
        <time>2026-08-06T18:43:09.837Z</time>
        <extensions>
          <gpxtpx:TrackPointExtension>
            <gpxtpx:Extensions>
              <highway>path</highway>
            </gpxtpx:Extensions>
          </gpxtpx:TrackPointExtension>
        </extensions>
      </trkpt>
      <trkpt lat="43.455734" lon="-3.93149">
        <ele>132.78</ele>
        <time>2026-08-06T18:43:12.043Z</time>
        <extensions>
          <gpxtpx:TrackPointExtension>
            <gpxtpx:Extensions>
              <highway>path</highway>
            </gpxtpx:Extensions>
          </gpxtpx:TrackPointExtension>
        </extensions>
      </trkpt>
      <trkpt lat="43.455785" lon="-3.93149">
        <ele>130.4</ele>
        <time>2026-08-06T18:43:14.817Z</time>
        <extensions>
          <gpxtpx:TrackPointExtension>
            <gpxtpx:Extensions>
              <highway>path</highway>
            </gpxtpx:Extensions>
          </gpxtpx:TrackPointExtension>
        </extensions>
      </trkpt>
      <trkpt lat="43.455792" lon="-3.931448">
        <ele>130.35</ele>
        <time>2026-08-06T18:43:16.518Z</time>
        <extensions>
          <gpxtpx:TrackPointExtension>
            <gpxtpx:Extensions>
              <highway>path</highway>
            </gpxtpx:Extensions>
          </gpxtpx:TrackPointExtension>
        </extensions>
      </trkpt>
      <trkpt lat="43.45588" lon="-3.931417">
        <ele>128.6</ele>
        <time>2026-08-06T18:43:21.459Z</time>
        <extensions>
          <gpxtpx:TrackPointExtension>
            <gpxtpx:Extensions>
              <highway>path</highway>
            </gpxtpx:Extensions>
          </gpxtpx:TrackPointExtension>
        </extensions>
      </trkpt>
      <trkpt lat="43.455943" lon="-3.931368">
        <ele>129.55</ele>
        <time>2026-08-06T18:43:25.394Z</time>
        <extensions>
          <gpxtpx:TrackPointExtension>
            <gpxtpx:Extensions>
              <highway>path</highway>
            </gpxtpx:Extensions>
          </gpxtpx:TrackPointExtension>
        </extensions>
      </trkpt>
      <trkpt lat="43.455972" lon="-3.931443">
        <ele>126.92</ele>
        <time>2026-08-06T18:43:28.749Z</time>
        <extensions>
          <gpxtpx:TrackPointExtension>
            <gpxtpx:Extensions>
              <highway>path</highway>
            </gpxtpx:Extensions>
          </gpxtpx:TrackPointExtension>
        </extensions>
      </trkpt>
      <trkpt lat="43.456011" lon="-3.931501">
        <ele>124.08</ele>
        <time>2026-08-06T18:43:31.870Z</time>
        <extensions>
          <gpxtpx:TrackPointExtension>
            <gpxtpx:Extensions>
              <highway>path</highway>
            </gpxtpx:Extensions>
          </gpxtpx:TrackPointExtension>
        </extensions>
      </trkpt>
      <trkpt lat="43.45607" lon="-3.931651">
        <ele>116.73</ele>
        <time>2026-08-06T18:43:38.606Z</time>
        <extensions>
          <gpxtpx:TrackPointExtension>
            <gpxtpx:Extensions>
              <highway>path</highway>
            </gpxtpx:Extensions>
          </gpxtpx:TrackPointExtension>
        </extensions>
      </trkpt>
      <trkpt lat="43.45616" lon="-3.931674">
        <ele>113.63</ele>
        <time>2026-08-06T18:43:43.585Z</time>
        <extensions>
          <gpxtpx:TrackPointExtension>
            <gpxtpx:Extensions>
              <highway>path</highway>
            </gpxtpx:Extensions>
          </gpxtpx:TrackPointExtension>
        </extensions>
      </trkpt>
      <trkpt lat="43.456273" lon="-3.931723">
        <ele>108.24</ele>
        <time>2026-08-06T18:43:50.029Z</time>
        <extensions>
          <gpxtpx:TrackPointExtension>
            <gpxtpx:Extensions>
              <highway>path</highway>
            </gpxtpx:Extensions>
          </gpxtpx:TrackPointExtension>
        </extensions>
      </trkpt>
      <trkpt lat="43.456317" lon="-3.931721">
        <ele>107.14</ele>
        <time>2026-08-06T18:43:52.423Z</time>
        <extensions>
          <gpxtpx:TrackPointExtension>
            <gpxtpx:Extensions>
              <highway>path</highway>
            </gpxtpx:Extensions>
          </gpxtpx:TrackPointExtension>
        </extensions>
      </trkpt>
      <trkpt lat="43.456361" lon="-3.931855">
        <ele>101.42</ele>
        <time>2026-08-06T18:43:58.230Z</time>
        <extensions>
          <gpxtpx:TrackPointExtension>
            <gpxtpx:Extensions>
              <highway>track</highway>
            </gpxtpx:Extensions>
          </gpxtpx:TrackPointExtension>
        </extensions>
      </trkpt>
      <trkpt lat="43.456328" lon="-3.931911">
        <ele>100.87</ele>
        <time>2026-08-06T18:44:01.078Z</time>
        <extensions>
          <gpxtpx:TrackPointExtension>
            <gpxtpx:Extensions>
              <highway>track</highway>
            </gpxtpx:Extensions>
          </gpxtpx:TrackPointExtension>
        </extensions>
      </trkpt>
      <trkpt lat="43.456311" lon="-3.931974">
        <ele>99.8</ele>
        <time>2026-08-06T18:44:03.732Z</time>
        <extensions>
          <gpxtpx:TrackPointExtension>
            <gpxtpx:Extensions>
              <highway>track</highway>
            </gpxtpx:Extensions>
          </gpxtpx:TrackPointExtension>
        </extensions>
      </trkpt>
      <trkpt lat="43.456309" lon="-3.932012">
        <ele>98.95</ele>
        <time>2026-08-06T18:44:05.236Z</time>
        <extensions>
          <gpxtpx:TrackPointExtension>
            <gpxtpx:Extensions>
              <highway>track</highway>
            </gpxtpx:Extensions>
          </gpxtpx:TrackPointExtension>
        </extensions>
      </trkpt>
      <trkpt lat="43.456334" lon="-3.932055">
        <ele>97.57</ele>
        <time>2026-08-06T18:44:07.411Z</time>
        <extensions>
          <gpxtpx:TrackPointExtension>
            <gpxtpx:Extensions>
              <highway>track</highway>
            </gpxtpx:Extensions>
          </gpxtpx:TrackPointExtension>
        </extensions>
      </trkpt>
      <trkpt lat="43.456536" lon="-3.932097">
        <ele>92.31</ele>
        <time>2026-08-06T18:44:18.523Z</time>
        <extensions>
          <gpxtpx:TrackPointExtension>
            <gpxtpx:Extensions>
              <highway>track</highway>
            </gpxtpx:Extensions>
          </gpxtpx:TrackPointExtension>
        </extensions>
      </trkpt>
      <trkpt lat="43.456568" lon="-3.932141">
        <ele>91.34</ele>
        <time>2026-08-06T18:44:20.982Z</time>
        <extensions>
          <gpxtpx:TrackPointExtension>
            <gpxtpx:Extensions>
              <highway>track</highway>
            </gpxtpx:Extensions>
          </gpxtpx:TrackPointExtension>
        </extensions>
      </trkpt>
      <trkpt lat="43.456584" lon="-3.932205">
        <ele>90.27</ele>
        <time>2026-08-06T18:44:23.654Z</time>
        <extensions>
          <gpxtpx:TrackPointExtension>
            <gpxtpx:Extensions>
              <highway>track</highway>
            </gpxtpx:Extensions>
          </gpxtpx:TrackPointExtension>
        </extensions>
      </trkpt>
      <trkpt lat="43.456582" lon="-3.932272">
        <ele>89.38</ele>
        <time>2026-08-06T18:44:26.301Z</time>
        <extensions>
          <gpxtpx:TrackPointExtension>
            <gpxtpx:Extensions>
              <highway>track</highway>
            </gpxtpx:Extensions>
          </gpxtpx:TrackPointExtension>
        </extensions>
      </trkpt>
      <trkpt lat="43.456564" lon="-3.93234">
        <ele>88.87</ele>
        <time>2026-08-06T18:44:29.159Z</time>
        <extensions>
          <gpxtpx:TrackPointExtension>
            <gpxtpx:Extensions>
              <highway>track</highway>
            </gpxtpx:Extensions>
          </gpxtpx:TrackPointExtension>
        </extensions>
      </trkpt>
      <trkpt lat="43.456493" lon="-3.932472">
        <ele>88.04</ele>
        <time>2026-08-06T18:44:35.646Z</time>
        <extensions>
          <gpxtpx:TrackPointExtension>
            <gpxtpx:Extensions>
              <highway>track</highway>
            </gpxtpx:Extensions>
          </gpxtpx:TrackPointExtension>
        </extensions>
      </trkpt>
      <trkpt lat="43.456473" lon="-3.932532">
        <ele>87.32</ele>
        <time>2026-08-06T18:44:38.253Z</time>
        <extensions>
          <gpxtpx:TrackPointExtension>
            <gpxtpx:Extensions>
              <highway>track</highway>
            </gpxtpx:Extensions>
          </gpxtpx:TrackPointExtension>
        </extensions>
      </trkpt>
      <trkpt lat="43.456557" lon="-3.932671">
        <ele>85.14</ele>
        <time>2026-08-06T18:44:45.394Z</time>
        <extensions>
          <gpxtpx:TrackPointExtension>
            <gpxtpx:Extensions>
              <highway>secondary</highway>
              <surface>asphalt</surface>
            </gpxtpx:Extensions>
          </gpxtpx:TrackPointExtension>
        </extensions>
      </trkpt>
      <trkpt lat="43.456384" lon="-3.932868">
        <ele>86.28</ele>
        <time>2026-08-06T18:44:57.603Z</time>
        <extensions>
          <gpxtpx:TrackPointExtension>
            <gpxtpx:Extensions>
              <highway>secondary</highway>
              <surface>asphalt</surface>
            </gpxtpx:Extensions>
          </gpxtpx:TrackPointExtension>
        </extensions>
      </trkpt>
      <trkpt lat="43.4561" lon="-3.933247">
        <ele>87.45</ele>
        <time>2026-08-06T18:45:19.112Z</time>
        <extensions>
          <gpxtpx:TrackPointExtension>
            <gpxtpx:Extensions>
              <highway>secondary</highway>
              <surface>asphalt</surface>
            </gpxtpx:Extensions>
          </gpxtpx:TrackPointExtension>
        </extensions>
      </trkpt>
      <trkpt lat="43.45583" lon="-3.93369">
        <ele>88.29</ele>
        <time>2026-08-06T18:45:41.953Z</time>
        <extensions>
          <gpxtpx:TrackPointExtension>
            <gpxtpx:Extensions>
              <highway>secondary</highway>
              <surface>asphalt</surface>
            </gpxtpx:Extensions>
          </gpxtpx:TrackPointExtension>
        </extensions>
      </trkpt>
      <trkpt lat="43.455499" lon="-3.93436">
        <ele>89.46</ele>
        <time>2026-08-06T18:46:13.956Z</time>
        <extensions>
          <gpxtpx:TrackPointExtension>
            <gpxtpx:Extensions>
              <highway>secondary</highway>
              <surface>asphalt</surface>
            </gpxtpx:Extensions>
          </gpxtpx:TrackPointExtension>
        </extensions>
      </trkpt>
      <trkpt lat="43.455004" lon="-3.935365">
        <ele>87.95</ele>
        <time>2026-08-06T18:47:01.915Z</time>
        <extensions>
          <gpxtpx:TrackPointExtension>
            <gpxtpx:Extensions>
              <highway>secondary</highway>
              <surface>asphalt</surface>
            </gpxtpx:Extensions>
          </gpxtpx:TrackPointExtension>
        </extensions>
      </trkpt>
      <trkpt lat="43.454596" lon="-3.936216">
        <ele>88.95</ele>
        <time>2026-08-06T18:47:42.187Z</time>
        <extensions>
          <gpxtpx:TrackPointExtension>
            <gpxtpx:Extensions>
              <highway>secondary</highway>
              <surface>asphalt</surface>
            </gpxtpx:Extensions>
          </gpxtpx:TrackPointExtension>
        </extensions>
      </trkpt>
      <trkpt lat="43.454495" lon="-3.936448">
        <ele>88.7</ele>
        <time>2026-08-06T18:47:52.869Z</time>
        <extensions>
          <gpxtpx:TrackPointExtension>
            <gpxtpx:Extensions>
              <highway>track</highway>
            </gpxtpx:Extensions>
          </gpxtpx:TrackPointExtension>
        </extensions>
      </trkpt>
      <trkpt lat="43.454818" lon="-3.936678">
        <ele>82.99</ele>
        <time>2026-08-06T18:48:12.648Z</time>
        <extensions>
          <gpxtpx:TrackPointExtension>
            <gpxtpx:Extensions>
              <highway>track</highway>
            </gpxtpx:Extensions>
          </gpxtpx:TrackPointExtension>
        </extensions>
      </trkpt>
      <trkpt lat="43.454983" lon="-3.936777">
        <ele>81.34</ele>
        <time>2026-08-06T18:48:22.438Z</time>
        <extensions>
          <gpxtpx:TrackPointExtension>
            <gpxtpx:Extensions>
              <highway>track</highway>
            </gpxtpx:Extensions>
          </gpxtpx:TrackPointExtension>
        </extensions>
      </trkpt>
      <trkpt lat="43.455026" lon="-3.936832">
        <ele>80.33</ele>
        <time>2026-08-06T18:48:25.629Z</time>
        <extensions>
          <gpxtpx:TrackPointExtension>
            <gpxtpx:Extensions>
              <highway>track</highway>
            </gpxtpx:Extensions>
          </gpxtpx:TrackPointExtension>
        </extensions>
      </trkpt>
      <trkpt lat="43.455314" lon="-3.93706">
        <ele>78.64</ele>
        <time>2026-08-06T18:48:43.575Z</time>
        <extensions>
          <gpxtpx:TrackPointExtension>
            <gpxtpx:Extensions>
              <highway>track</highway>
            </gpxtpx:Extensions>
          </gpxtpx:TrackPointExtension>
        </extensions>
      </trkpt>
      <trkpt lat="43.455314" lon="-3.93706">
        <ele>78.63</ele>
        <time>2026-08-06T18:48:43.575Z</time>
        <extensions>
          <gpxtpx:TrackPointExtension>
            <gpxtpx:Extensions>
              <highway>track</highway>
            </gpxtpx:Extensions>
          </gpxtpx:TrackPointExtension>
        </extensions>
      </trkpt>
      <trkpt lat="43.455399" lon="-3.937127">
        <ele>78.13</ele>
        <time>2026-08-06T18:48:48.866Z</time>
        <extensions>
          <gpxtpx:TrackPointExtension>
            <gpxtpx:Extensions>
              <highway>track</highway>
            </gpxtpx:Extensions>
          </gpxtpx:TrackPointExtension>
        </extensions>
      </trkpt>
      <trkpt lat="43.455646" lon="-3.937273">
        <ele>77</ele>
        <time>2026-08-06T18:49:03.387Z</time>
        <extensions>
          <gpxtpx:TrackPointExtension>
            <gpxtpx:Extensions>
              <highway>track</highway>
            </gpxtpx:Extensions>
          </gpxtpx:TrackPointExtension>
        </extensions>
      </trkpt>
      <trkpt lat="43.45587" lon="-3.937428">
        <ele>76</ele>
        <time>2026-08-06T18:49:16.930Z</time>
        <extensions>
          <gpxtpx:TrackPointExtension>
            <gpxtpx:Extensions>
              <highway>track</highway>
            </gpxtpx:Extensions>
          </gpxtpx:TrackPointExtension>
        </extensions>
      </trkpt>
      <trkpt lat="43.456081" lon="-3.937594">
        <ele>74.67</ele>
        <time>2026-08-06T18:49:30.058Z</time>
        <extensions>
          <gpxtpx:TrackPointExtension>
            <gpxtpx:Extensions>
              <highway>track</highway>
            </gpxtpx:Extensions>
          </gpxtpx:TrackPointExtension>
        </extensions>
      </trkpt>
      <trkpt lat="43.456194" lon="-3.937718">
        <ele>73.77</ele>
        <time>2026-08-06T18:49:37.863Z</time>
        <extensions>
          <gpxtpx:TrackPointExtension>
            <gpxtpx:Extensions>
              <highway>track</highway>
            </gpxtpx:Extensions>
          </gpxtpx:TrackPointExtension>
        </extensions>
      </trkpt>
      <trkpt lat="43.456414" lon="-3.938046">
        <ele>72.01</ele>
        <time>2026-08-06T18:49:55.377Z</time>
        <extensions>
          <gpxtpx:TrackPointExtension>
            <gpxtpx:Extensions>
              <highway>track</highway>
            </gpxtpx:Extensions>
          </gpxtpx:TrackPointExtension>
        </extensions>
      </trkpt>
      <trkpt lat="43.456473" lon="-3.938122">
        <ele>71.31</ele>
        <time>2026-08-06T18:49:59.741Z</time>
        <extensions>
          <gpxtpx:TrackPointExtension>
            <gpxtpx:Extensions>
              <highway>track</highway>
            </gpxtpx:Extensions>
          </gpxtpx:TrackPointExtension>
        </extensions>
      </trkpt>
      <trkpt lat="43.456758" lon="-3.938349">
        <ele>69.25</ele>
        <time>2026-08-06T18:50:17.527Z</time>
        <extensions>
          <gpxtpx:TrackPointExtension>
            <gpxtpx:Extensions>
              <highway>track</highway>
            </gpxtpx:Extensions>
          </gpxtpx:TrackPointExtension>
        </extensions>
      </trkpt>
      <trkpt lat="43.456895" lon="-3.938501">
        <ele>68.48</ele>
        <time>2026-08-06T18:50:27.031Z</time>
        <extensions>
          <gpxtpx:TrackPointExtension>
            <gpxtpx:Extensions>
              <highway>track</highway>
            </gpxtpx:Extensions>
          </gpxtpx:TrackPointExtension>
        </extensions>
      </trkpt>
      <trkpt lat="43.456951" lon="-3.938543">
        <ele>68.1</ele>
        <time>2026-08-06T18:50:30.475Z</time>
        <extensions>
          <gpxtpx:TrackPointExtension>
            <gpxtpx:Extensions>
              <highway>track</highway>
            </gpxtpx:Extensions>
          </gpxtpx:TrackPointExtension>
        </extensions>
      </trkpt>
      <trkpt lat="43.457066" lon="-3.938327">
        <ele>68.31</ele>
        <time>2026-08-06T18:50:40.980Z</time>
        <extensions>
          <gpxtpx:TrackPointExtension>
            <gpxtpx:Extensions>
              <highway>track</highway>
            </gpxtpx:Extensions>
          </gpxtpx:TrackPointExtension>
        </extensions>
      </trkpt>
      <trkpt lat="43.457189" lon="-3.937975">
        <ele>68.35</ele>
        <time>2026-08-06T18:50:56.301Z</time>
        <extensions>
          <gpxtpx:TrackPointExtension>
            <gpxtpx:Extensions>
              <highway>track</highway>
            </gpxtpx:Extensions>
          </gpxtpx:TrackPointExtension>
        </extensions>
      </trkpt>
      <trkpt lat="43.457415" lon="-3.93757">
        <ele>67.99</ele>
        <time>2026-08-06T18:51:16.335Z</time>
        <extensions>
          <gpxtpx:TrackPointExtension>
            <gpxtpx:Extensions>
              <highway>track</highway>
            </gpxtpx:Extensions>
          </gpxtpx:TrackPointExtension>
        </extensions>
      </trkpt>
      <trkpt lat="43.457606" lon="-3.937252">
        <ele>67.29</ele>
        <time>2026-08-06T18:51:32.522Z</time>
        <extensions>
          <gpxtpx:TrackPointExtension>
            <gpxtpx:Extensions>
              <highway>track</highway>
            </gpxtpx:Extensions>
          </gpxtpx:TrackPointExtension>
        </extensions>
      </trkpt>
      <trkpt lat="43.457733" lon="-3.936968">
        <ele>65.96</ele>
        <time>2026-08-06T18:51:45.604Z</time>
        <extensions>
          <gpxtpx:TrackPointExtension>
            <gpxtpx:Extensions>
              <highway>track</highway>
            </gpxtpx:Extensions>
          </gpxtpx:TrackPointExtension>
        </extensions>
      </trkpt>
      <trkpt lat="43.457876" lon="-3.936793">
        <ele>64.88</ele>
        <time>2026-08-06T18:51:55.938Z</time>
        <extensions>
          <gpxtpx:TrackPointExtension>
            <gpxtpx:Extensions>
              <highway>track</highway>
            </gpxtpx:Extensions>
          </gpxtpx:TrackPointExtension>
        </extensions>
      </trkpt>
      <trkpt lat="43.457989" lon="-3.936597">
        <ele>64.51</ele>
        <time>2026-08-06T18:52:05.754Z</time>
        <extensions>
          <gpxtpx:TrackPointExtension>
            <gpxtpx:Extensions>
              <highway>track</highway>
            </gpxtpx:Extensions>
          </gpxtpx:TrackPointExtension>
        </extensions>
      </trkpt>
      <trkpt lat="43.458121" lon="-3.936313">
        <ele>63.6</ele>
        <time>2026-08-06T18:52:18.979Z</time>
        <extensions>
          <gpxtpx:TrackPointExtension>
            <gpxtpx:Extensions>
              <highway>track</highway>
            </gpxtpx:Extensions>
          </gpxtpx:TrackPointExtension>
        </extensions>
      </trkpt>
      <trkpt lat="43.458209" lon="-3.935887">
        <ele>62.38</ele>
        <time>2026-08-06T18:52:36.349Z</time>
        <extensions>
          <gpxtpx:TrackPointExtension>
            <gpxtpx:Extensions>
              <highway>track</highway>
            </gpxtpx:Extensions>
          </gpxtpx:TrackPointExtension>
        </extensions>
      </trkpt>
      <trkpt lat="43.458203" lon="-3.9356">
        <ele>60.88</ele>
        <time>2026-08-06T18:52:47.609Z</time>
        <extensions>
          <gpxtpx:TrackPointExtension>
            <gpxtpx:Extensions>
              <highway>track</highway>
            </gpxtpx:Extensions>
          </gpxtpx:TrackPointExtension>
        </extensions>
      </trkpt>
      <trkpt lat="43.45815" lon="-3.935426">
        <ele>59.77</ele>
        <time>2026-08-06T18:52:55.009Z</time>
        <extensions>
          <gpxtpx:TrackPointExtension>
            <gpxtpx:Extensions>
              <highway>track</highway>
            </gpxtpx:Extensions>
          </gpxtpx:TrackPointExtension>
        </extensions>
      </trkpt>
      <trkpt lat="43.458166" lon="-3.935162">
        <ele>58.46</ele>
        <time>2026-08-06T18:53:05.398Z</time>
        <extensions>
          <gpxtpx:TrackPointExtension>
            <gpxtpx:Extensions>
              <highway>track</highway>
            </gpxtpx:Extensions>
          </gpxtpx:TrackPointExtension>
        </extensions>
      </trkpt>
      <trkpt lat="43.458219" lon="-3.934943">
        <ele>56.35</ele>
        <time>2026-08-06T18:53:14.451Z</time>
        <extensions>
          <gpxtpx:TrackPointExtension>
            <gpxtpx:Extensions>
              <highway>track</highway>
            </gpxtpx:Extensions>
          </gpxtpx:TrackPointExtension>
        </extensions>
      </trkpt>
      <trkpt lat="43.458464" lon="-3.934594">
        <ele>55</ele>
        <time>2026-08-06T18:53:33.491Z</time>
        <extensions>
          <gpxtpx:TrackPointExtension>
            <gpxtpx:Extensions>
              <highway>track</highway>
            </gpxtpx:Extensions>
          </gpxtpx:TrackPointExtension>
        </extensions>
      </trkpt>
      <trkpt lat="43.458558" lon="-3.934544">
        <ele>54.9</ele>
        <time>2026-08-06T18:53:38.935Z</time>
        <extensions>
          <gpxtpx:TrackPointExtension>
            <gpxtpx:Extensions>
              <highway>track</highway>
            </gpxtpx:Extensions>
          </gpxtpx:TrackPointExtension>
        </extensions>
      </trkpt>
      <trkpt lat="43.458581" lon="-3.934541">
        <ele>54.8</ele>
        <time>2026-08-06T18:53:40.215Z</time>
        <extensions>
          <gpxtpx:TrackPointExtension>
            <gpxtpx:Extensions>
              <highway>track</highway>
            </gpxtpx:Extensions>
          </gpxtpx:TrackPointExtension>
        </extensions>
      </trkpt>
      <trkpt lat="43.458581" lon="-3.934541">
        <ele>54.8</ele>
        <time>2026-08-06T18:53:40.215Z</time>
        <extensions>
          <gpxtpx:TrackPointExtension>
            <gpxtpx:Extensions>
              <highway>track</highway>
            </gpxtpx:Extensions>
          </gpxtpx:TrackPointExtension>
        </extensions>
      </trkpt>
      <trkpt lat="43.458645" lon="-3.934535">
        <ele>54.52</ele>
        <time>2026-08-06T18:53:43.769Z</time>
        <extensions>
          <gpxtpx:TrackPointExtension>
            <gpxtpx:Extensions>
              <highway>unclassified</highway>
            </gpxtpx:Extensions>
          </gpxtpx:TrackPointExtension>
        </extensions>
      </trkpt>
      <trkpt lat="43.458642" lon="-3.934508">
        <ele>54.66</ele>
        <time>2026-08-06T18:53:44.867Z</time>
        <extensions>
          <gpxtpx:TrackPointExtension>
            <gpxtpx:Extensions>
              <highway>unclassified</highway>
            </gpxtpx:Extensions>
          </gpxtpx:TrackPointExtension>
        </extensions>
      </trkpt>
      <trkpt lat="43.458679" lon="-3.934415">
        <ele>55.01</ele>
        <time>2026-08-06T18:53:49.132Z</time>
        <extensions>
          <gpxtpx:TrackPointExtension>
            <gpxtpx:Extensions>
              <highway>unclassified</highway>
            </gpxtpx:Extensions>
          </gpxtpx:TrackPointExtension>
        </extensions>
      </trkpt>
      <trkpt lat="43.458999" lon="-3.934135">
        <ele>56.53</ele>
        <time>2026-08-06T18:54:10.138Z</time>
        <extensions>
          <gpxtpx:TrackPointExtension>
            <gpxtpx:Extensions>
              <highway>unclassified</highway>
            </gpxtpx:Extensions>
          </gpxtpx:TrackPointExtension>
        </extensions>
      </trkpt>
      <trkpt lat="43.459111" lon="-3.93393">
        <ele>57.95</ele>
        <time>2026-08-06T18:54:20.458Z</time>
        <extensions>
          <gpxtpx:TrackPointExtension>
            <gpxtpx:Extensions>
              <highway>unclassified</highway>
            </gpxtpx:Extensions>
          </gpxtpx:TrackPointExtension>
        </extensions>
      </trkpt>
      <trkpt lat="43.459286" lon="-3.933542">
        <ele>59.22</ele>
        <time>2026-08-06T18:54:38.831Z</time>
        <extensions>
          <gpxtpx:TrackPointExtension>
            <gpxtpx:Extensions>
              <highway>unclassified</highway>
            </gpxtpx:Extensions>
          </gpxtpx:TrackPointExtension>
        </extensions>
      </trkpt>
      <trkpt lat="43.459418" lon="-3.933147">
        <ele>59.95</ele>
        <time>2026-08-06T18:54:56.321Z</time>
        <extensions>
          <gpxtpx:TrackPointExtension>
            <gpxtpx:Extensions>
              <highway>unclassified</highway>
            </gpxtpx:Extensions>
          </gpxtpx:TrackPointExtension>
        </extensions>
      </trkpt>
      <trkpt lat="43.459493" lon="-3.932595">
        <ele>59</ele>
        <time>2026-08-06T18:55:18.909Z</time>
        <extensions>
          <gpxtpx:TrackPointExtension>
            <gpxtpx:Extensions>
              <highway>unclassified</highway>
            </gpxtpx:Extensions>
          </gpxtpx:TrackPointExtension>
        </extensions>
      </trkpt>
      <trkpt lat="43.459662" lon="-3.931787">
        <ele>59.99</ele>
        <time>2026-08-06T18:55:52.730Z</time>
        <extensions>
          <gpxtpx:TrackPointExtension>
            <gpxtpx:Extensions>
              <highway>unclassified</highway>
            </gpxtpx:Extensions>
          </gpxtpx:TrackPointExtension>
        </extensions>
      </trkpt>
      <trkpt lat="43.459772" lon="-3.931152">
        <ele>61.12</ele>
        <time>2026-08-06T18:56:18.987Z</time>
        <extensions>
          <gpxtpx:TrackPointExtension>
            <gpxtpx:Extensions>
              <highway>residential</highway>
            </gpxtpx:Extensions>
          </gpxtpx:TrackPointExtension>
        </extensions>
      </trkpt>
      <trkpt lat="43.459843" lon="-3.930866">
        <ele>62.98</ele>
        <time>2026-08-06T18:56:31.144Z</time>
        <extensions>
          <gpxtpx:TrackPointExtension>
            <gpxtpx:Extensions>
              <highway>residential</highway>
            </gpxtpx:Extensions>
          </gpxtpx:TrackPointExtension>
        </extensions>
      </trkpt>
      <trkpt lat="43.459856" lon="-3.930748">
        <ele>63.46</ele>
        <time>2026-08-06T18:56:35.944Z</time>
        <extensions>
          <gpxtpx:TrackPointExtension>
            <gpxtpx:Extensions>
              <highway>residential</highway>
            </gpxtpx:Extensions>
          </gpxtpx:TrackPointExtension>
        </extensions>
      </trkpt>
      <trkpt lat="43.459874" lon="-3.930268">
        <ele>65.25</ele>
        <time>2026-08-06T18:56:55.276Z</time>
        <extensions>
          <gpxtpx:TrackPointExtension>
            <gpxtpx:Extensions>
              <highway>residential</highway>
            </gpxtpx:Extensions>
          </gpxtpx:TrackPointExtension>
        </extensions>
      </trkpt>
      <trkpt lat="43.459891" lon="-3.930126">
        <ele>66.02</ele>
        <time>2026-08-06T18:57:01.064Z</time>
        <extensions>
          <gpxtpx:TrackPointExtension>
            <gpxtpx:Extensions>
              <highway>residential</highway>
            </gpxtpx:Extensions>
          </gpxtpx:TrackPointExtension>
        </extensions>
      </trkpt>
      <trkpt lat="43.459927" lon="-3.929984">
        <ele>66.13</ele>
        <time>2026-08-06T18:57:07.113Z</time>
        <extensions>
          <gpxtpx:TrackPointExtension>
            <gpxtpx:Extensions>
              <highway>residential</highway>
            </gpxtpx:Extensions>
          </gpxtpx:TrackPointExtension>
        </extensions>
      </trkpt>
      <trkpt lat="43.460015" lon="-3.929754">
        <ele>67.4</ele>
        <time>2026-08-06T18:57:17.570Z</time>
        <extensions>
          <gpxtpx:TrackPointExtension>
            <gpxtpx:Extensions>
              <highway>residential</highway>
            </gpxtpx:Extensions>
          </gpxtpx:TrackPointExtension>
        </extensions>
      </trkpt>
      <trkpt lat="43.460104" lon="-3.92949">
        <ele>68.77</ele>
        <time>2026-08-06T18:57:29.277Z</time>
        <extensions>
          <gpxtpx:TrackPointExtension>
            <gpxtpx:Extensions>
              <highway>residential</highway>
            </gpxtpx:Extensions>
          </gpxtpx:TrackPointExtension>
        </extensions>
      </trkpt>
      <trkpt lat="43.460257" lon="-3.928665">
        <ele>71.23</ele>
        <time>2026-08-06T18:58:03.525Z</time>
        <extensions>
          <gpxtpx:TrackPointExtension>
            <gpxtpx:Extensions>
              <highway>residential</highway>
            </gpxtpx:Extensions>
          </gpxtpx:TrackPointExtension>
        </extensions>
      </trkpt>
      <trkpt lat="43.460273" lon="-3.928521">
        <ele>71.09</ele>
        <time>2026-08-06T18:58:09.384Z</time>
        <extensions>
          <gpxtpx:TrackPointExtension>
            <gpxtpx:Extensions>
              <highway>residential</highway>
            </gpxtpx:Extensions>
          </gpxtpx:TrackPointExtension>
        </extensions>
      </trkpt>
      <trkpt lat="43.460277" lon="-3.92837">
        <ele>71.05</ele>
        <time>2026-08-06T18:58:15.461Z</time>
        <extensions>
          <gpxtpx:TrackPointExtension>
            <gpxtpx:Extensions>
              <highway>residential</highway>
            </gpxtpx:Extensions>
          </gpxtpx:TrackPointExtension>
        </extensions>
      </trkpt>
      <trkpt lat="43.460264" lon="-3.928312">
        <ele>71.06</ele>
        <time>2026-08-06T18:58:17.902Z</time>
        <extensions>
          <gpxtpx:TrackPointExtension>
            <gpxtpx:Extensions>
              <highway>footway</highway>
            </gpxtpx:Extensions>
          </gpxtpx:TrackPointExtension>
        </extensions>
      </trkpt>
      <trkpt lat="43.460356" lon="-3.928205">
        <ele>71</ele>
        <time>2026-08-06T18:58:24.573Z</time>
        <extensions>
          <gpxtpx:TrackPointExtension>
            <gpxtpx:Extensions>
              <highway>footway</highway>
            </gpxtpx:Extensions>
          </gpxtpx:TrackPointExtension>
        </extensions>
      </trkpt>
      <trkpt lat="43.460421" lon="-3.928187">
        <ele>71</ele>
        <time>2026-08-06T18:58:28.246Z</time>
        <extensions>
          <gpxtpx:TrackPointExtension>
            <gpxtpx:Extensions>
              <highway>footway</highway>
            </gpxtpx:Extensions>
          </gpxtpx:TrackPointExtension>
        </extensions>
      </trkpt>
      <trkpt lat="43.460533" lon="-3.927736">
        <ele>70.02</ele>
        <time>2026-08-06T18:58:47.418Z</time>
        <extensions>
          <gpxtpx:TrackPointExtension>
            <gpxtpx:Extensions>
              <highway>residential</highway>
            </gpxtpx:Extensions>
          </gpxtpx:TrackPointExtension>
        </extensions>
      </trkpt>
      <trkpt lat="43.460769" lon="-3.927949">
        <ele>68.91</ele>
        <time>2026-08-06T18:59:03.051Z</time>
        <extensions>
          <gpxtpx:TrackPointExtension>
            <gpxtpx:Extensions>
              <highway>residential</highway>
            </gpxtpx:Extensions>
          </gpxtpx:TrackPointExtension>
        </extensions>
      </trkpt>
    </trkseg>
  </trk>
</gpx>
