<?xml version="1.0" encoding="UTF-8"?>
<gpx version="1.1" creator="Camberas" xmlns="http://www.topografix.com/GPX/1/1">
  <metadata><name>II Trail Navideño Monte Tejas 2026 · 16 km</name><desc>San Felices de Buelna (Cantabria). Salida y meta en la plaza del Ayuntamiento. Convertido de ruta (rtept) a track (trkpt) para Camberas.</desc></metadata>
  <trk><name>Trail Navideño 16 km</name><trkseg>
    <trkpt lat="43.274942" lon="-4.050007"><ele>111.4</ele></trkpt>
    <trkpt lat="43.274912" lon="-4.050022"><ele>111.4</ele></trkpt>
    <trkpt lat="43.274882" lon="-4.050035"><ele>111.4</ele></trkpt>
    <trkpt lat="43.274847" lon="-4.050052"><ele>111.4</ele></trkpt>
    <trkpt lat="43.274813" lon="-4.050062"><ele>111.4</ele></trkpt>
    <trkpt lat="43.274787" lon="-4.050073"><ele>111.4</ele></trkpt>
    <trkpt lat="43.274752" lon="-4.050092"><ele>111.4</ele></trkpt>
    <trkpt lat="43.274727" lon="-4.050102"><ele>111.4</ele></trkpt>
    <trkpt lat="43.2747" lon="-4.050102"><ele>111.4</ele></trkpt>
    <trkpt lat="43.274672" lon="-4.050107"><ele>111.4</ele></trkpt>
    <trkpt lat="43.274647" lon="-4.050112"><ele>111.4</ele></trkpt>
    <trkpt lat="43.27462" lon="-4.050112"><ele>111.4</ele></trkpt>
    <trkpt lat="43.274597" lon="-4.050122"><ele>111.4</ele></trkpt>
    <trkpt lat="43.274572" lon="-4.050127"><ele>111.6</ele></trkpt>
    <trkpt lat="43.274557" lon="-4.050162"><ele>111.6</ele></trkpt>
    <trkpt lat="43.274542" lon="-4.050187"><ele>111.8</ele></trkpt>
    <trkpt lat="43.27452" lon="-4.05021"><ele>111.8</ele></trkpt>
    <trkpt lat="43.274495" lon="-4.050225"><ele>112.0</ele></trkpt>
    <trkpt lat="43.274472" lon="-4.050237"><ele>112.0</ele></trkpt>
    <trkpt lat="43.274447" lon="-4.050252"><ele>112.0</ele></trkpt>
    <trkpt lat="43.274425" lon="-4.050262"><ele>112.0</ele></trkpt>
    <trkpt lat="43.2744" lon="-4.050263"><ele>112.0</ele></trkpt>
    <trkpt lat="43.274375" lon="-4.050257"><ele>112.0</ele></trkpt>
    <trkpt lat="43.274355" lon="-4.050245"><ele>112.0</ele></trkpt>
    <trkpt lat="43.274337" lon="-4.050227"><ele>112.0</ele></trkpt>
    <trkpt lat="43.27432" lon="-4.050203"><ele>112.0</ele></trkpt>
    <trkpt lat="43.274305" lon="-4.050182"><ele>112.0</ele></trkpt>
    <trkpt lat="43.274287" lon="-4.050155"><ele>111.8</ele></trkpt>
    <trkpt lat="43.27427" lon="-4.050132"><ele>111.8</ele></trkpt>
    <trkpt lat="43.274255" lon="-4.050105"><ele>111.8</ele></trkpt>
    <trkpt lat="43.274237" lon="-4.050073"><ele>111.8</ele></trkpt>
    <trkpt lat="43.274222" lon="-4.050047"><ele>111.8</ele></trkpt>
    <trkpt lat="43.274207" lon="-4.050017"><ele>111.8</ele></trkpt>
    <trkpt lat="43.274192" lon="-4.049985"><ele>111.8</ele></trkpt>
    <trkpt lat="43.274177" lon="-4.049955"><ele>111.8</ele></trkpt>
    <trkpt lat="43.27416" lon="-4.049922"><ele>111.8</ele></trkpt>
    <trkpt lat="43.274137" lon="-4.049892"><ele>111.8</ele></trkpt>
    <trkpt lat="43.274117" lon="-4.049862"><ele>111.6</ele></trkpt>
    <trkpt lat="43.274092" lon="-4.049832"><ele>111.6</ele></trkpt>
    <trkpt lat="43.274072" lon="-4.049802"><ele>111.4</ele></trkpt>
    <trkpt lat="43.274047" lon="-4.049772"><ele>111.4</ele></trkpt>
    <trkpt lat="43.274025" lon="-4.049747"><ele>111.4</ele></trkpt>
    <trkpt lat="43.274002" lon="-4.04972"><ele>111.4</ele></trkpt>
    <trkpt lat="43.27398" lon="-4.049692"><ele>111.2</ele></trkpt>
    <trkpt lat="43.273957" lon="-4.049667"><ele>111.2</ele></trkpt>
    <trkpt lat="43.273937" lon="-4.049637"><ele>111.0</ele></trkpt>
    <trkpt lat="43.273902" lon="-4.049595"><ele>111.0</ele></trkpt>
    <trkpt lat="43.273882" lon="-4.049565"><ele>110.8</ele></trkpt>
    <trkpt lat="43.273865" lon="-4.049537"><ele>110.8</ele></trkpt>
    <trkpt lat="43.273847" lon="-4.04951"><ele>110.8</ele></trkpt>
    <trkpt lat="43.273827" lon="-4.049482"><ele>110.8</ele></trkpt>
    <trkpt lat="43.273805" lon="-4.049457"><ele>110.8</ele></trkpt>
    <trkpt lat="43.273787" lon="-4.049427"><ele>110.8</ele></trkpt>
    <trkpt lat="43.273767" lon="-4.049405"><ele>110.8</ele></trkpt>
    <trkpt lat="43.273752" lon="-4.049378"><ele>110.6</ele></trkpt>
    <trkpt lat="43.273735" lon="-4.049352"><ele>110.6</ele></trkpt>
    <trkpt lat="43.27372" lon="-4.049327"><ele>110.6</ele></trkpt>
    <trkpt lat="43.273702" lon="-4.049302"><ele>110.6</ele></trkpt>
    <trkpt lat="43.273682" lon="-4.049275"><ele>110.6</ele></trkpt>
    <trkpt lat="43.273667" lon="-4.049248"><ele>110.6</ele></trkpt>
    <trkpt lat="43.273647" lon="-4.049222"><ele>110.6</ele></trkpt>
    <trkpt lat="43.273627" lon="-4.0492"><ele>110.4</ele></trkpt>
    <trkpt lat="43.273607" lon="-4.049177"><ele>110.4</ele></trkpt>
    <trkpt lat="43.27359" lon="-4.049147"><ele>110.4</ele></trkpt>
    <trkpt lat="43.273567" lon="-4.049123"><ele>110.4</ele></trkpt>
    <trkpt lat="43.273547" lon="-4.049097"><ele>110.4</ele></trkpt>
    <trkpt lat="43.273527" lon="-4.04907"><ele>110.6</ele></trkpt>
    <trkpt lat="43.273512" lon="-4.049047"><ele>110.8</ele></trkpt>
    <trkpt lat="43.273492" lon="-4.049025"><ele>110.6</ele></trkpt>
    <trkpt lat="43.273477" lon="-4.049005"><ele>110.6</ele></trkpt>
    <trkpt lat="43.27346" lon="-4.048982"><ele>110.8</ele></trkpt>
    <trkpt lat="43.273442" lon="-4.048957"><ele>110.8</ele></trkpt>
    <trkpt lat="43.273427" lon="-4.048932"><ele>110.6</ele></trkpt>
    <trkpt lat="43.273407" lon="-4.048907"><ele>110.6</ele></trkpt>
    <trkpt lat="43.27339" lon="-4.048882"><ele>110.6</ele></trkpt>
    <trkpt lat="43.273372" lon="-4.048855"><ele>110.6</ele></trkpt>
    <trkpt lat="43.273352" lon="-4.048827"><ele>110.6</ele></trkpt>
    <trkpt lat="43.273337" lon="-4.048797"><ele>110.6</ele></trkpt>
    <trkpt lat="43.273317" lon="-4.048762"><ele>110.6</ele></trkpt>
    <trkpt lat="43.273297" lon="-4.048737"><ele>110.6</ele></trkpt>
    <trkpt lat="43.273277" lon="-4.048707"><ele>110.8</ele></trkpt>
    <trkpt lat="43.27326" lon="-4.048678"><ele>110.8</ele></trkpt>
    <trkpt lat="43.273242" lon="-4.048655"><ele>110.8</ele></trkpt>
    <trkpt lat="43.273222" lon="-4.048622"><ele>110.8</ele></trkpt>
    <trkpt lat="43.273207" lon="-4.048597"><ele>111.0</ele></trkpt>
    <trkpt lat="43.27319" lon="-4.048567"><ele>111.0</ele></trkpt>
    <trkpt lat="43.27317" lon="-4.048535"><ele>111.0</ele></trkpt>
    <trkpt lat="43.273152" lon="-4.048507"><ele>111.0</ele></trkpt>
    <trkpt lat="43.273135" lon="-4.048477"><ele>111.0</ele></trkpt>
    <trkpt lat="43.273115" lon="-4.048452"><ele>111.0</ele></trkpt>
    <trkpt lat="43.2731" lon="-4.048427"><ele>111.0</ele></trkpt>
    <trkpt lat="43.273077" lon="-4.048397"><ele>111.0</ele></trkpt>
    <trkpt lat="43.273062" lon="-4.048375"><ele>111.0</ele></trkpt>
    <trkpt lat="43.273042" lon="-4.048345"><ele>111.0</ele></trkpt>
    <trkpt lat="43.273022" lon="-4.04832"><ele>111.0</ele></trkpt>
    <trkpt lat="43.273007" lon="-4.048297"><ele>111.0</ele></trkpt>
    <trkpt lat="43.272987" lon="-4.048267"><ele>111.0</ele></trkpt>
    <trkpt lat="43.272967" lon="-4.048242"><ele>111.2</ele></trkpt>
    <trkpt lat="43.272952" lon="-4.048212"><ele>111.2</ele></trkpt>
    <trkpt lat="43.272932" lon="-4.048182"><ele>111.2</ele></trkpt>
    <trkpt lat="43.272913" lon="-4.048155"><ele>111.2</ele></trkpt>
    <trkpt lat="43.272897" lon="-4.048125"><ele>111.2</ele></trkpt>
    <trkpt lat="43.272877" lon="-4.048097"><ele>111.2</ele></trkpt>
    <trkpt lat="43.272862" lon="-4.048072"><ele>111.2</ele></trkpt>
    <trkpt lat="43.272843" lon="-4.048042"><ele>111.2</ele></trkpt>
    <trkpt lat="43.272827" lon="-4.048017"><ele>111.2</ele></trkpt>
    <trkpt lat="43.27281" lon="-4.047992"><ele>111.2</ele></trkpt>
    <trkpt lat="43.272792" lon="-4.047965"><ele>111.2</ele></trkpt>
    <trkpt lat="43.272775" lon="-4.04794"><ele>111.2</ele></trkpt>
    <trkpt lat="43.272755" lon="-4.047912"><ele>111.2</ele></trkpt>
    <trkpt lat="43.272737" lon="-4.047883"><ele>111.2</ele></trkpt>
    <trkpt lat="43.272717" lon="-4.04786"><ele>111.2</ele></trkpt>
    <trkpt lat="43.272697" lon="-4.047832"><ele>111.2</ele></trkpt>
    <trkpt lat="43.272677" lon="-4.047807"><ele>111.4</ele></trkpt>
    <trkpt lat="43.272657" lon="-4.04778"><ele>111.4</ele></trkpt>
    <trkpt lat="43.27264" lon="-4.047752"><ele>111.4</ele></trkpt>
    <trkpt lat="43.272622" lon="-4.047723"><ele>111.4</ele></trkpt>
    <trkpt lat="43.272602" lon="-4.047697"><ele>111.4</ele></trkpt>
    <trkpt lat="43.272585" lon="-4.04767"><ele>111.4</ele></trkpt>
    <trkpt lat="43.272567" lon="-4.04764"><ele>111.6</ele></trkpt>
    <trkpt lat="43.272547" lon="-4.047612"><ele>111.6</ele></trkpt>
    <trkpt lat="43.272527" lon="-4.047587"><ele>111.6</ele></trkpt>
    <trkpt lat="43.272507" lon="-4.047562"><ele>111.6</ele></trkpt>
    <trkpt lat="43.27249" lon="-4.047537"><ele>111.8</ele></trkpt>
    <trkpt lat="43.272472" lon="-4.047512"><ele>111.8</ele></trkpt>
    <trkpt lat="43.272452" lon="-4.047485"><ele>112.0</ele></trkpt>
    <trkpt lat="43.272435" lon="-4.04746"><ele>112.0</ele></trkpt>
    <trkpt lat="43.272412" lon="-4.047427"><ele>112.0</ele></trkpt>
    <trkpt lat="43.272397" lon="-4.047407"><ele>112.2</ele></trkpt>
    <trkpt lat="43.272377" lon="-4.047377"><ele>112.2</ele></trkpt>
    <trkpt lat="43.27236" lon="-4.047347"><ele>112.2</ele></trkpt>
    <trkpt lat="43.272345" lon="-4.047323"><ele>112.2</ele></trkpt>
    <trkpt lat="43.272322" lon="-4.047295"><ele>112.4</ele></trkpt>
    <trkpt lat="43.272307" lon="-4.047267"><ele>112.4</ele></trkpt>
    <trkpt lat="43.272292" lon="-4.04724"><ele>112.6</ele></trkpt>
    <trkpt lat="43.272272" lon="-4.047212"><ele>112.6</ele></trkpt>
    <trkpt lat="43.27226" lon="-4.047183"><ele>112.6</ele></trkpt>
    <trkpt lat="43.272242" lon="-4.047152"><ele>112.6</ele></trkpt>
    <trkpt lat="43.272227" lon="-4.047127"><ele>112.8</ele></trkpt>
    <trkpt lat="43.272212" lon="-4.047097"><ele>112.8</ele></trkpt>
    <trkpt lat="43.272197" lon="-4.047067"><ele>113.0</ele></trkpt>
    <trkpt lat="43.272182" lon="-4.047042"><ele>113.0</ele></trkpt>
    <trkpt lat="43.272167" lon="-4.047012"><ele>113.2</ele></trkpt>
    <trkpt lat="43.272152" lon="-4.046985"><ele>113.4</ele></trkpt>
    <trkpt lat="43.272137" lon="-4.046957"><ele>113.4</ele></trkpt>
    <trkpt lat="43.272122" lon="-4.046927"><ele>113.6</ele></trkpt>
    <trkpt lat="43.272107" lon="-4.046902"><ele>113.6</ele></trkpt>
    <trkpt lat="43.27209" lon="-4.046877"><ele>114.0</ele></trkpt>
    <trkpt lat="43.272072" lon="-4.046857"><ele>114.2</ele></trkpt>
    <trkpt lat="43.272057" lon="-4.046833"><ele>114.2</ele></trkpt>
    <trkpt lat="43.272037" lon="-4.046812"><ele>114.4</ele></trkpt>
    <trkpt lat="43.272022" lon="-4.046802"><ele>114.8</ele></trkpt>
    <trkpt lat="43.272002" lon="-4.046797"><ele>115.0</ele></trkpt>
    <trkpt lat="43.271982" lon="-4.046807"><ele>115.0</ele></trkpt>
    <trkpt lat="43.271962" lon="-4.046825"><ele>115.4</ele></trkpt>
    <trkpt lat="43.271942" lon="-4.046845"><ele>115.4</ele></trkpt>
    <trkpt lat="43.271922" lon="-4.046867"><ele>115.6</ele></trkpt>
    <trkpt lat="43.271897" lon="-4.046887"><ele>115.6</ele></trkpt>
    <trkpt lat="43.271867" lon="-4.046908"><ele>115.6</ele></trkpt>
    <trkpt lat="43.27184" lon="-4.046932"><ele>115.4</ele></trkpt>
    <trkpt lat="43.271815" lon="-4.04695"><ele>115.4</ele></trkpt>
    <trkpt lat="43.271785" lon="-4.046967"><ele>115.2</ele></trkpt>
    <trkpt lat="43.271757" lon="-4.04698"><ele>115.0</ele></trkpt>
    <trkpt lat="43.271732" lon="-4.046993"><ele>115.0</ele></trkpt>
    <trkpt lat="43.271703" lon="-4.047007"><ele>115.0</ele></trkpt>
    <trkpt lat="43.271677" lon="-4.04702"><ele>114.8</ele></trkpt>
    <trkpt lat="43.271647" lon="-4.047032"><ele>114.8</ele></trkpt>
    <trkpt lat="43.271622" lon="-4.047045"><ele>114.6</ele></trkpt>
    <trkpt lat="43.271592" lon="-4.047057"><ele>114.6</ele></trkpt>
    <trkpt lat="43.271562" lon="-4.047067"><ele>114.4</ele></trkpt>
    <trkpt lat="43.271537" lon="-4.047077"><ele>114.4</ele></trkpt>
    <trkpt lat="43.271507" lon="-4.047092"><ele>114.2</ele></trkpt>
    <trkpt lat="43.271482" lon="-4.0471"><ele>114.2</ele></trkpt>
    <trkpt lat="43.271457" lon="-4.047112"><ele>114.0</ele></trkpt>
    <trkpt lat="43.271427" lon="-4.047122"><ele>113.8</ele></trkpt>
    <trkpt lat="43.271402" lon="-4.04713"><ele>113.8</ele></trkpt>
    <trkpt lat="43.271375" lon="-4.047132"><ele>113.6</ele></trkpt>
    <trkpt lat="43.271347" lon="-4.047137"><ele>113.6</ele></trkpt>
    <trkpt lat="43.271327" lon="-4.047137"><ele>113.4</ele></trkpt>
    <trkpt lat="43.271302" lon="-4.047137"><ele>113.2</ele></trkpt>
    <trkpt lat="43.271277" lon="-4.047142"><ele>113.2</ele></trkpt>
    <trkpt lat="43.271252" lon="-4.047142"><ele>113.0</ele></trkpt>
    <trkpt lat="43.271225" lon="-4.047142"><ele>113.0</ele></trkpt>
    <trkpt lat="43.271202" lon="-4.047147"><ele>112.8</ele></trkpt>
    <trkpt lat="43.271175" lon="-4.047147"><ele>112.8</ele></trkpt>
    <trkpt lat="43.271152" lon="-4.047147"><ele>112.6</ele></trkpt>
    <trkpt lat="43.27113" lon="-4.047147"><ele>112.6</ele></trkpt>
    <trkpt lat="43.271107" lon="-4.047142"><ele>112.4</ele></trkpt>
    <trkpt lat="43.27108" lon="-4.047137"><ele>112.4</ele></trkpt>
    <trkpt lat="43.27105" lon="-4.047137"><ele>112.4</ele></trkpt>
    <trkpt lat="43.271022" lon="-4.047142"><ele>112.2</ele></trkpt>
    <trkpt lat="43.270997" lon="-4.047145"><ele>112.2</ele></trkpt>
    <trkpt lat="43.270965" lon="-4.047147"><ele>112.2</ele></trkpt>
    <trkpt lat="43.270937" lon="-4.047152"><ele>112.2</ele></trkpt>
    <trkpt lat="43.270912" lon="-4.047157"><ele>112.0</ele></trkpt>
    <trkpt lat="43.27089" lon="-4.047172"><ele>112.0</ele></trkpt>
    <trkpt lat="43.27087" lon="-4.047192"><ele>112.0</ele></trkpt>
    <trkpt lat="43.27085" lon="-4.047212"><ele>112.0</ele></trkpt>
    <trkpt lat="43.270827" lon="-4.047237"><ele>112.0</ele></trkpt>
    <trkpt lat="43.270805" lon="-4.047252"><ele>111.8</ele></trkpt>
    <trkpt lat="43.270785" lon="-4.047282"><ele>111.8</ele></trkpt>
    <trkpt lat="43.270767" lon="-4.047312"><ele>111.8</ele></trkpt>
    <trkpt lat="43.270762" lon="-4.047347"><ele>111.6</ele></trkpt>
    <trkpt lat="43.270755" lon="-4.04738"><ele>111.6</ele></trkpt>
    <trkpt lat="43.270747" lon="-4.047412"><ele>111.6</ele></trkpt>
    <trkpt lat="43.270732" lon="-4.047442"><ele>111.6</ele></trkpt>
    <trkpt lat="43.270705" lon="-4.047462"><ele>111.6</ele></trkpt>
    <trkpt lat="43.270692" lon="-4.047487"><ele>111.6</ele></trkpt>
    <trkpt lat="43.270677" lon="-4.047512"><ele>111.6</ele></trkpt>
    <trkpt lat="43.270665" lon="-4.047537"><ele>111.6</ele></trkpt>
    <trkpt lat="43.270645" lon="-4.04756"><ele>111.4</ele></trkpt>
    <trkpt lat="43.270632" lon="-4.047587"><ele>111.4</ele></trkpt>
    <trkpt lat="43.27062" lon="-4.047617"><ele>111.4</ele></trkpt>
    <trkpt lat="43.270605" lon="-4.04765"><ele>111.4</ele></trkpt>
    <trkpt lat="43.270592" lon="-4.04768"><ele>111.4</ele></trkpt>
    <trkpt lat="43.270575" lon="-4.04771"><ele>111.4</ele></trkpt>
    <trkpt lat="43.270563" lon="-4.047737"><ele>111.4</ele></trkpt>
    <trkpt lat="43.270557" lon="-4.047767"><ele>111.4</ele></trkpt>
    <trkpt lat="43.270557" lon="-4.047797"><ele>111.2</ele></trkpt>
    <trkpt lat="43.270567" lon="-4.047827"><ele>111.2</ele></trkpt>
    <trkpt lat="43.270577" lon="-4.04785"><ele>111.2</ele></trkpt>
    <trkpt lat="43.270577" lon="-4.047875"><ele>111.2</ele></trkpt>
    <trkpt lat="43.270562" lon="-4.047907"><ele>111.2</ele></trkpt>
    <trkpt lat="43.270527" lon="-4.04794"><ele>111.2</ele></trkpt>
    <trkpt lat="43.270512" lon="-4.047957"><ele>111.2</ele></trkpt>
    <trkpt lat="43.270492" lon="-4.047972"><ele>111.2</ele></trkpt>
    <trkpt lat="43.27047" lon="-4.047992"><ele>111.4</ele></trkpt>
    <trkpt lat="43.270442" lon="-4.048002"><ele>111.4</ele></trkpt>
    <trkpt lat="43.270415" lon="-4.048008"><ele>111.4</ele></trkpt>
    <trkpt lat="43.270387" lon="-4.048017"><ele>111.4</ele></trkpt>
    <trkpt lat="43.270362" lon="-4.048022"><ele>111.4</ele></trkpt>
    <trkpt lat="43.270335" lon="-4.048032"><ele>111.2</ele></trkpt>
    <trkpt lat="43.27031" lon="-4.048037"><ele>111.2</ele></trkpt>
    <trkpt lat="43.270282" lon="-4.048042"><ele>111.2</ele></trkpt>
    <trkpt lat="43.270257" lon="-4.048047"><ele>111.2</ele></trkpt>
    <trkpt lat="43.270232" lon="-4.048057"><ele>111.2</ele></trkpt>
    <trkpt lat="43.270202" lon="-4.048067"><ele>111.2</ele></trkpt>
    <trkpt lat="43.270177" lon="-4.048077"><ele>111.2</ele></trkpt>
    <trkpt lat="43.27015" lon="-4.048082"><ele>111.2</ele></trkpt>
    <trkpt lat="43.270122" lon="-4.048092"><ele>111.4</ele></trkpt>
    <trkpt lat="43.270097" lon="-4.048097"><ele>111.4</ele></trkpt>
    <trkpt lat="43.270072" lon="-4.048102"><ele>111.4</ele></trkpt>
    <trkpt lat="43.27005" lon="-4.048102"><ele>111.4</ele></trkpt>
    <trkpt lat="43.270032" lon="-4.04809"><ele>111.4</ele></trkpt>
    <trkpt lat="43.270012" lon="-4.048067"><ele>111.4</ele></trkpt>
    <trkpt lat="43.270002" lon="-4.04804"><ele>111.4</ele></trkpt>
    <trkpt lat="43.269992" lon="-4.048007"><ele>111.2</ele></trkpt>
    <trkpt lat="43.269982" lon="-4.047972"><ele>111.2</ele></trkpt>
    <trkpt lat="43.269972" lon="-4.047937"><ele>111.2</ele></trkpt>
    <trkpt lat="43.269965" lon="-4.047902"><ele>111.4</ele></trkpt>
    <trkpt lat="43.269957" lon="-4.047867"><ele>111.4</ele></trkpt>
    <trkpt lat="43.269947" lon="-4.047832"><ele>111.4</ele></trkpt>
    <trkpt lat="43.269935" lon="-4.047802"><ele>111.4</ele></trkpt>
    <trkpt lat="43.269922" lon="-4.047768"><ele>111.4</ele></trkpt>
    <trkpt lat="43.269907" lon="-4.047735"><ele>111.6</ele></trkpt>
    <trkpt lat="43.269897" lon="-4.047703"><ele>111.8</ele></trkpt>
    <trkpt lat="43.269885" lon="-4.047672"><ele>112.0</ele></trkpt>
    <trkpt lat="43.26987" lon="-4.04764"><ele>112.0</ele></trkpt>
    <trkpt lat="43.269857" lon="-4.047607"><ele>112.2</ele></trkpt>
    <trkpt lat="43.269842" lon="-4.047572"><ele>112.4</ele></trkpt>
    <trkpt lat="43.26983" lon="-4.047542"><ele>112.4</ele></trkpt>
    <trkpt lat="43.26982" lon="-4.04751"><ele>112.6</ele></trkpt>
    <trkpt lat="43.269807" lon="-4.047477"><ele>112.6</ele></trkpt>
    <trkpt lat="43.269795" lon="-4.047447"><ele>112.8</ele></trkpt>
    <trkpt lat="43.269782" lon="-4.047412"><ele>113.0</ele></trkpt>
    <trkpt lat="43.269772" lon="-4.047382"><ele>113.2</ele></trkpt>
    <trkpt lat="43.269762" lon="-4.04735"><ele>113.4</ele></trkpt>
    <trkpt lat="43.26975" lon="-4.047315"><ele>113.6</ele></trkpt>
    <trkpt lat="43.269742" lon="-4.047282"><ele>114.0</ele></trkpt>
    <trkpt lat="43.269733" lon="-4.047252"><ele>114.2</ele></trkpt>
    <trkpt lat="43.269725" lon="-4.047217"><ele>114.4</ele></trkpt>
    <trkpt lat="43.269717" lon="-4.047182"><ele>114.6</ele></trkpt>
    <trkpt lat="43.269712" lon="-4.047147"><ele>114.8</ele></trkpt>
    <trkpt lat="43.269705" lon="-4.047115"><ele>115.0</ele></trkpt>
    <trkpt lat="43.2697" lon="-4.04708"><ele>115.2</ele></trkpt>
    <trkpt lat="43.269692" lon="-4.047042"><ele>115.4</ele></trkpt>
    <trkpt lat="43.269687" lon="-4.047012"><ele>115.6</ele></trkpt>
    <trkpt lat="43.26968" lon="-4.04698"><ele>115.6</ele></trkpt>
    <trkpt lat="43.26967" lon="-4.046942"><ele>115.6</ele></trkpt>
    <trkpt lat="43.269662" lon="-4.046905"><ele>115.8</ele></trkpt>
    <trkpt lat="43.269657" lon="-4.046867"><ele>115.8</ele></trkpt>
    <trkpt lat="43.269657" lon="-4.04683"><ele>115.6</ele></trkpt>
    <trkpt lat="43.269655" lon="-4.04679"><ele>115.4</ele></trkpt>
    <trkpt lat="43.269652" lon="-4.046747"><ele>115.4</ele></trkpt>
    <trkpt lat="43.269647" lon="-4.046708"><ele>115.2</ele></trkpt>
    <trkpt lat="43.269647" lon="-4.04667"><ele>115.0</ele></trkpt>
    <trkpt lat="43.269645" lon="-4.04663"><ele>114.8</ele></trkpt>
    <trkpt lat="43.269645" lon="-4.046587"><ele>114.6</ele></trkpt>
    <trkpt lat="43.269647" lon="-4.046542"><ele>114.6</ele></trkpt>
    <trkpt lat="43.269642" lon="-4.046502"><ele>114.4</ele></trkpt>
    <trkpt lat="43.269642" lon="-4.046465"><ele>114.0</ele></trkpt>
    <trkpt lat="43.269642" lon="-4.046427"><ele>114.0</ele></trkpt>
    <trkpt lat="43.269645" lon="-4.046392"><ele>114.0</ele></trkpt>
    <trkpt lat="43.269647" lon="-4.046352"><ele>113.8</ele></trkpt>
    <trkpt lat="43.269647" lon="-4.046317"><ele>113.8</ele></trkpt>
    <trkpt lat="43.269647" lon="-4.046282"><ele>113.6</ele></trkpt>
    <trkpt lat="43.26965" lon="-4.046242"><ele>113.6</ele></trkpt>
    <trkpt lat="43.269652" lon="-4.046212"><ele>113.4</ele></trkpt>
    <trkpt lat="43.269657" lon="-4.046175"><ele>113.4</ele></trkpt>
    <trkpt lat="43.269657" lon="-4.046145"><ele>113.4</ele></trkpt>
    <trkpt lat="43.269655" lon="-4.046117"><ele>113.2</ele></trkpt>
    <trkpt lat="43.269652" lon="-4.046087"><ele>113.2</ele></trkpt>
    <trkpt lat="43.269647" lon="-4.046057"><ele>113.4</ele></trkpt>
    <trkpt lat="43.26963" lon="-4.046037"><ele>114.0</ele></trkpt>
    <trkpt lat="43.269612" lon="-4.046002"><ele>114.4</ele></trkpt>
    <trkpt lat="43.269602" lon="-4.045967"><ele>114.6</ele></trkpt>
    <trkpt lat="43.269595" lon="-4.04594"><ele>115.0</ele></trkpt>
    <trkpt lat="43.269592" lon="-4.045902"><ele>115.8</ele></trkpt>
    <trkpt lat="43.269592" lon="-4.045865"><ele>116.4</ele></trkpt>
    <trkpt lat="43.2696" lon="-4.045832"><ele>117.0</ele></trkpt>
    <trkpt lat="43.269602" lon="-4.045802"><ele>117.6</ele></trkpt>
    <trkpt lat="43.269612" lon="-4.045775"><ele>118.0</ele></trkpt>
    <trkpt lat="43.269617" lon="-4.045745"><ele>118.8</ele></trkpt>
    <trkpt lat="43.269622" lon="-4.045712"><ele>119.4</ele></trkpt>
    <trkpt lat="43.269625" lon="-4.04568"><ele>119.8</ele></trkpt>
    <trkpt lat="43.269627" lon="-4.045638"><ele>120.4</ele></trkpt>
    <trkpt lat="43.269632" lon="-4.045602"><ele>120.8</ele></trkpt>
    <trkpt lat="43.269632" lon="-4.045563"><ele>120.8</ele></trkpt>
    <trkpt lat="43.269632" lon="-4.045532"><ele>121.2</ele></trkpt>
    <trkpt lat="43.269632" lon="-4.045495"><ele>121.4</ele></trkpt>
    <trkpt lat="43.269627" lon="-4.045457"><ele>122.0</ele></trkpt>
    <trkpt lat="43.269622" lon="-4.045415"><ele>122.4</ele></trkpt>
    <trkpt lat="43.269617" lon="-4.045377"><ele>122.8</ele></trkpt>
    <trkpt lat="43.269615" lon="-4.045342"><ele>123.4</ele></trkpt>
    <trkpt lat="43.269617" lon="-4.045308"><ele>124.0</ele></trkpt>
    <trkpt lat="43.269607" lon="-4.045287"><ele>125.6</ele></trkpt>
    <trkpt lat="43.269597" lon="-4.045247"><ele>125.6</ele></trkpt>
    <trkpt lat="43.269578" lon="-4.045207"><ele>125.8</ele></trkpt>
    <trkpt lat="43.26956" lon="-4.045177"><ele>126.2</ele></trkpt>
    <trkpt lat="43.26954" lon="-4.045148"><ele>126.8</ele></trkpt>
    <trkpt lat="43.26952" lon="-4.04513"><ele>127.4</ele></trkpt>
    <trkpt lat="43.2695" lon="-4.045112"><ele>128.0</ele></trkpt>
    <trkpt lat="43.269477" lon="-4.045097"><ele>128.6</ele></trkpt>
    <trkpt lat="43.269455" lon="-4.045078"><ele>129.0</ele></trkpt>
    <trkpt lat="43.269432" lon="-4.045057"><ele>129.8</ele></trkpt>
    <trkpt lat="43.269405" lon="-4.045037"><ele>130.2</ele></trkpt>
    <trkpt lat="43.26938" lon="-4.045022"><ele>130.4</ele></trkpt>
    <trkpt lat="43.269352" lon="-4.045007"><ele>130.8</ele></trkpt>
    <trkpt lat="43.269325" lon="-4.045"><ele>131.4</ele></trkpt>
    <trkpt lat="43.269295" lon="-4.044983"><ele>131.8</ele></trkpt>
    <trkpt lat="43.269267" lon="-4.044972"><ele>132.4</ele></trkpt>
    <trkpt lat="43.26924" lon="-4.044957"><ele>132.8</ele></trkpt>
    <trkpt lat="43.269222" lon="-4.044945"><ele>132.8</ele></trkpt>
    <trkpt lat="43.269205" lon="-4.044932"><ele>133.0</ele></trkpt>
    <trkpt lat="43.269187" lon="-4.044922"><ele>133.0</ele></trkpt>
    <trkpt lat="43.269167" lon="-4.044908"><ele>133.2</ele></trkpt>
    <trkpt lat="43.269132" lon="-4.044882"><ele>133.4</ele></trkpt>
    <trkpt lat="43.269117" lon="-4.044862"><ele>133.6</ele></trkpt>
    <trkpt lat="43.2691" lon="-4.044842"><ele>133.8</ele></trkpt>
    <trkpt lat="43.269082" lon="-4.044817"><ele>134.0</ele></trkpt>
    <trkpt lat="43.269067" lon="-4.044797"><ele>134.2</ele></trkpt>
    <trkpt lat="43.269057" lon="-4.044777"><ele>134.4</ele></trkpt>
    <trkpt lat="43.269043" lon="-4.044752"><ele>134.6</ele></trkpt>
    <trkpt lat="43.269037" lon="-4.044727"><ele>134.8</ele></trkpt>
    <trkpt lat="43.269027" lon="-4.0447"><ele>135.0</ele></trkpt>
    <trkpt lat="43.269022" lon="-4.044672"><ele>135.0</ele></trkpt>
    <trkpt lat="43.269022" lon="-4.04464"><ele>135.2</ele></trkpt>
    <trkpt lat="43.269025" lon="-4.044607"><ele>135.2</ele></trkpt>
    <trkpt lat="43.269032" lon="-4.04457"><ele>135.4</ele></trkpt>
    <trkpt lat="43.269037" lon="-4.044537"><ele>135.4</ele></trkpt>
    <trkpt lat="43.269042" lon="-4.044502"><ele>135.2</ele></trkpt>
    <trkpt lat="43.269043" lon="-4.04447"><ele>135.2</ele></trkpt>
    <trkpt lat="43.269042" lon="-4.044437"><ele>135.2</ele></trkpt>
    <trkpt lat="43.269032" lon="-4.0444"><ele>135.2</ele></trkpt>
    <trkpt lat="43.269025" lon="-4.044367"><ele>135.0</ele></trkpt>
    <trkpt lat="43.269002" lon="-4.044337"><ele>135.0</ele></trkpt>
    <trkpt lat="43.268982" lon="-4.04432"><ele>134.8</ele></trkpt>
    <trkpt lat="43.268962" lon="-4.044297"><ele>134.6</ele></trkpt>
    <trkpt lat="43.268942" lon="-4.044277"><ele>134.2</ele></trkpt>
    <trkpt lat="43.268922" lon="-4.044262"><ele>134.2</ele></trkpt>
    <trkpt lat="43.268902" lon="-4.044242"><ele>134.2</ele></trkpt>
    <trkpt lat="43.26888" lon="-4.044227"><ele>134.2</ele></trkpt>
    <trkpt lat="43.268862" lon="-4.044207"><ele>134.2</ele></trkpt>
    <trkpt lat="43.26884" lon="-4.044187"><ele>134.2</ele></trkpt>
    <trkpt lat="43.268822" lon="-4.044172"><ele>134.2</ele></trkpt>
    <trkpt lat="43.268802" lon="-4.04415"><ele>134.2</ele></trkpt>
    <trkpt lat="43.268782" lon="-4.044127"><ele>134.4</ele></trkpt>
    <trkpt lat="43.268767" lon="-4.044107"><ele>134.4</ele></trkpt>
    <trkpt lat="43.268748" lon="-4.04408"><ele>134.4</ele></trkpt>
    <trkpt lat="43.268732" lon="-4.044057"><ele>134.4</ele></trkpt>
    <trkpt lat="43.268717" lon="-4.044027"><ele>134.6</ele></trkpt>
    <trkpt lat="43.268707" lon="-4.044002"><ele>134.6</ele></trkpt>
    <trkpt lat="43.268692" lon="-4.043972"><ele>134.8</ele></trkpt>
    <trkpt lat="43.268685" lon="-4.043942"><ele>135.0</ele></trkpt>
    <trkpt lat="43.268672" lon="-4.04391"><ele>135.0</ele></trkpt>
    <trkpt lat="43.268665" lon="-4.043882"><ele>135.0</ele></trkpt>
    <trkpt lat="43.268657" lon="-4.043852"><ele>135.0</ele></trkpt>
    <trkpt lat="43.268652" lon="-4.043827"><ele>135.2</ele></trkpt>
    <trkpt lat="43.268647" lon="-4.0438"><ele>135.2</ele></trkpt>
    <trkpt lat="43.268642" lon="-4.043763"><ele>135.2</ele></trkpt>
    <trkpt lat="43.268637" lon="-4.043732"><ele>135.0</ele></trkpt>
    <trkpt lat="43.268637" lon="-4.043697"><ele>135.0</ele></trkpt>
    <trkpt lat="43.268642" lon="-4.043662"><ele>135.0</ele></trkpt>
    <trkpt lat="43.26865" lon="-4.04363"><ele>134.8</ele></trkpt>
    <trkpt lat="43.268662" lon="-4.043602"><ele>134.6</ele></trkpt>
    <trkpt lat="43.26868" lon="-4.043577"><ele>134.4</ele></trkpt>
    <trkpt lat="43.268697" lon="-4.04355"><ele>134.0</ele></trkpt>
    <trkpt lat="43.268712" lon="-4.043517"><ele>133.8</ele></trkpt>
    <trkpt lat="43.268717" lon="-4.043487"><ele>133.6</ele></trkpt>
    <trkpt lat="43.268725" lon="-4.043452"><ele>133.4</ele></trkpt>
    <trkpt lat="43.268727" lon="-4.04342"><ele>133.4</ele></trkpt>
    <trkpt lat="43.26873" lon="-4.04339"><ele>133.2</ele></trkpt>
    <trkpt lat="43.268732" lon="-4.043357"><ele>133.2</ele></trkpt>
    <trkpt lat="43.268732" lon="-4.043332"><ele>133.2</ele></trkpt>
    <trkpt lat="43.268732" lon="-4.043305"><ele>133.4</ele></trkpt>
    <trkpt lat="43.268732" lon="-4.04328"><ele>133.4</ele></trkpt>
    <trkpt lat="43.268732" lon="-4.043255"><ele>133.6</ele></trkpt>
    <trkpt lat="43.268732" lon="-4.043227"><ele>133.8</ele></trkpt>
    <trkpt lat="43.268732" lon="-4.043202"><ele>134.0</ele></trkpt>
    <trkpt lat="43.26873" lon="-4.043177"><ele>134.4</ele></trkpt>
    <trkpt lat="43.268727" lon="-4.043152"><ele>134.6</ele></trkpt>
    <trkpt lat="43.268727" lon="-4.043105"><ele>135.2</ele></trkpt>
    <trkpt lat="43.268727" lon="-4.04307"><ele>135.8</ele></trkpt>
    <trkpt lat="43.268722" lon="-4.043037"><ele>136.6</ele></trkpt>
    <trkpt lat="43.268722" lon="-4.043002"><ele>137.2</ele></trkpt>
    <trkpt lat="43.268717" lon="-4.042958"><ele>138.0</ele></trkpt>
    <trkpt lat="43.268717" lon="-4.042925"><ele>138.6</ele></trkpt>
    <trkpt lat="43.268717" lon="-4.042887"><ele>139.2</ele></trkpt>
    <trkpt lat="43.26871" lon="-4.042857"><ele>140.0</ele></trkpt>
    <trkpt lat="43.268702" lon="-4.042827"><ele>141.0</ele></trkpt>
    <trkpt lat="43.2687" lon="-4.042787"><ele>141.8</ele></trkpt>
    <trkpt lat="43.268697" lon="-4.042748"><ele>142.4</ele></trkpt>
    <trkpt lat="43.268692" lon="-4.042712"><ele>143.2</ele></trkpt>
    <trkpt lat="43.268692" lon="-4.042672"><ele>144.0</ele></trkpt>
    <trkpt lat="43.268687" lon="-4.042635"><ele>144.6</ele></trkpt>
    <trkpt lat="43.268677" lon="-4.042605"><ele>145.0</ele></trkpt>
    <trkpt lat="43.268665" lon="-4.042572"><ele>145.2</ele></trkpt>
    <trkpt lat="43.268647" lon="-4.042532"><ele>145.6</ele></trkpt>
    <trkpt lat="43.26863" lon="-4.042493"><ele>146.0</ele></trkpt>
    <trkpt lat="43.268607" lon="-4.042462"><ele>146.4</ele></trkpt>
    <trkpt lat="43.268592" lon="-4.042437"><ele>146.6</ele></trkpt>
    <trkpt lat="43.268577" lon="-4.042415"><ele>147.2</ele></trkpt>
    <trkpt lat="43.268562" lon="-4.042387"><ele>147.6</ele></trkpt>
    <trkpt lat="43.268547" lon="-4.04235"><ele>147.6</ele></trkpt>
    <trkpt lat="43.268532" lon="-4.04231"><ele>147.8</ele></trkpt>
    <trkpt lat="43.26852" lon="-4.042265"><ele>148.2</ele></trkpt>
    <trkpt lat="43.268512" lon="-4.042242"><ele>148.2</ele></trkpt>
    <trkpt lat="43.26851" lon="-4.042202"><ele>148.6</ele></trkpt>
    <trkpt lat="43.268507" lon="-4.042162"><ele>149.0</ele></trkpt>
    <trkpt lat="43.268502" lon="-4.042122"><ele>149.4</ele></trkpt>
    <trkpt lat="43.268492" lon="-4.042082"><ele>150.0</ele></trkpt>
    <trkpt lat="43.268487" lon="-4.042038"><ele>150.6</ele></trkpt>
    <trkpt lat="43.268482" lon="-4.042002"><ele>151.0</ele></trkpt>
    <trkpt lat="43.268467" lon="-4.041967"><ele>151.4</ele></trkpt>
    <trkpt lat="43.268447" lon="-4.041932"><ele>151.8</ele></trkpt>
    <trkpt lat="43.268435" lon="-4.041917"><ele>152.0</ele></trkpt>
    <trkpt lat="43.268422" lon="-4.041892"><ele>152.2</ele></trkpt>
    <trkpt lat="43.26841" lon="-4.041872"><ele>152.4</ele></trkpt>
    <trkpt lat="43.268385" lon="-4.041837"><ele>152.8</ele></trkpt>
    <trkpt lat="43.26836" lon="-4.04181"><ele>153.2</ele></trkpt>
    <trkpt lat="43.268327" lon="-4.041797"><ele>153.8</ele></trkpt>
    <trkpt lat="43.268307" lon="-4.041832"><ele>154.6</ele></trkpt>
    <trkpt lat="43.268297" lon="-4.041857"><ele>154.8</ele></trkpt>
    <trkpt lat="43.268292" lon="-4.041885"><ele>155.2</ele></trkpt>
    <trkpt lat="43.268285" lon="-4.041912"><ele>155.4</ele></trkpt>
    <trkpt lat="43.268275" lon="-4.041937"><ele>155.6</ele></trkpt>
    <trkpt lat="43.268262" lon="-4.041967"><ele>156.0</ele></trkpt>
    <trkpt lat="43.268252" lon="-4.041992"><ele>156.2</ele></trkpt>
    <trkpt lat="43.268242" lon="-4.042017"><ele>156.2</ele></trkpt>
    <trkpt lat="43.268227" lon="-4.042038"><ele>156.6</ele></trkpt>
    <trkpt lat="43.268212" lon="-4.042057"><ele>157.0</ele></trkpt>
    <trkpt lat="43.268197" lon="-4.042072"><ele>157.2</ele></trkpt>
    <trkpt lat="43.268177" lon="-4.042087"><ele>157.4</ele></trkpt>
    <trkpt lat="43.26816" lon="-4.042095"><ele>157.8</ele></trkpt>
    <trkpt lat="43.268142" lon="-4.042107"><ele>158.0</ele></trkpt>
    <trkpt lat="43.268122" lon="-4.042117"><ele>158.2</ele></trkpt>
    <trkpt lat="43.268105" lon="-4.042127"><ele>158.4</ele></trkpt>
    <trkpt lat="43.268085" lon="-4.042137"><ele>158.8</ele></trkpt>
    <trkpt lat="43.268065" lon="-4.042147"><ele>159.0</ele></trkpt>
    <trkpt lat="43.268047" lon="-4.042157"><ele>159.2</ele></trkpt>
    <trkpt lat="43.268027" lon="-4.042167"><ele>159.4</ele></trkpt>
    <trkpt lat="43.267988" lon="-4.042187"><ele>160.0</ele></trkpt>
    <trkpt lat="43.267972" lon="-4.042197"><ele>160.2</ele></trkpt>
    <trkpt lat="43.267952" lon="-4.042208"><ele>160.4</ele></trkpt>
    <trkpt lat="43.267927" lon="-4.04222"><ele>160.6</ele></trkpt>
    <trkpt lat="43.267907" lon="-4.042227"><ele>161.0</ele></trkpt>
    <trkpt lat="43.267887" lon="-4.042242"><ele>161.2</ele></trkpt>
    <trkpt lat="43.267867" lon="-4.042252"><ele>161.6</ele></trkpt>
    <trkpt lat="43.267847" lon="-4.042262"><ele>161.8</ele></trkpt>
    <trkpt lat="43.267827" lon="-4.042275"><ele>162.4</ele></trkpt>
    <trkpt lat="43.267807" lon="-4.042282"><ele>162.6</ele></trkpt>
    <trkpt lat="43.26779" lon="-4.042293"><ele>162.8</ele></trkpt>
    <trkpt lat="43.26777" lon="-4.042303"><ele>163.0</ele></trkpt>
    <trkpt lat="43.267745" lon="-4.042317"><ele>163.6</ele></trkpt>
    <trkpt lat="43.267725" lon="-4.042327"><ele>163.8</ele></trkpt>
    <trkpt lat="43.267695" lon="-4.042333"><ele>164.4</ele></trkpt>
    <trkpt lat="43.267667" lon="-4.042342"><ele>164.8</ele></trkpt>
    <trkpt lat="43.267637" lon="-4.042347"><ele>165.2</ele></trkpt>
    <trkpt lat="43.267607" lon="-4.042357"><ele>165.4</ele></trkpt>
    <trkpt lat="43.267577" lon="-4.042362"><ele>166.0</ele></trkpt>
    <trkpt lat="43.267552" lon="-4.042367"><ele>166.4</ele></trkpt>
    <trkpt lat="43.267525" lon="-4.042372"><ele>166.8</ele></trkpt>
    <trkpt lat="43.267497" lon="-4.042377"><ele>167.2</ele></trkpt>
    <trkpt lat="43.267472" lon="-4.042375"><ele>167.6</ele></trkpt>
    <trkpt lat="43.267442" lon="-4.042367"><ele>168.0</ele></trkpt>
    <trkpt lat="43.267415" lon="-4.04236"><ele>168.6</ele></trkpt>
    <trkpt lat="43.267387" lon="-4.042342"><ele>169.2</ele></trkpt>
    <trkpt lat="43.26736" lon="-4.042327"><ele>169.6</ele></trkpt>
    <trkpt lat="43.267335" lon="-4.042315"><ele>170.2</ele></trkpt>
    <trkpt lat="43.267312" lon="-4.042297"><ele>170.6</ele></trkpt>
    <trkpt lat="43.267287" lon="-4.042277"><ele>171.2</ele></trkpt>
    <trkpt lat="43.267267" lon="-4.042247"><ele>171.6</ele></trkpt>
    <trkpt lat="43.267245" lon="-4.042222"><ele>172.0</ele></trkpt>
    <trkpt lat="43.267222" lon="-4.042195"><ele>172.4</ele></trkpt>
    <trkpt lat="43.267202" lon="-4.042172"><ele>172.8</ele></trkpt>
    <trkpt lat="43.26718" lon="-4.042147"><ele>173.4</ele></trkpt>
    <trkpt lat="43.267157" lon="-4.042117"><ele>173.8</ele></trkpt>
    <trkpt lat="43.267137" lon="-4.042098"><ele>174.2</ele></trkpt>
    <trkpt lat="43.267117" lon="-4.04208"><ele>174.6</ele></trkpt>
    <trkpt lat="43.267092" lon="-4.042067"><ele>175.0</ele></trkpt>
    <trkpt lat="43.267072" lon="-4.042048"><ele>175.6</ele></trkpt>
    <trkpt lat="43.267047" lon="-4.042037"><ele>176.2</ele></trkpt>
    <trkpt lat="43.267025" lon="-4.042027"><ele>176.6</ele></trkpt>
    <trkpt lat="43.266997" lon="-4.042007"><ele>177.0</ele></trkpt>
    <trkpt lat="43.266972" lon="-4.04199"><ele>177.4</ele></trkpt>
    <trkpt lat="43.266945" lon="-4.041972"><ele>177.8</ele></trkpt>
    <trkpt lat="43.26692" lon="-4.041962"><ele>178.2</ele></trkpt>
    <trkpt lat="43.266895" lon="-4.041943"><ele>178.8</ele></trkpt>
    <trkpt lat="43.266867" lon="-4.04193"><ele>179.2</ele></trkpt>
    <trkpt lat="43.266842" lon="-4.041915"><ele>179.4</ele></trkpt>
    <trkpt lat="43.266815" lon="-4.041902"><ele>179.8</ele></trkpt>
    <trkpt lat="43.266792" lon="-4.04189"><ele>180.4</ele></trkpt>
    <trkpt lat="43.266765" lon="-4.041875"><ele>180.8</ele></trkpt>
    <trkpt lat="43.266737" lon="-4.041862"><ele>181.2</ele></trkpt>
    <trkpt lat="43.266702" lon="-4.041847"><ele>181.6</ele></trkpt>
    <trkpt lat="43.266682" lon="-4.04184"><ele>181.8</ele></trkpt>
    <trkpt lat="43.266662" lon="-4.041827"><ele>181.8</ele></trkpt>
    <trkpt lat="43.26664" lon="-4.041817"><ele>182.2</ele></trkpt>
    <trkpt lat="43.26662" lon="-4.04181"><ele>182.4</ele></trkpt>
    <trkpt lat="43.266597" lon="-4.041802"><ele>182.6</ele></trkpt>
    <trkpt lat="43.266575" lon="-4.041797"><ele>182.8</ele></trkpt>
    <trkpt lat="43.266552" lon="-4.041792"><ele>183.2</ele></trkpt>
    <trkpt lat="43.266527" lon="-4.041783"><ele>183.4</ele></trkpt>
    <trkpt lat="43.266505" lon="-4.04178"><ele>183.6</ele></trkpt>
    <trkpt lat="43.266482" lon="-4.041772"><ele>183.8</ele></trkpt>
    <trkpt lat="43.266457" lon="-4.041762"><ele>184.0</ele></trkpt>
    <trkpt lat="43.266432" lon="-4.041752"><ele>184.0</ele></trkpt>
    <trkpt lat="43.266412" lon="-4.041737"><ele>184.0</ele></trkpt>
    <trkpt lat="43.26639" lon="-4.041717"><ele>184.2</ele></trkpt>
    <trkpt lat="43.26637" lon="-4.041698"><ele>184.2</ele></trkpt>
    <trkpt lat="43.26635" lon="-4.041685"><ele>184.2</ele></trkpt>
    <trkpt lat="43.26632" lon="-4.041687"><ele>184.0</ele></trkpt>
    <trkpt lat="43.266295" lon="-4.041702"><ele>184.0</ele></trkpt>
    <trkpt lat="43.26626" lon="-4.041718"><ele>183.6</ele></trkpt>
    <trkpt lat="43.266227" lon="-4.04174"><ele>183.2</ele></trkpt>
    <trkpt lat="43.266207" lon="-4.041742"><ele>182.8</ele></trkpt>
    <trkpt lat="43.266173" lon="-4.041757"><ele>182.0</ele></trkpt>
    <trkpt lat="43.266147" lon="-4.04176"><ele>181.2</ele></trkpt>
    <trkpt lat="43.26612" lon="-4.041732"><ele>180.2</ele></trkpt>
    <trkpt lat="43.266088" lon="-4.041737"><ele>179.0</ele></trkpt>
    <trkpt lat="43.266077" lon="-4.04176"><ele>178.0</ele></trkpt>
    <trkpt lat="43.266057" lon="-4.041772"><ele>177.0</ele></trkpt>
    <trkpt lat="43.266022" lon="-4.041755"><ele>175.8</ele></trkpt>
    <trkpt lat="43.265997" lon="-4.041735"><ele>174.6</ele></trkpt>
    <trkpt lat="43.265985" lon="-4.041715"><ele>173.8</ele></trkpt>
    <trkpt lat="43.265972" lon="-4.041682"><ele>172.6</ele></trkpt>
    <trkpt lat="43.265957" lon="-4.04164"><ele>171.8</ele></trkpt>
    <trkpt lat="43.265945" lon="-4.041603"><ele>170.8</ele></trkpt>
    <trkpt lat="43.265932" lon="-4.041572"><ele>169.4</ele></trkpt>
    <trkpt lat="43.265917" lon="-4.041537"><ele>168.2</ele></trkpt>
    <trkpt lat="43.265897" lon="-4.041515"><ele>167.2</ele></trkpt>
    <trkpt lat="43.265872" lon="-4.041495"><ele>166.4</ele></trkpt>
    <trkpt lat="43.265845" lon="-4.041487"><ele>165.6</ele></trkpt>
    <trkpt lat="43.265817" lon="-4.041492"><ele>164.8</ele></trkpt>
    <trkpt lat="43.265782" lon="-4.041492"><ele>164.0</ele></trkpt>
    <trkpt lat="43.265762" lon="-4.041495"><ele>163.6</ele></trkpt>
    <trkpt lat="43.265742" lon="-4.041495"><ele>163.0</ele></trkpt>
    <trkpt lat="43.265707" lon="-4.041492"><ele>162.2</ele></trkpt>
    <trkpt lat="43.265672" lon="-4.041477"><ele>161.2</ele></trkpt>
    <trkpt lat="43.265655" lon="-4.041472"><ele>160.8</ele></trkpt>
    <trkpt lat="43.265637" lon="-4.041462"><ele>160.2</ele></trkpt>
    <trkpt lat="43.265622" lon="-4.04145"><ele>159.8</ele></trkpt>
    <trkpt lat="43.265602" lon="-4.041447"><ele>159.2</ele></trkpt>
    <trkpt lat="43.265582" lon="-4.04144"><ele>158.6</ele></trkpt>
    <trkpt lat="43.265562" lon="-4.041432"><ele>158.0</ele></trkpt>
    <trkpt lat="43.265537" lon="-4.041417"><ele>157.4</ele></trkpt>
    <trkpt lat="43.265517" lon="-4.04141"><ele>156.8</ele></trkpt>
    <trkpt lat="43.265497" lon="-4.041403"><ele>156.2</ele></trkpt>
    <trkpt lat="43.265477" lon="-4.041402"><ele>155.4</ele></trkpt>
    <trkpt lat="43.265457" lon="-4.041402"><ele>154.8</ele></trkpt>
    <trkpt lat="43.265437" lon="-4.04141"><ele>154.2</ele></trkpt>
    <trkpt lat="43.265417" lon="-4.041413"><ele>153.6</ele></trkpt>
    <trkpt lat="43.265392" lon="-4.041427"><ele>153.2</ele></trkpt>
    <trkpt lat="43.265372" lon="-4.041442"><ele>152.8</ele></trkpt>
    <trkpt lat="43.265355" lon="-4.04146"><ele>152.4</ele></trkpt>
    <trkpt lat="43.26534" lon="-4.041477"><ele>152.0</ele></trkpt>
    <trkpt lat="43.265307" lon="-4.041502"><ele>151.2</ele></trkpt>
    <trkpt lat="43.265285" lon="-4.041502"><ele>151.0</ele></trkpt>
    <trkpt lat="43.265262" lon="-4.041498"><ele>150.6</ele></trkpt>
    <trkpt lat="43.265242" lon="-4.041488"><ele>150.4</ele></trkpt>
    <trkpt lat="43.265215" lon="-4.041482"><ele>150.2</ele></trkpt>
    <trkpt lat="43.265188" lon="-4.041472"><ele>150.2</ele></trkpt>
    <trkpt lat="43.265167" lon="-4.041462"><ele>149.6</ele></trkpt>
    <trkpt lat="43.265142" lon="-4.041447"><ele>149.6</ele></trkpt>
    <trkpt lat="43.26512" lon="-4.041437"><ele>149.4</ele></trkpt>
    <trkpt lat="43.265095" lon="-4.041425"><ele>149.2</ele></trkpt>
    <trkpt lat="43.265072" lon="-4.041413"><ele>149.0</ele></trkpt>
    <trkpt lat="43.26505" lon="-4.041402"><ele>148.8</ele></trkpt>
    <trkpt lat="43.265022" lon="-4.041387"><ele>148.4</ele></trkpt>
    <trkpt lat="43.264997" lon="-4.041377"><ele>148.2</ele></trkpt>
    <trkpt lat="43.264975" lon="-4.041362"><ele>148.0</ele></trkpt>
    <trkpt lat="43.264947" lon="-4.041352"><ele>148.0</ele></trkpt>
    <trkpt lat="43.264922" lon="-4.041342"><ele>147.6</ele></trkpt>
    <trkpt lat="43.264892" lon="-4.041337"><ele>147.4</ele></trkpt>
    <trkpt lat="43.264867" lon="-4.041337"><ele>147.0</ele></trkpt>
    <trkpt lat="43.264842" lon="-4.041338"><ele>146.8</ele></trkpt>
    <trkpt lat="43.264817" lon="-4.041342"><ele>146.4</ele></trkpt>
    <trkpt lat="43.264792" lon="-4.041342"><ele>146.0</ele></trkpt>
    <trkpt lat="43.264767" lon="-4.041342"><ele>145.8</ele></trkpt>
    <trkpt lat="43.264742" lon="-4.04135"><ele>145.6</ele></trkpt>
    <trkpt lat="43.26472" lon="-4.041355"><ele>145.2</ele></trkpt>
    <trkpt lat="43.264697" lon="-4.041362"><ele>145.2</ele></trkpt>
    <trkpt lat="43.264675" lon="-4.041375"><ele>145.0</ele></trkpt>
    <trkpt lat="43.264652" lon="-4.041387"><ele>144.6</ele></trkpt>
    <trkpt lat="43.26463" lon="-4.041403"><ele>144.4</ele></trkpt>
    <trkpt lat="43.264607" lon="-4.041417"><ele>144.4</ele></trkpt>
    <trkpt lat="43.264583" lon="-4.041427"><ele>144.2</ele></trkpt>
    <trkpt lat="43.264562" lon="-4.041432"><ele>144.0</ele></trkpt>
    <trkpt lat="43.264542" lon="-4.041442"><ele>143.8</ele></trkpt>
    <trkpt lat="43.264517" lon="-4.041447"><ele>143.8</ele></trkpt>
    <trkpt lat="43.264492" lon="-4.041452"><ele>143.6</ele></trkpt>
    <trkpt lat="43.264472" lon="-4.041452"><ele>143.4</ele></trkpt>
    <trkpt lat="43.264445" lon="-4.04145"><ele>143.2</ele></trkpt>
    <trkpt lat="43.264422" lon="-4.041455"><ele>143.0</ele></trkpt>
    <trkpt lat="43.264397" lon="-4.041457"><ele>142.8</ele></trkpt>
    <trkpt lat="43.264375" lon="-4.04146"><ele>142.8</ele></trkpt>
    <trkpt lat="43.264352" lon="-4.041462"><ele>142.6</ele></trkpt>
    <trkpt lat="43.264332" lon="-4.041463"><ele>142.4</ele></trkpt>
    <trkpt lat="43.264312" lon="-4.04147"><ele>142.2</ele></trkpt>
    <trkpt lat="43.264282" lon="-4.041442"><ele>141.8</ele></trkpt>
    <trkpt lat="43.264272" lon="-4.041412"><ele>141.6</ele></trkpt>
    <trkpt lat="43.264267" lon="-4.041377"><ele>141.4</ele></trkpt>
    <trkpt lat="43.264267" lon="-4.041342"><ele>141.2</ele></trkpt>
    <trkpt lat="43.264267" lon="-4.041302"><ele>141.0</ele></trkpt>
    <trkpt lat="43.264262" lon="-4.041262"><ele>140.8</ele></trkpt>
    <trkpt lat="43.264257" lon="-4.041222"><ele>140.6</ele></trkpt>
    <trkpt lat="43.264252" lon="-4.041182"><ele>140.6</ele></trkpt>
    <trkpt lat="43.264245" lon="-4.041147"><ele>140.4</ele></trkpt>
    <trkpt lat="43.26424" lon="-4.041113"><ele>140.4</ele></trkpt>
    <trkpt lat="43.264232" lon="-4.04108"><ele>140.4</ele></trkpt>
    <trkpt lat="43.264225" lon="-4.041047"><ele>140.2</ele></trkpt>
    <trkpt lat="43.264217" lon="-4.041007"><ele>140.2</ele></trkpt>
    <trkpt lat="43.264207" lon="-4.040975"><ele>140.2</ele></trkpt>
    <trkpt lat="43.264197" lon="-4.04094"><ele>140.2</ele></trkpt>
    <trkpt lat="43.264187" lon="-4.040905"><ele>140.2</ele></trkpt>
    <trkpt lat="43.264177" lon="-4.040872"><ele>140.2</ele></trkpt>
    <trkpt lat="43.264165" lon="-4.040835"><ele>140.2</ele></trkpt>
    <trkpt lat="43.264155" lon="-4.040798"><ele>140.2</ele></trkpt>
    <trkpt lat="43.264145" lon="-4.040767"><ele>140.2</ele></trkpt>
    <trkpt lat="43.264135" lon="-4.040727"><ele>140.2</ele></trkpt>
    <trkpt lat="43.264127" lon="-4.040692"><ele>140.2</ele></trkpt>
    <trkpt lat="43.264118" lon="-4.040657"><ele>140.2</ele></trkpt>
    <trkpt lat="43.264112" lon="-4.040622"><ele>140.2</ele></trkpt>
    <trkpt lat="43.264105" lon="-4.040587"><ele>140.2</ele></trkpt>
    <trkpt lat="43.2641" lon="-4.040547"><ele>140.2</ele></trkpt>
    <trkpt lat="43.264095" lon="-4.040512"><ele>140.4</ele></trkpt>
    <trkpt lat="43.26409" lon="-4.040477"><ele>140.4</ele></trkpt>
    <trkpt lat="43.264087" lon="-4.040442"><ele>140.4</ele></trkpt>
    <trkpt lat="43.264082" lon="-4.04041"><ele>140.6</ele></trkpt>
    <trkpt lat="43.264077" lon="-4.040372"><ele>140.8</ele></trkpt>
    <trkpt lat="43.264072" lon="-4.040342"><ele>141.0</ele></trkpt>
    <trkpt lat="43.264065" lon="-4.040307"><ele>141.2</ele></trkpt>
    <trkpt lat="43.26406" lon="-4.040277"><ele>141.4</ele></trkpt>
    <trkpt lat="43.264055" lon="-4.040247"><ele>141.6</ele></trkpt>
    <trkpt lat="43.264052" lon="-4.040207"><ele>141.8</ele></trkpt>
    <trkpt lat="43.264048" lon="-4.040173"><ele>142.0</ele></trkpt>
    <trkpt lat="43.264047" lon="-4.04014"><ele>142.2</ele></trkpt>
    <trkpt lat="43.264042" lon="-4.040105"><ele>142.2</ele></trkpt>
    <trkpt lat="43.264042" lon="-4.040072"><ele>142.4</ele></trkpt>
    <trkpt lat="43.26404" lon="-4.040032"><ele>142.6</ele></trkpt>
    <trkpt lat="43.264032" lon="-4.04"><ele>142.8</ele></trkpt>
    <trkpt lat="43.26403" lon="-4.039963"><ele>143.0</ele></trkpt>
    <trkpt lat="43.264022" lon="-4.039927"><ele>143.2</ele></trkpt>
    <trkpt lat="43.264017" lon="-4.039892"><ele>143.4</ele></trkpt>
    <trkpt lat="43.26401" lon="-4.039855"><ele>143.4</ele></trkpt>
    <trkpt lat="43.264005" lon="-4.039822"><ele>143.6</ele></trkpt>
    <trkpt lat="43.264002" lon="-4.039787"><ele>143.8</ele></trkpt>
    <trkpt lat="43.263997" lon="-4.039752"><ele>143.8</ele></trkpt>
    <trkpt lat="43.263995" lon="-4.039718"><ele>144.0</ele></trkpt>
    <trkpt lat="43.26399" lon="-4.039682"><ele>144.2</ele></trkpt>
    <trkpt lat="43.263987" lon="-4.039647"><ele>144.2</ele></trkpt>
    <trkpt lat="43.263985" lon="-4.039612"><ele>144.6</ele></trkpt>
    <trkpt lat="43.263978" lon="-4.039577"><ele>144.6</ele></trkpt>
    <trkpt lat="43.263977" lon="-4.039542"><ele>144.6</ele></trkpt>
    <trkpt lat="43.263972" lon="-4.039505"><ele>144.6</ele></trkpt>
    <trkpt lat="43.263967" lon="-4.039472"><ele>144.6</ele></trkpt>
    <trkpt lat="43.263962" lon="-4.039437"><ele>144.8</ele></trkpt>
    <trkpt lat="43.263957" lon="-4.039405"><ele>144.8</ele></trkpt>
    <trkpt lat="43.263952" lon="-4.039368"><ele>145.0</ele></trkpt>
    <trkpt lat="43.263947" lon="-4.039332"><ele>145.0</ele></trkpt>
    <trkpt lat="43.263942" lon="-4.039302"><ele>145.2</ele></trkpt>
    <trkpt lat="43.263937" lon="-4.03927"><ele>145.2</ele></trkpt>
    <trkpt lat="43.263927" lon="-4.039237"><ele>145.4</ele></trkpt>
    <trkpt lat="43.263917" lon="-4.039202"><ele>145.6</ele></trkpt>
    <trkpt lat="43.26391" lon="-4.039172"><ele>145.6</ele></trkpt>
    <trkpt lat="43.263892" lon="-4.039142"><ele>145.8</ele></trkpt>
    <trkpt lat="43.263877" lon="-4.039112"><ele>145.8</ele></trkpt>
    <trkpt lat="43.26386" lon="-4.039082"><ele>146.0</ele></trkpt>
    <trkpt lat="43.263842" lon="-4.039052"><ele>145.8</ele></trkpt>
    <trkpt lat="43.263827" lon="-4.039022"><ele>145.6</ele></trkpt>
    <trkpt lat="43.263812" lon="-4.038992"><ele>145.4</ele></trkpt>
    <trkpt lat="43.2638" lon="-4.038962"><ele>145.2</ele></trkpt>
    <trkpt lat="43.263792" lon="-4.038923"><ele>145.0</ele></trkpt>
    <trkpt lat="43.26379" lon="-4.038892"><ele>144.8</ele></trkpt>
    <trkpt lat="43.263797" lon="-4.038862"><ele>144.4</ele></trkpt>
    <trkpt lat="43.263802" lon="-4.038832"><ele>144.2</ele></trkpt>
    <trkpt lat="43.26381" lon="-4.038795"><ele>144.0</ele></trkpt>
    <trkpt lat="43.26382" lon="-4.038762"><ele>143.8</ele></trkpt>
    <trkpt lat="43.26383" lon="-4.038722"><ele>143.4</ele></trkpt>
    <trkpt lat="43.263835" lon="-4.038682"><ele>143.2</ele></trkpt>
    <trkpt lat="43.263842" lon="-4.038642"><ele>143.0</ele></trkpt>
    <trkpt lat="43.263847" lon="-4.038602"><ele>142.4</ele></trkpt>
    <trkpt lat="43.263855" lon="-4.038562"><ele>142.2</ele></trkpt>
    <trkpt lat="43.263855" lon="-4.03852"><ele>142.0</ele></trkpt>
    <trkpt lat="43.263857" lon="-4.038485"><ele>141.8</ele></trkpt>
    <trkpt lat="43.263862" lon="-4.038452"><ele>141.6</ele></trkpt>
    <trkpt lat="43.263862" lon="-4.038417"><ele>141.4</ele></trkpt>
    <trkpt lat="43.263862" lon="-4.038377"><ele>141.2</ele></trkpt>
    <trkpt lat="43.263857" lon="-4.038332"><ele>141.0</ele></trkpt>
    <trkpt lat="43.26386" lon="-4.038287"><ele>140.8</ele></trkpt>
    <trkpt lat="43.263862" lon="-4.038247"><ele>140.6</ele></trkpt>
    <trkpt lat="43.263857" lon="-4.038203"><ele>140.2</ele></trkpt>
    <trkpt lat="43.263847" lon="-4.038162"><ele>140.0</ele></trkpt>
    <trkpt lat="43.263837" lon="-4.03812"><ele>139.8</ele></trkpt>
    <trkpt lat="43.263827" lon="-4.038087"><ele>139.6</ele></trkpt>
    <trkpt lat="43.263812" lon="-4.038047"><ele>139.4</ele></trkpt>
    <trkpt lat="43.263802" lon="-4.038017"><ele>139.2</ele></trkpt>
    <trkpt lat="43.263795" lon="-4.037972"><ele>139.0</ele></trkpt>
    <trkpt lat="43.263777" lon="-4.037938"><ele>139.0</ele></trkpt>
    <trkpt lat="43.263767" lon="-4.037897"><ele>138.8</ele></trkpt>
    <trkpt lat="43.263762" lon="-4.037857"><ele>138.8</ele></trkpt>
    <trkpt lat="43.263757" lon="-4.037812"><ele>138.6</ele></trkpt>
    <trkpt lat="43.263752" lon="-4.037775"><ele>138.6</ele></trkpt>
    <trkpt lat="43.263752" lon="-4.037732"><ele>138.4</ele></trkpt>
    <trkpt lat="43.263747" lon="-4.037692"><ele>138.2</ele></trkpt>
    <trkpt lat="43.263747" lon="-4.037652"><ele>138.0</ele></trkpt>
    <trkpt lat="43.263747" lon="-4.037607"><ele>137.8</ele></trkpt>
    <trkpt lat="43.263742" lon="-4.037567"><ele>137.8</ele></trkpt>
    <trkpt lat="43.263747" lon="-4.037527"><ele>137.4</ele></trkpt>
    <trkpt lat="43.26375" lon="-4.037485"><ele>137.4</ele></trkpt>
    <trkpt lat="43.263752" lon="-4.037447"><ele>137.2</ele></trkpt>
    <trkpt lat="43.263755" lon="-4.037412"><ele>137.2</ele></trkpt>
    <trkpt lat="43.263757" lon="-4.037372"><ele>137.0</ele></trkpt>
    <trkpt lat="43.263757" lon="-4.037337"><ele>137.0</ele></trkpt>
    <trkpt lat="43.263752" lon="-4.037295"><ele>136.8</ele></trkpt>
    <trkpt lat="43.263745" lon="-4.037255"><ele>136.6</ele></trkpt>
    <trkpt lat="43.263737" lon="-4.037218"><ele>136.6</ele></trkpt>
    <trkpt lat="43.263727" lon="-4.037187"><ele>136.2</ele></trkpt>
    <trkpt lat="43.263705" lon="-4.037142"><ele>136.0</ele></trkpt>
    <trkpt lat="43.26369" lon="-4.037105"><ele>135.8</ele></trkpt>
    <trkpt lat="43.263667" lon="-4.03707"><ele>135.6</ele></trkpt>
    <trkpt lat="43.263642" lon="-4.037032"><ele>135.4</ele></trkpt>
    <trkpt lat="43.263622" lon="-4.036997"><ele>135.2</ele></trkpt>
    <trkpt lat="43.263602" lon="-4.036965"><ele>134.8</ele></trkpt>
    <trkpt lat="43.263577" lon="-4.036923"><ele>134.6</ele></trkpt>
    <trkpt lat="43.263547" lon="-4.036882"><ele>134.4</ele></trkpt>
    <trkpt lat="43.263517" lon="-4.036852"><ele>134.2</ele></trkpt>
    <trkpt lat="43.263485" lon="-4.036835"><ele>133.8</ele></trkpt>
    <trkpt lat="43.263447" lon="-4.036825"><ele>133.4</ele></trkpt>
    <trkpt lat="43.263415" lon="-4.036825"><ele>133.0</ele></trkpt>
    <trkpt lat="43.263377" lon="-4.036828"><ele>132.6</ele></trkpt>
    <trkpt lat="43.263347" lon="-4.036837"><ele>132.2</ele></trkpt>
    <trkpt lat="43.263317" lon="-4.03685"><ele>132.0</ele></trkpt>
    <trkpt lat="43.263287" lon="-4.036872"><ele>131.6</ele></trkpt>
    <trkpt lat="43.263262" lon="-4.036897"><ele>131.2</ele></trkpt>
    <trkpt lat="43.263237" lon="-4.036922"><ele>131.0</ele></trkpt>
    <trkpt lat="43.263217" lon="-4.036952"><ele>130.8</ele></trkpt>
    <trkpt lat="43.263202" lon="-4.036982"><ele>130.6</ele></trkpt>
    <trkpt lat="43.26318" lon="-4.03701"><ele>130.4</ele></trkpt>
    <trkpt lat="43.263162" lon="-4.037027"><ele>130.2</ele></trkpt>
    <trkpt lat="43.263137" lon="-4.037047"><ele>130.0</ele></trkpt>
    <trkpt lat="43.26312" lon="-4.037067"><ele>129.8</ele></trkpt>
    <trkpt lat="43.263102" lon="-4.037087"><ele>129.6</ele></trkpt>
    <trkpt lat="43.26309" lon="-4.037107"><ele>129.6</ele></trkpt>
    <trkpt lat="43.263077" lon="-4.037132"><ele>129.6</ele></trkpt>
    <trkpt lat="43.263057" lon="-4.037142"><ele>129.8</ele></trkpt>
    <trkpt lat="43.263045" lon="-4.037162"><ele>130.0</ele></trkpt>
    <trkpt lat="43.26302" lon="-4.037165"><ele>130.0</ele></trkpt>
    <trkpt lat="43.262992" lon="-4.03716"><ele>130.0</ele></trkpt>
    <trkpt lat="43.262965" lon="-4.037152"><ele>130.0</ele></trkpt>
    <trkpt lat="43.26294" lon="-4.03717"><ele>130.2</ele></trkpt>
    <trkpt lat="43.262917" lon="-4.037182"><ele>130.2</ele></trkpt>
    <trkpt lat="43.262892" lon="-4.037182"><ele>130.2</ele></trkpt>
    <trkpt lat="43.262862" lon="-4.037162"><ele>130.2</ele></trkpt>
    <trkpt lat="43.262837" lon="-4.037127"><ele>130.4</ele></trkpt>
    <trkpt lat="43.26283" lon="-4.037102"><ele>130.4</ele></trkpt>
    <trkpt lat="43.26282" lon="-4.037075"><ele>130.6</ele></trkpt>
    <trkpt lat="43.262807" lon="-4.037047"><ele>130.4</ele></trkpt>
    <trkpt lat="43.262795" lon="-4.037017"><ele>130.0</ele></trkpt>
    <trkpt lat="43.26279" lon="-4.03699"><ele>130.0</ele></trkpt>
    <trkpt lat="43.262782" lon="-4.036957"><ele>129.8</ele></trkpt>
    <trkpt lat="43.262782" lon="-4.036927"><ele>129.8</ele></trkpt>
    <trkpt lat="43.26278" lon="-4.0369"><ele>129.8</ele></trkpt>
    <trkpt lat="43.26278" lon="-4.036865"><ele>129.8</ele></trkpt>
    <trkpt lat="43.262777" lon="-4.036832"><ele>130.0</ele></trkpt>
    <trkpt lat="43.262777" lon="-4.036802"><ele>130.2</ele></trkpt>
    <trkpt lat="43.262777" lon="-4.036767"><ele>130.2</ele></trkpt>
    <trkpt lat="43.26278" lon="-4.036733"><ele>130.2</ele></trkpt>
    <trkpt lat="43.262777" lon="-4.036707"><ele>130.2</ele></trkpt>
    <trkpt lat="43.26278" lon="-4.036675"><ele>130.2</ele></trkpt>
    <trkpt lat="43.262777" lon="-4.036648"><ele>130.2</ele></trkpt>
    <trkpt lat="43.262772" lon="-4.036617"><ele>130.4</ele></trkpt>
    <trkpt lat="43.262767" lon="-4.036587"><ele>130.4</ele></trkpt>
    <trkpt lat="43.262762" lon="-4.036557"><ele>130.4</ele></trkpt>
    <trkpt lat="43.262753" lon="-4.03653"><ele>130.4</ele></trkpt>
    <trkpt lat="43.26275" lon="-4.036497"><ele>130.4</ele></trkpt>
    <trkpt lat="43.262742" lon="-4.036467"><ele>130.4</ele></trkpt>
    <trkpt lat="43.262737" lon="-4.036435"><ele>130.4</ele></trkpt>
    <trkpt lat="43.262727" lon="-4.036407"><ele>130.6</ele></trkpt>
    <trkpt lat="43.262722" lon="-4.03638"><ele>130.6</ele></trkpt>
    <trkpt lat="43.262717" lon="-4.036352"><ele>130.6</ele></trkpt>
    <trkpt lat="43.262707" lon="-4.036322"><ele>130.6</ele></trkpt>
    <trkpt lat="43.262697" lon="-4.036297"><ele>130.8</ele></trkpt>
    <trkpt lat="43.262687" lon="-4.036272"><ele>131.0</ele></trkpt>
    <trkpt lat="43.26267" lon="-4.036242"><ele>131.0</ele></trkpt>
    <trkpt lat="43.262655" lon="-4.036212"><ele>131.2</ele></trkpt>
    <trkpt lat="43.262642" lon="-4.036185"><ele>131.2</ele></trkpt>
    <trkpt lat="43.262632" lon="-4.036158"><ele>131.4</ele></trkpt>
    <trkpt lat="43.262617" lon="-4.036138"><ele>131.4</ele></trkpt>
    <trkpt lat="43.262605" lon="-4.036122"><ele>131.4</ele></trkpt>
    <trkpt lat="43.26259" lon="-4.036102"><ele>131.6</ele></trkpt>
    <trkpt lat="43.262577" lon="-4.036082"><ele>131.6</ele></trkpt>
    <trkpt lat="43.262565" lon="-4.036062"><ele>131.8</ele></trkpt>
    <trkpt lat="43.26255" lon="-4.036037"><ele>131.8</ele></trkpt>
    <trkpt lat="43.262537" lon="-4.036012"><ele>131.8</ele></trkpt>
    <trkpt lat="43.262527" lon="-4.035985"><ele>132.0</ele></trkpt>
    <trkpt lat="43.262515" lon="-4.03596"><ele>132.0</ele></trkpt>
    <trkpt lat="43.262507" lon="-4.035932"><ele>132.2</ele></trkpt>
    <trkpt lat="43.262505" lon="-4.035902"><ele>132.2</ele></trkpt>
    <trkpt lat="43.262502" lon="-4.035877"><ele>132.4</ele></trkpt>
    <trkpt lat="43.2625" lon="-4.035827"><ele>132.4</ele></trkpt>
    <trkpt lat="43.262497" lon="-4.035792"><ele>132.4</ele></trkpt>
    <trkpt lat="43.262497" lon="-4.035748"><ele>132.4</ele></trkpt>
    <trkpt lat="43.262497" lon="-4.035712"><ele>132.6</ele></trkpt>
    <trkpt lat="43.2625" lon="-4.035677"><ele>132.6</ele></trkpt>
    <trkpt lat="43.262502" lon="-4.035642"><ele>132.6</ele></trkpt>
    <trkpt lat="43.2625" lon="-4.035605"><ele>132.6</ele></trkpt>
    <trkpt lat="43.262497" lon="-4.035572"><ele>132.8</ele></trkpt>
    <trkpt lat="43.262492" lon="-4.035537"><ele>133.0</ele></trkpt>
    <trkpt lat="43.26249" lon="-4.035502"><ele>133.2</ele></trkpt>
    <trkpt lat="43.262477" lon="-4.03547"><ele>133.6</ele></trkpt>
    <trkpt lat="43.262462" lon="-4.035445"><ele>135.2</ele></trkpt>
    <trkpt lat="43.262447" lon="-4.035412"><ele>135.2</ele></trkpt>
    <trkpt lat="43.262432" lon="-4.035367"><ele>135.6</ele></trkpt>
    <trkpt lat="43.262415" lon="-4.035327"><ele>135.6</ele></trkpt>
    <trkpt lat="43.262407" lon="-4.035287"><ele>135.6</ele></trkpt>
    <trkpt lat="43.262392" lon="-4.035262"><ele>135.8</ele></trkpt>
    <trkpt lat="43.262382" lon="-4.035237"><ele>136.0</ele></trkpt>
    <trkpt lat="43.262362" lon="-4.035212"><ele>136.2</ele></trkpt>
    <trkpt lat="43.262352" lon="-4.035182"><ele>136.4</ele></trkpt>
    <trkpt lat="43.262332" lon="-4.035162"><ele>136.6</ele></trkpt>
    <trkpt lat="43.262317" lon="-4.035142"><ele>136.8</ele></trkpt>
    <trkpt lat="43.262292" lon="-4.035122"><ele>137.0</ele></trkpt>
    <trkpt lat="43.262272" lon="-4.035107"><ele>137.4</ele></trkpt>
    <trkpt lat="43.262255" lon="-4.035092"><ele>137.4</ele></trkpt>
    <trkpt lat="43.262232" lon="-4.035067"><ele>137.8</ele></trkpt>
    <trkpt lat="43.262215" lon="-4.035048"><ele>138.0</ele></trkpt>
    <trkpt lat="43.262197" lon="-4.035028"><ele>138.2</ele></trkpt>
    <trkpt lat="43.262172" lon="-4.035002"><ele>138.8</ele></trkpt>
    <trkpt lat="43.26216" lon="-4.034987"><ele>139.0</ele></trkpt>
    <trkpt lat="43.262135" lon="-4.03496"><ele>139.4</ele></trkpt>
    <trkpt lat="43.262122" lon="-4.03493"><ele>139.8</ele></trkpt>
    <trkpt lat="43.262117" lon="-4.034905"><ele>140.0</ele></trkpt>
    <trkpt lat="43.262107" lon="-4.034877"><ele>140.0</ele></trkpt>
    <trkpt lat="43.2621" lon="-4.034855"><ele>140.0</ele></trkpt>
    <trkpt lat="43.262077" lon="-4.03481"><ele>140.2</ele></trkpt>
    <trkpt lat="43.262065" lon="-4.03479"><ele>140.2</ele></trkpt>
    <trkpt lat="43.262052" lon="-4.034757"><ele>140.4</ele></trkpt>
    <trkpt lat="43.262042" lon="-4.034732"><ele>140.6</ele></trkpt>
    <trkpt lat="43.26203" lon="-4.034708"><ele>140.6</ele></trkpt>
    <trkpt lat="43.262015" lon="-4.034685"><ele>140.6</ele></trkpt>
    <trkpt lat="43.261997" lon="-4.03466"><ele>140.6</ele></trkpt>
    <trkpt lat="43.261982" lon="-4.034633"><ele>140.8</ele></trkpt>
    <trkpt lat="43.261977" lon="-4.034603"><ele>140.8</ele></trkpt>
    <trkpt lat="43.261967" lon="-4.034577"><ele>140.8</ele></trkpt>
    <trkpt lat="43.261955" lon="-4.034542"><ele>140.8</ele></trkpt>
    <trkpt lat="43.261942" lon="-4.034507"><ele>140.8</ele></trkpt>
    <trkpt lat="43.261935" lon="-4.034477"><ele>140.6</ele></trkpt>
    <trkpt lat="43.261922" lon="-4.034447"><ele>140.4</ele></trkpt>
    <trkpt lat="43.261905" lon="-4.034417"><ele>140.2</ele></trkpt>
    <trkpt lat="43.261887" lon="-4.03439"><ele>139.8</ele></trkpt>
    <trkpt lat="43.26187" lon="-4.03436"><ele>139.4</ele></trkpt>
    <trkpt lat="43.261857" lon="-4.034342"><ele>139.0</ele></trkpt>
    <trkpt lat="43.261837" lon="-4.034315"><ele>138.6</ele></trkpt>
    <trkpt lat="43.261815" lon="-4.034292"><ele>138.8</ele></trkpt>
    <trkpt lat="43.261802" lon="-4.034265"><ele>138.8</ele></trkpt>
    <trkpt lat="43.261782" lon="-4.034253"><ele>139.4</ele></trkpt>
    <trkpt lat="43.261767" lon="-4.03423"><ele>140.4</ele></trkpt>
    <trkpt lat="43.261752" lon="-4.034207"><ele>141.6</ele></trkpt>
    <trkpt lat="43.261742" lon="-4.034182"><ele>142.8</ele></trkpt>
    <trkpt lat="43.261722" lon="-4.034158"><ele>143.6</ele></trkpt>
    <trkpt lat="43.261702" lon="-4.034142"><ele>144.4</ele></trkpt>
    <trkpt lat="43.261685" lon="-4.034132"><ele>145.6</ele></trkpt>
    <trkpt lat="43.26167" lon="-4.03411"><ele>146.0</ele></trkpt>
    <trkpt lat="43.261642" lon="-4.0341"><ele>146.0</ele></trkpt>
    <trkpt lat="43.261612" lon="-4.034093"><ele>145.8</ele></trkpt>
    <trkpt lat="43.261587" lon="-4.034087"><ele>145.6</ele></trkpt>
    <trkpt lat="43.261562" lon="-4.034085"><ele>145.4</ele></trkpt>
    <trkpt lat="43.261542" lon="-4.034072"><ele>145.6</ele></trkpt>
    <trkpt lat="43.261517" lon="-4.034067"><ele>145.8</ele></trkpt>
    <trkpt lat="43.261492" lon="-4.034062"><ele>146.0</ele></trkpt>
    <trkpt lat="43.26147" lon="-4.034047"><ele>146.2</ele></trkpt>
    <trkpt lat="43.261447" lon="-4.034037"><ele>146.4</ele></trkpt>
    <trkpt lat="43.261427" lon="-4.034022"><ele>147.0</ele></trkpt>
    <trkpt lat="43.261407" lon="-4.034012"><ele>147.4</ele></trkpt>
    <trkpt lat="43.261385" lon="-4.033997"><ele>147.6</ele></trkpt>
    <trkpt lat="43.261362" lon="-4.033978"><ele>148.6</ele></trkpt>
    <trkpt lat="43.261352" lon="-4.03396"><ele>149.2</ele></trkpt>
    <trkpt lat="43.261337" lon="-4.033933"><ele>150.2</ele></trkpt>
    <trkpt lat="43.261327" lon="-4.033907"><ele>151.2</ele></trkpt>
    <trkpt lat="43.261307" lon="-4.033883"><ele>152.4</ele></trkpt>
    <trkpt lat="43.261287" lon="-4.033872"><ele>153.0</ele></trkpt>
    <trkpt lat="43.26127" lon="-4.033852"><ele>153.6</ele></trkpt>
    <trkpt lat="43.261247" lon="-4.033842"><ele>154.2</ele></trkpt>
    <trkpt lat="43.26123" lon="-4.033832"><ele>155.2</ele></trkpt>
    <trkpt lat="43.26121" lon="-4.033832"><ele>155.6</ele></trkpt>
    <trkpt lat="43.261182" lon="-4.033827"><ele>156.2</ele></trkpt>
    <trkpt lat="43.261157" lon="-4.03382"><ele>156.8</ele></trkpt>
    <trkpt lat="43.261127" lon="-4.033817"><ele>157.4</ele></trkpt>
    <trkpt lat="43.261107" lon="-4.033827"><ele>157.8</ele></trkpt>
    <trkpt lat="43.261082" lon="-4.033837"><ele>158.6</ele></trkpt>
    <trkpt lat="43.261062" lon="-4.033852"><ele>159.2</ele></trkpt>
    <trkpt lat="43.261042" lon="-4.033862"><ele>159.6</ele></trkpt>
    <trkpt lat="43.261027" lon="-4.033872"><ele>160.2</ele></trkpt>
    <trkpt lat="43.261007" lon="-4.033872"><ele>160.8</ele></trkpt>
    <trkpt lat="43.260982" lon="-4.033882"><ele>161.2</ele></trkpt>
    <trkpt lat="43.26096" lon="-4.033887"><ele>161.8</ele></trkpt>
    <trkpt lat="43.260932" lon="-4.0339"><ele>162.2</ele></trkpt>
    <trkpt lat="43.260895" lon="-4.033912"><ele>162.6</ele></trkpt>
    <trkpt lat="43.260867" lon="-4.033912"><ele>162.8</ele></trkpt>
    <trkpt lat="43.260847" lon="-4.033907"><ele>163.0</ele></trkpt>
    <trkpt lat="43.260817" lon="-4.03391"><ele>163.4</ele></trkpt>
    <trkpt lat="43.260777" lon="-4.033907"><ele>163.6</ele></trkpt>
    <trkpt lat="43.260747" lon="-4.033902"><ele>164.0</ele></trkpt>
    <trkpt lat="43.260717" lon="-4.033897"><ele>164.6</ele></trkpt>
    <trkpt lat="43.260687" lon="-4.033882"><ele>165.2</ele></trkpt>
    <trkpt lat="43.260667" lon="-4.03386"><ele>165.8</ele></trkpt>
    <trkpt lat="43.260657" lon="-4.033837"><ele>167.8</ele></trkpt>
    <trkpt lat="43.260637" lon="-4.033832"><ele>168.8</ele></trkpt>
    <trkpt lat="43.2606" lon="-4.033825"><ele>169.2</ele></trkpt>
    <trkpt lat="43.260565" lon="-4.033825"><ele>169.8</ele></trkpt>
    <trkpt lat="43.26054" lon="-4.033827"><ele>170.0</ele></trkpt>
    <trkpt lat="43.260505" lon="-4.03383"><ele>170.4</ele></trkpt>
    <trkpt lat="43.260477" lon="-4.033827"><ele>170.4</ele></trkpt>
    <trkpt lat="43.260452" lon="-4.033832"><ele>170.2</ele></trkpt>
    <trkpt lat="43.260427" lon="-4.033835"><ele>170.2</ele></trkpt>
    <trkpt lat="43.260402" lon="-4.033838"><ele>170.0</ele></trkpt>
    <trkpt lat="43.260382" lon="-4.033835"><ele>170.0</ele></trkpt>
    <trkpt lat="43.260352" lon="-4.033832"><ele>170.2</ele></trkpt>
    <trkpt lat="43.260332" lon="-4.03383"><ele>170.4</ele></trkpt>
    <trkpt lat="43.260305" lon="-4.033832"><ele>170.8</ele></trkpt>
    <trkpt lat="43.260282" lon="-4.03383"><ele>171.4</ele></trkpt>
    <trkpt lat="43.260262" lon="-4.033827"><ele>172.2</ele></trkpt>
    <trkpt lat="43.260232" lon="-4.033842"><ele>173.4</ele></trkpt>
    <trkpt lat="43.260205" lon="-4.033838"><ele>173.6</ele></trkpt>
    <trkpt lat="43.260178" lon="-4.033838"><ele>173.4</ele></trkpt>
    <trkpt lat="43.26016" lon="-4.033832"><ele>173.4</ele></trkpt>
    <trkpt lat="43.260135" lon="-4.033842"><ele>173.0</ele></trkpt>
    <trkpt lat="43.260112" lon="-4.033842"><ele>173.6</ele></trkpt>
    <trkpt lat="43.2601" lon="-4.033862"><ele>174.4</ele></trkpt>
    <trkpt lat="43.260082" lon="-4.033877"><ele>175.6</ele></trkpt>
    <trkpt lat="43.260065" lon="-4.033872"><ele>176.6</ele></trkpt>
    <trkpt lat="43.260045" lon="-4.033877"><ele>178.4</ele></trkpt>
    <trkpt lat="43.260027" lon="-4.033895"><ele>179.6</ele></trkpt>
    <trkpt lat="43.260007" lon="-4.033902"><ele>181.6</ele></trkpt>
    <trkpt lat="43.259977" lon="-4.033902"><ele>182.2</ele></trkpt>
    <trkpt lat="43.259947" lon="-4.033907"><ele>182.6</ele></trkpt>
    <trkpt lat="43.259927" lon="-4.033912"><ele>183.0</ele></trkpt>
    <trkpt lat="43.2599" lon="-4.033912"><ele>183.6</ele></trkpt>
    <trkpt lat="43.259877" lon="-4.033917"><ele>184.2</ele></trkpt>
    <trkpt lat="43.259857" lon="-4.033942"><ele>184.8</ele></trkpt>
    <trkpt lat="43.259837" lon="-4.033975"><ele>185.6</ele></trkpt>
    <trkpt lat="43.25983" lon="-4.034002"><ele>186.0</ele></trkpt>
    <trkpt lat="43.259827" lon="-4.034032"><ele>186.8</ele></trkpt>
    <trkpt lat="43.259817" lon="-4.03406"><ele>187.4</ele></trkpt>
    <trkpt lat="43.259798" lon="-4.034072"><ele>188.0</ele></trkpt>
    <trkpt lat="43.259775" lon="-4.034077"><ele>188.2</ele></trkpt>
    <trkpt lat="43.259752" lon="-4.034092"><ele>188.8</ele></trkpt>
    <trkpt lat="43.259732" lon="-4.034097"><ele>189.4</ele></trkpt>
    <trkpt lat="43.259712" lon="-4.034097"><ele>190.2</ele></trkpt>
    <trkpt lat="43.259697" lon="-4.034117"><ele>191.8</ele></trkpt>
    <trkpt lat="43.259675" lon="-4.034137"><ele>193.2</ele></trkpt>
    <trkpt lat="43.259658" lon="-4.034155"><ele>193.8</ele></trkpt>
    <trkpt lat="43.259642" lon="-4.034165"><ele>194.4</ele></trkpt>
    <trkpt lat="43.259625" lon="-4.034172"><ele>195.4</ele></trkpt>
    <trkpt lat="43.259607" lon="-4.034185"><ele>196.4</ele></trkpt>
    <trkpt lat="43.259585" lon="-4.034207"><ele>197.2</ele></trkpt>
    <trkpt lat="43.259565" lon="-4.034237"><ele>198.0</ele></trkpt>
    <trkpt lat="43.259545" lon="-4.034257"><ele>198.8</ele></trkpt>
    <trkpt lat="43.259522" lon="-4.034267"><ele>199.4</ele></trkpt>
    <trkpt lat="43.259497" lon="-4.034282"><ele>199.8</ele></trkpt>
    <trkpt lat="43.25947" lon="-4.034283"><ele>200.2</ele></trkpt>
    <trkpt lat="43.259445" lon="-4.034295"><ele>200.8</ele></trkpt>
    <trkpt lat="43.25942" lon="-4.034302"><ele>201.4</ele></trkpt>
    <trkpt lat="43.259402" lon="-4.034322"><ele>201.8</ele></trkpt>
    <trkpt lat="43.259385" lon="-4.034352"><ele>202.2</ele></trkpt>
    <trkpt lat="43.25937" lon="-4.034377"><ele>202.8</ele></trkpt>
    <trkpt lat="43.259367" lon="-4.034402"><ele>203.2</ele></trkpt>
    <trkpt lat="43.259357" lon="-4.034427"><ele>203.8</ele></trkpt>
    <trkpt lat="43.259355" lon="-4.034457"><ele>204.6</ele></trkpt>
    <trkpt lat="43.259352" lon="-4.034495"><ele>205.8</ele></trkpt>
    <trkpt lat="43.259347" lon="-4.034518"><ele>206.6</ele></trkpt>
    <trkpt lat="43.259345" lon="-4.034547"><ele>207.6</ele></trkpt>
    <trkpt lat="43.259337" lon="-4.034572"><ele>208.6</ele></trkpt>
    <trkpt lat="43.259332" lon="-4.034597"><ele>209.8</ele></trkpt>
    <trkpt lat="43.25932" lon="-4.03462"><ele>211.2</ele></trkpt>
    <trkpt lat="43.259305" lon="-4.034642"><ele>212.8</ele></trkpt>
    <trkpt lat="43.259292" lon="-4.034667"><ele>214.0</ele></trkpt>
    <trkpt lat="43.259278" lon="-4.034692"><ele>215.4</ele></trkpt>
    <trkpt lat="43.259265" lon="-4.034722"><ele>216.2</ele></trkpt>
    <trkpt lat="43.259247" lon="-4.034732"><ele>216.8</ele></trkpt>
    <trkpt lat="43.259227" lon="-4.03474"><ele>217.2</ele></trkpt>
    <trkpt lat="43.259215" lon="-4.034757"><ele>218.0</ele></trkpt>
    <trkpt lat="43.259193" lon="-4.034772"><ele>218.8</ele></trkpt>
    <trkpt lat="43.259177" lon="-4.034792"><ele>219.2</ele></trkpt>
    <trkpt lat="43.259162" lon="-4.034817"><ele>219.8</ele></trkpt>
    <trkpt lat="43.259142" lon="-4.034837"><ele>220.2</ele></trkpt>
    <trkpt lat="43.259127" lon="-4.034862"><ele>221.2</ele></trkpt>
    <trkpt lat="43.259112" lon="-4.034877"><ele>221.8</ele></trkpt>
    <trkpt lat="43.259095" lon="-4.034902"><ele>222.4</ele></trkpt>
    <trkpt lat="43.259077" lon="-4.034918"><ele>223.0</ele></trkpt>
    <trkpt lat="43.259057" lon="-4.034947"><ele>223.8</ele></trkpt>
    <trkpt lat="43.259037" lon="-4.034957"><ele>224.4</ele></trkpt>
    <trkpt lat="43.259015" lon="-4.034967"><ele>224.8</ele></trkpt>
    <trkpt lat="43.258995" lon="-4.034972"><ele>225.4</ele></trkpt>
    <trkpt lat="43.258965" lon="-4.03498"><ele>226.0</ele></trkpt>
    <trkpt lat="43.258947" lon="-4.035005"><ele>226.2</ele></trkpt>
    <trkpt lat="43.25893" lon="-4.035025"><ele>226.4</ele></trkpt>
    <trkpt lat="43.258905" lon="-4.035052"><ele>227.2</ele></trkpt>
    <trkpt lat="43.258892" lon="-4.035072"><ele>227.8</ele></trkpt>
    <trkpt lat="43.258882" lon="-4.035097"><ele>228.6</ele></trkpt>
    <trkpt lat="43.25887" lon="-4.03512"><ele>228.8</ele></trkpt>
    <trkpt lat="43.258837" lon="-4.03514"><ele>229.4</ele></trkpt>
    <trkpt lat="43.258817" lon="-4.035142"><ele>229.6</ele></trkpt>
    <trkpt lat="43.258797" lon="-4.03514"><ele>229.8</ele></trkpt>
    <trkpt lat="43.258762" lon="-4.035142"><ele>230.0</ele></trkpt>
    <trkpt lat="43.258742" lon="-4.035142"><ele>230.2</ele></trkpt>
    <trkpt lat="43.25871" lon="-4.035135"><ele>230.6</ele></trkpt>
    <trkpt lat="43.258687" lon="-4.03513"><ele>230.6</ele></trkpt>
    <trkpt lat="43.258667" lon="-4.035117"><ele>231.0</ele></trkpt>
    <trkpt lat="43.258652" lon="-4.035102"><ele>231.2</ele></trkpt>
    <trkpt lat="43.25863" lon="-4.03507"><ele>231.4</ele></trkpt>
    <trkpt lat="43.258615" lon="-4.035047"><ele>231.6</ele></trkpt>
    <trkpt lat="43.258597" lon="-4.035028"><ele>231.6</ele></trkpt>
    <trkpt lat="43.258567" lon="-4.034997"><ele>231.8</ele></trkpt>
    <trkpt lat="43.258552" lon="-4.034975"><ele>232.0</ele></trkpt>
    <trkpt lat="43.258537" lon="-4.034953"><ele>232.0</ele></trkpt>
    <trkpt lat="43.258507" lon="-4.034927"><ele>232.2</ele></trkpt>
    <trkpt lat="43.25849" lon="-4.034907"><ele>232.2</ele></trkpt>
    <trkpt lat="43.258472" lon="-4.034895"><ele>232.2</ele></trkpt>
    <trkpt lat="43.258442" lon="-4.034875"><ele>232.2</ele></trkpt>
    <trkpt lat="43.258422" lon="-4.034865"><ele>232.4</ele></trkpt>
    <trkpt lat="43.258407" lon="-4.034848"><ele>232.8</ele></trkpt>
    <trkpt lat="43.25838" lon="-4.034822"><ele>233.4</ele></trkpt>
    <trkpt lat="43.258352" lon="-4.034812"><ele>233.8</ele></trkpt>
    <trkpt lat="43.25833" lon="-4.034792"><ele>234.2</ele></trkpt>
    <trkpt lat="43.25831" lon="-4.034777"><ele>234.6</ele></trkpt>
    <trkpt lat="43.25829" lon="-4.034772"><ele>235.0</ele></trkpt>
    <trkpt lat="43.258272" lon="-4.034762"><ele>235.6</ele></trkpt>
    <trkpt lat="43.258242" lon="-4.034762"><ele>236.0</ele></trkpt>
    <trkpt lat="43.258217" lon="-4.03476"><ele>236.6</ele></trkpt>
    <trkpt lat="43.258197" lon="-4.034777"><ele>237.4</ele></trkpt>
    <trkpt lat="43.258195" lon="-4.034805"><ele>238.0</ele></trkpt>
    <trkpt lat="43.258182" lon="-4.034835"><ele>239.0</ele></trkpt>
    <trkpt lat="43.25817" lon="-4.034857"><ele>239.8</ele></trkpt>
    <trkpt lat="43.25816" lon="-4.03488"><ele>240.6</ele></trkpt>
    <trkpt lat="43.258147" lon="-4.03491"><ele>241.4</ele></trkpt>
    <trkpt lat="43.25813" lon="-4.034932"><ele>242.2</ele></trkpt>
    <trkpt lat="43.258117" lon="-4.034962"><ele>243.0</ele></trkpt>
    <trkpt lat="43.258097" lon="-4.034972"><ele>244.0</ele></trkpt>
    <trkpt lat="43.258085" lon="-4.034992"><ele>244.4</ele></trkpt>
    <trkpt lat="43.258072" lon="-4.035013"><ele>245.2</ele></trkpt>
    <trkpt lat="43.258062" lon="-4.035037"><ele>245.6</ele></trkpt>
    <trkpt lat="43.258042" lon="-4.035052"><ele>246.2</ele></trkpt>
    <trkpt lat="43.258022" lon="-4.035067"><ele>246.4</ele></trkpt>
    <trkpt lat="43.258005" lon="-4.035078"><ele>246.4</ele></trkpt>
    <trkpt lat="43.257982" lon="-4.035097"><ele>246.4</ele></trkpt>
    <trkpt lat="43.257957" lon="-4.035117"><ele>246.8</ele></trkpt>
    <trkpt lat="43.257932" lon="-4.035135"><ele>247.2</ele></trkpt>
    <trkpt lat="43.257917" lon="-4.035152"><ele>247.4</ele></trkpt>
    <trkpt lat="43.257902" lon="-4.035172"><ele>248.0</ele></trkpt>
    <trkpt lat="43.257882" lon="-4.03518"><ele>248.2</ele></trkpt>
    <trkpt lat="43.25786" lon="-4.035187"><ele>248.6</ele></trkpt>
    <trkpt lat="43.257845" lon="-4.035205"><ele>249.6</ele></trkpt>
    <trkpt lat="43.257827" lon="-4.035222"><ele>249.8</ele></trkpt>
    <trkpt lat="43.257807" lon="-4.035242"><ele>250.2</ele></trkpt>
    <trkpt lat="43.257792" lon="-4.035255"><ele>250.6</ele></trkpt>
    <trkpt lat="43.257772" lon="-4.035247"><ele>251.4</ele></trkpt>
    <trkpt lat="43.257772" lon="-4.035222"><ele>252.2</ele></trkpt>
    <trkpt lat="43.257767" lon="-4.035197"><ele>252.6</ele></trkpt>
    <trkpt lat="43.25775" lon="-4.035177"><ele>253.0</ele></trkpt>
    <trkpt lat="43.25773" lon="-4.035172"><ele>253.4</ele></trkpt>
    <trkpt lat="43.257712" lon="-4.035185"><ele>254.0</ele></trkpt>
    <trkpt lat="43.257688" lon="-4.035215"><ele>254.8</ele></trkpt>
    <trkpt lat="43.257672" lon="-4.035232"><ele>255.4</ele></trkpt>
    <trkpt lat="43.257657" lon="-4.035242"><ele>256.0</ele></trkpt>
    <trkpt lat="43.257647" lon="-4.035267"><ele>256.4</ele></trkpt>
    <trkpt lat="43.257642" lon="-4.035297"><ele>257.0</ele></trkpt>
    <trkpt lat="43.257632" lon="-4.035325"><ele>257.2</ele></trkpt>
    <trkpt lat="43.257617" lon="-4.035352"><ele>257.4</ele></trkpt>
    <trkpt lat="43.257602" lon="-4.03537"><ele>257.6</ele></trkpt>
    <trkpt lat="43.257587" lon="-4.035387"><ele>258.0</ele></trkpt>
    <trkpt lat="43.257577" lon="-4.035408"><ele>258.6</ele></trkpt>
    <trkpt lat="43.257565" lon="-4.035432"><ele>259.4</ele></trkpt>
    <trkpt lat="43.257552" lon="-4.035452"><ele>259.8</ele></trkpt>
    <trkpt lat="43.257542" lon="-4.035477"><ele>260.2</ele></trkpt>
    <trkpt lat="43.257525" lon="-4.035502"><ele>260.8</ele></trkpt>
    <trkpt lat="43.257505" lon="-4.035517"><ele>261.6</ele></trkpt>
    <trkpt lat="43.257487" lon="-4.035537"><ele>262.6</ele></trkpt>
    <trkpt lat="43.257477" lon="-4.035567"><ele>263.6</ele></trkpt>
    <trkpt lat="43.257462" lon="-4.035597"><ele>264.6</ele></trkpt>
    <trkpt lat="43.257442" lon="-4.035607"><ele>265.8</ele></trkpt>
    <trkpt lat="43.25743" lon="-4.035632"><ele>266.4</ele></trkpt>
    <trkpt lat="43.257412" lon="-4.03566"><ele>266.8</ele></trkpt>
    <trkpt lat="43.257405" lon="-4.035687"><ele>267.6</ele></trkpt>
    <trkpt lat="43.257385" lon="-4.0357"><ele>268.4</ele></trkpt>
    <trkpt lat="43.25737" lon="-4.035713"><ele>268.8</ele></trkpt>
    <trkpt lat="43.257357" lon="-4.035735"><ele>269.2</ele></trkpt>
    <trkpt lat="43.257355" lon="-4.035762"><ele>269.6</ele></trkpt>
    <trkpt lat="43.257352" lon="-4.035792"><ele>270.0</ele></trkpt>
    <trkpt lat="43.25734" lon="-4.035815"><ele>270.4</ele></trkpt>
    <trkpt lat="43.257317" lon="-4.035815"><ele>270.8</ele></trkpt>
    <trkpt lat="43.257297" lon="-4.035797"><ele>271.6</ele></trkpt>
    <trkpt lat="43.257275" lon="-4.035802"><ele>272.4</ele></trkpt>
    <trkpt lat="43.257262" lon="-4.035837"><ele>273.4</ele></trkpt>
    <trkpt lat="43.257247" lon="-4.035865"><ele>274.2</ele></trkpt>
    <trkpt lat="43.257222" lon="-4.035877"><ele>275.4</ele></trkpt>
    <trkpt lat="43.257202" lon="-4.03587"><ele>276.6</ele></trkpt>
    <trkpt lat="43.25718" lon="-4.035873"><ele>277.6</ele></trkpt>
    <trkpt lat="43.257167" lon="-4.035895"><ele>278.0</ele></trkpt>
    <trkpt lat="43.257152" lon="-4.035917"><ele>278.6</ele></trkpt>
    <trkpt lat="43.257135" lon="-4.035947"><ele>279.4</ele></trkpt>
    <trkpt lat="43.257122" lon="-4.035977"><ele>280.4</ele></trkpt>
    <trkpt lat="43.257105" lon="-4.035995"><ele>281.0</ele></trkpt>
    <trkpt lat="43.25709" lon="-4.036012"><ele>281.4</ele></trkpt>
    <trkpt lat="43.257062" lon="-4.036025"><ele>282.0</ele></trkpt>
    <trkpt lat="43.257042" lon="-4.036025"><ele>282.8</ele></trkpt>
    <trkpt lat="43.257022" lon="-4.03603"><ele>283.6</ele></trkpt>
    <trkpt lat="43.257005" lon="-4.036033"><ele>284.2</ele></trkpt>
    <trkpt lat="43.256985" lon="-4.036032"><ele>284.8</ele></trkpt>
    <trkpt lat="43.256962" lon="-4.036037"><ele>285.4</ele></trkpt>
    <trkpt lat="43.25694" lon="-4.036032"><ele>285.8</ele></trkpt>
    <trkpt lat="43.256917" lon="-4.036032"><ele>286.2</ele></trkpt>
    <trkpt lat="43.256887" lon="-4.036032"><ele>286.8</ele></trkpt>
    <trkpt lat="43.256852" lon="-4.036032"><ele>287.2</ele></trkpt>
    <trkpt lat="43.256832" lon="-4.036032"><ele>287.2</ele></trkpt>
    <trkpt lat="43.256815" lon="-4.036033"><ele>287.4</ele></trkpt>
    <trkpt lat="43.256792" lon="-4.036037"><ele>287.4</ele></trkpt>
    <trkpt lat="43.256773" lon="-4.036037"><ele>287.6</ele></trkpt>
    <trkpt lat="43.256737" lon="-4.036032"><ele>287.8</ele></trkpt>
    <trkpt lat="43.256717" lon="-4.036032"><ele>287.8</ele></trkpt>
    <trkpt lat="43.256697" lon="-4.036027"><ele>288.0</ele></trkpt>
    <trkpt lat="43.256677" lon="-4.036022"><ele>288.2</ele></trkpt>
    <trkpt lat="43.256657" lon="-4.03602"><ele>288.4</ele></trkpt>
    <trkpt lat="43.25664" lon="-4.036012"><ele>288.4</ele></trkpt>
    <trkpt lat="43.256622" lon="-4.03601"><ele>288.6</ele></trkpt>
    <trkpt lat="43.256597" lon="-4.036007"><ele>289.2</ele></trkpt>
    <trkpt lat="43.256577" lon="-4.035997"><ele>289.8</ele></trkpt>
    <trkpt lat="43.256557" lon="-4.035987"><ele>290.4</ele></trkpt>
    <trkpt lat="43.256537" lon="-4.035972"><ele>290.8</ele></trkpt>
    <trkpt lat="43.256515" lon="-4.035952"><ele>291.6</ele></trkpt>
    <trkpt lat="43.256497" lon="-4.035932"><ele>292.2</ele></trkpt>
    <trkpt lat="43.256475" lon="-4.035917"><ele>293.0</ele></trkpt>
    <trkpt lat="43.256455" lon="-4.035912"><ele>293.6</ele></trkpt>
    <trkpt lat="43.256437" lon="-4.035922"><ele>294.2</ele></trkpt>
    <trkpt lat="43.256407" lon="-4.035938"><ele>294.8</ele></trkpt>
    <trkpt lat="43.256382" lon="-4.035955"><ele>295.4</ele></trkpt>
    <trkpt lat="43.256362" lon="-4.035955"><ele>295.8</ele></trkpt>
    <trkpt lat="43.25634" lon="-4.035942"><ele>296.4</ele></trkpt>
    <trkpt lat="43.256322" lon="-4.035922"><ele>296.8</ele></trkpt>
    <trkpt lat="43.256312" lon="-4.035897"><ele>297.2</ele></trkpt>
    <trkpt lat="43.256295" lon="-4.035882"><ele>297.8</ele></trkpt>
    <trkpt lat="43.256272" lon="-4.035862"><ele>299.0</ele></trkpt>
    <trkpt lat="43.25625" lon="-4.035847"><ele>299.6</ele></trkpt>
    <trkpt lat="43.256222" lon="-4.035817"><ele>299.8</ele></trkpt>
    <trkpt lat="43.256207" lon="-4.035797"><ele>300.0</ele></trkpt>
    <trkpt lat="43.256192" lon="-4.035772"><ele>300.6</ele></trkpt>
    <trkpt lat="43.256182" lon="-4.035752"><ele>301.4</ele></trkpt>
    <trkpt lat="43.256165" lon="-4.035732"><ele>302.4</ele></trkpt>
    <trkpt lat="43.25614" lon="-4.035722"><ele>303.2</ele></trkpt>
    <trkpt lat="43.256117" lon="-4.035742"><ele>303.8</ele></trkpt>
    <trkpt lat="43.25609" lon="-4.035772"><ele>304.2</ele></trkpt>
    <trkpt lat="43.256057" lon="-4.035802"><ele>304.4</ele></trkpt>
    <trkpt lat="43.25604" lon="-4.03582"><ele>304.4</ele></trkpt>
    <trkpt lat="43.256025" lon="-4.035837"><ele>304.6</ele></trkpt>
    <trkpt lat="43.256007" lon="-4.035853"><ele>304.8</ele></trkpt>
    <trkpt lat="43.25599" lon="-4.035872"><ele>305.0</ele></trkpt>
    <trkpt lat="43.255977" lon="-4.035892"><ele>305.0</ele></trkpt>
    <trkpt lat="43.255962" lon="-4.035915"><ele>305.2</ele></trkpt>
    <trkpt lat="43.255947" lon="-4.035937"><ele>305.4</ele></trkpt>
    <trkpt lat="43.255932" lon="-4.035955"><ele>305.6</ele></trkpt>
    <trkpt lat="43.25592" lon="-4.035977"><ele>305.8</ele></trkpt>
    <trkpt lat="43.255907" lon="-4.035997"><ele>306.0</ele></trkpt>
    <trkpt lat="43.255887" lon="-4.036033"><ele>306.4</ele></trkpt>
    <trkpt lat="43.255872" lon="-4.03606"><ele>306.6</ele></trkpt>
    <trkpt lat="43.255862" lon="-4.036082"><ele>306.8</ele></trkpt>
    <trkpt lat="43.255835" lon="-4.036125"><ele>307.2</ele></trkpt>
    <trkpt lat="43.255817" lon="-4.036147"><ele>307.6</ele></trkpt>
    <trkpt lat="43.255805" lon="-4.036165"><ele>307.6</ele></trkpt>
    <trkpt lat="43.255787" lon="-4.036182"><ele>308.0</ele></trkpt>
    <trkpt lat="43.25577" lon="-4.036197"><ele>308.2</ele></trkpt>
    <trkpt lat="43.255752" lon="-4.036217"><ele>308.4</ele></trkpt>
    <trkpt lat="43.255735" lon="-4.036233"><ele>308.6</ele></trkpt>
    <trkpt lat="43.255717" lon="-4.036252"><ele>308.8</ele></trkpt>
    <trkpt lat="43.2557" lon="-4.036272"><ele>309.0</ele></trkpt>
    <trkpt lat="43.255682" lon="-4.036287"><ele>309.2</ele></trkpt>
    <trkpt lat="43.255662" lon="-4.036307"><ele>309.4</ele></trkpt>
    <trkpt lat="43.255642" lon="-4.036325"><ele>309.6</ele></trkpt>
    <trkpt lat="43.255622" lon="-4.036335"><ele>309.8</ele></trkpt>
    <trkpt lat="43.2556" lon="-4.036352"><ele>310.0</ele></trkpt>
    <trkpt lat="43.255585" lon="-4.036377"><ele>310.2</ele></trkpt>
    <trkpt lat="43.25557" lon="-4.0364"><ele>310.4</ele></trkpt>
    <trkpt lat="43.255552" lon="-4.036422"><ele>310.6</ele></trkpt>
    <trkpt lat="43.255542" lon="-4.036443"><ele>310.6</ele></trkpt>
    <trkpt lat="43.255532" lon="-4.036465"><ele>310.8</ele></trkpt>
    <trkpt lat="43.255515" lon="-4.036477"><ele>311.0</ele></trkpt>
    <trkpt lat="43.25549" lon="-4.036485"><ele>311.2</ele></trkpt>
    <trkpt lat="43.255462" lon="-4.036495"><ele>311.4</ele></trkpt>
    <trkpt lat="43.255437" lon="-4.036505"><ele>311.8</ele></trkpt>
    <trkpt lat="43.255408" lon="-4.036507"><ele>312.2</ele></trkpt>
    <trkpt lat="43.255387" lon="-4.036512"><ele>312.8</ele></trkpt>
    <trkpt lat="43.255367" lon="-4.036502"><ele>313.4</ele></trkpt>
    <trkpt lat="43.255345" lon="-4.036497"><ele>314.0</ele></trkpt>
    <trkpt lat="43.25532" lon="-4.036502"><ele>314.4</ele></trkpt>
    <trkpt lat="43.255302" lon="-4.036512"><ele>315.0</ele></trkpt>
    <trkpt lat="43.255282" lon="-4.036522"><ele>315.6</ele></trkpt>
    <trkpt lat="43.255257" lon="-4.03653"><ele>315.8</ele></trkpt>
    <trkpt lat="43.255232" lon="-4.036532"><ele>316.0</ele></trkpt>
    <trkpt lat="43.255207" lon="-4.03653"><ele>316.2</ele></trkpt>
    <trkpt lat="43.255183" lon="-4.036527"><ele>316.6</ele></trkpt>
    <trkpt lat="43.255157" lon="-4.036532"><ele>317.0</ele></trkpt>
    <trkpt lat="43.255137" lon="-4.036557"><ele>317.6</ele></trkpt>
    <trkpt lat="43.255117" lon="-4.036582"><ele>317.8</ele></trkpt>
    <trkpt lat="43.2551" lon="-4.036607"><ele>318.0</ele></trkpt>
    <trkpt lat="43.255072" lon="-4.036627"><ele>318.2</ele></trkpt>
    <trkpt lat="43.255052" lon="-4.036637"><ele>318.2</ele></trkpt>
    <trkpt lat="43.255027" lon="-4.036652"><ele>318.2</ele></trkpt>
    <trkpt lat="43.255012" lon="-4.036672"><ele>318.0</ele></trkpt>
    <trkpt lat="43.254997" lon="-4.036695"><ele>317.8</ele></trkpt>
    <trkpt lat="43.254982" lon="-4.036712"><ele>318.0</ele></trkpt>
    <trkpt lat="43.254962" lon="-4.03673"><ele>318.0</ele></trkpt>
    <trkpt lat="43.254952" lon="-4.03676"><ele>318.4</ele></trkpt>
    <trkpt lat="43.254942" lon="-4.036787"><ele>318.6</ele></trkpt>
    <trkpt lat="43.254945" lon="-4.036817"><ele>318.8</ele></trkpt>
    <trkpt lat="43.254947" lon="-4.036842"><ele>318.6</ele></trkpt>
    <trkpt lat="43.254947" lon="-4.036887"><ele>318.4</ele></trkpt>
    <trkpt lat="43.254947" lon="-4.036917"><ele>318.4</ele></trkpt>
    <trkpt lat="43.254947" lon="-4.036942"><ele>318.4</ele></trkpt>
    <trkpt lat="43.254942" lon="-4.036977"><ele>318.8</ele></trkpt>
    <trkpt lat="43.254927" lon="-4.037012"><ele>320.0</ele></trkpt>
    <trkpt lat="43.254917" lon="-4.037037"><ele>320.6</ele></trkpt>
    <trkpt lat="43.25491" lon="-4.037072"><ele>321.2</ele></trkpt>
    <trkpt lat="43.254912" lon="-4.037102"><ele>322.0</ele></trkpt>
    <trkpt lat="43.254912" lon="-4.037155"><ele>322.4</ele></trkpt>
    <trkpt lat="43.254907" lon="-4.037185"><ele>322.6</ele></trkpt>
    <trkpt lat="43.25491" lon="-4.037212"><ele>322.8</ele></trkpt>
    <trkpt lat="43.254915" lon="-4.037242"><ele>322.8</ele></trkpt>
    <trkpt lat="43.254927" lon="-4.03727"><ele>322.8</ele></trkpt>
    <trkpt lat="43.254937" lon="-4.037295"><ele>323.0</ele></trkpt>
    <trkpt lat="43.254952" lon="-4.03732"><ele>323.2</ele></trkpt>
    <trkpt lat="43.254967" lon="-4.037342"><ele>323.2</ele></trkpt>
    <trkpt lat="43.254977" lon="-4.037368"><ele>323.2</ele></trkpt>
    <trkpt lat="43.254987" lon="-4.037397"><ele>323.2</ele></trkpt>
    <trkpt lat="43.254995" lon="-4.037422"><ele>323.4</ele></trkpt>
    <trkpt lat="43.255007" lon="-4.037462"><ele>323.6</ele></trkpt>
    <trkpt lat="43.255027" lon="-4.03749"><ele>324.2</ele></trkpt>
    <trkpt lat="43.255045" lon="-4.037517"><ele>324.8</ele></trkpt>
    <trkpt lat="43.255062" lon="-4.037537"><ele>324.8</ele></trkpt>
    <trkpt lat="43.255082" lon="-4.03755"><ele>324.8</ele></trkpt>
    <trkpt lat="43.255117" lon="-4.037562"><ele>324.4</ele></trkpt>
    <trkpt lat="43.25514" lon="-4.037567"><ele>324.0</ele></trkpt>
    <trkpt lat="43.255157" lon="-4.037572"><ele>324.2</ele></trkpt>
    <trkpt lat="43.255187" lon="-4.037575"><ele>324.6</ele></trkpt>
    <trkpt lat="43.255207" lon="-4.037575"><ele>324.8</ele></trkpt>
    <trkpt lat="43.25523" lon="-4.037582"><ele>325.2</ele></trkpt>
    <trkpt lat="43.255247" lon="-4.037597"><ele>325.8</ele></trkpt>
    <trkpt lat="43.255262" lon="-4.037617"><ele>326.2</ele></trkpt>
    <trkpt lat="43.255277" lon="-4.037637"><ele>326.8</ele></trkpt>
    <trkpt lat="43.255297" lon="-4.037652"><ele>327.2</ele></trkpt>
    <trkpt lat="43.25532" lon="-4.037667"><ele>327.6</ele></trkpt>
    <trkpt lat="43.255337" lon="-4.037677"><ele>328.0</ele></trkpt>
    <trkpt lat="43.255355" lon="-4.0377"><ele>328.6</ele></trkpt>
    <trkpt lat="43.255372" lon="-4.037712"><ele>329.0</ele></trkpt>
    <trkpt lat="43.25539" lon="-4.037737"><ele>329.2</ele></trkpt>
    <trkpt lat="43.255412" lon="-4.037767"><ele>329.0</ele></trkpt>
    <trkpt lat="43.25543" lon="-4.037802"><ele>328.8</ele></trkpt>
    <trkpt lat="43.255437" lon="-4.037837"><ele>328.4</ele></trkpt>
    <trkpt lat="43.255442" lon="-4.037867"><ele>328.4</ele></trkpt>
    <trkpt lat="43.255447" lon="-4.037907"><ele>328.4</ele></trkpt>
    <trkpt lat="43.255457" lon="-4.037942"><ele>328.6</ele></trkpt>
    <trkpt lat="43.255467" lon="-4.037968"><ele>328.8</ele></trkpt>
    <trkpt lat="43.255472" lon="-4.037997"><ele>329.0</ele></trkpt>
    <trkpt lat="43.255465" lon="-4.038022"><ele>329.2</ele></trkpt>
    <trkpt lat="43.255447" lon="-4.038037"><ele>329.6</ele></trkpt>
    <trkpt lat="43.255427" lon="-4.038032"><ele>330.0</ele></trkpt>
    <trkpt lat="43.255405" lon="-4.038022"><ele>330.4</ele></trkpt>
    <trkpt lat="43.255377" lon="-4.038012"><ele>331.0</ele></trkpt>
    <trkpt lat="43.255355" lon="-4.038007"><ele>332.0</ele></trkpt>
    <trkpt lat="43.255332" lon="-4.038012"><ele>332.4</ele></trkpt>
    <trkpt lat="43.255312" lon="-4.038"><ele>333.0</ele></trkpt>
    <trkpt lat="43.255295" lon="-4.037972"><ele>333.6</ele></trkpt>
    <trkpt lat="43.255272" lon="-4.037952"><ele>334.2</ele></trkpt>
    <trkpt lat="43.255245" lon="-4.037942"><ele>334.6</ele></trkpt>
    <trkpt lat="43.255212" lon="-4.03793"><ele>334.8</ele></trkpt>
    <trkpt lat="43.255182" lon="-4.037937"><ele>335.2</ele></trkpt>
    <trkpt lat="43.255165" lon="-4.037947"><ele>335.6</ele></trkpt>
    <trkpt lat="43.255147" lon="-4.03796"><ele>336.2</ele></trkpt>
    <trkpt lat="43.255132" lon="-4.037977"><ele>337.0</ele></trkpt>
    <trkpt lat="43.255115" lon="-4.037993"><ele>338.4</ele></trkpt>
    <trkpt lat="43.255097" lon="-4.038002"><ele>340.2</ele></trkpt>
    <trkpt lat="43.25508" lon="-4.038017"><ele>341.6</ele></trkpt>
    <trkpt lat="43.255062" lon="-4.038033"><ele>344.6</ele></trkpt>
    <trkpt lat="43.25504" lon="-4.038047"><ele>345.0</ele></trkpt>
    <trkpt lat="43.255017" lon="-4.038063"><ele>345.6</ele></trkpt>
    <trkpt lat="43.254992" lon="-4.038087"><ele>346.0</ele></trkpt>
    <trkpt lat="43.254972" lon="-4.038115"><ele>346.4</ele></trkpt>
    <trkpt lat="43.254952" lon="-4.038147"><ele>346.6</ele></trkpt>
    <trkpt lat="43.254937" lon="-4.038167"><ele>347.0</ele></trkpt>
    <trkpt lat="43.254917" lon="-4.038187"><ele>347.6</ele></trkpt>
    <trkpt lat="43.254897" lon="-4.038207"><ele>347.6</ele></trkpt>
    <trkpt lat="43.254873" lon="-4.03823"><ele>347.8</ele></trkpt>
    <trkpt lat="43.254872" lon="-4.038257"><ele>348.0</ele></trkpt>
    <trkpt lat="43.254887" lon="-4.038282"><ele>348.2</ele></trkpt>
    <trkpt lat="43.254907" lon="-4.038285"><ele>348.4</ele></trkpt>
    <trkpt lat="43.254932" lon="-4.038282"><ele>349.0</ele></trkpt>
    <trkpt lat="43.254962" lon="-4.038268"><ele>349.4</ele></trkpt>
    <trkpt lat="43.254992" lon="-4.038262"><ele>349.6</ele></trkpt>
    <trkpt lat="43.25501" lon="-4.038257"><ele>349.6</ele></trkpt>
    <trkpt lat="43.255032" lon="-4.038252"><ele>349.8</ele></trkpt>
    <trkpt lat="43.255042" lon="-4.038272"><ele>350.0</ele></trkpt>
    <trkpt lat="43.25504" lon="-4.038305"><ele>350.4</ele></trkpt>
    <trkpt lat="43.255025" lon="-4.03833"><ele>350.8</ele></trkpt>
    <trkpt lat="43.255" lon="-4.038345"><ele>350.8</ele></trkpt>
    <trkpt lat="43.25497" lon="-4.038357"><ele>351.0</ele></trkpt>
    <trkpt lat="43.254942" lon="-4.03836"><ele>351.2</ele></trkpt>
    <trkpt lat="43.254907" lon="-4.03836"><ele>351.2</ele></trkpt>
    <trkpt lat="43.254882" lon="-4.038362"><ele>351.4</ele></trkpt>
    <trkpt lat="43.254857" lon="-4.038367"><ele>351.4</ele></trkpt>
    <trkpt lat="43.254837" lon="-4.038377"><ele>351.4</ele></trkpt>
    <trkpt lat="43.25481" lon="-4.03838"><ele>351.4</ele></trkpt>
    <trkpt lat="43.25479" lon="-4.038392"><ele>351.6</ele></trkpt>
    <trkpt lat="43.254772" lon="-4.038402"><ele>352.0</ele></trkpt>
    <trkpt lat="43.254747" lon="-4.038413"><ele>352.2</ele></trkpt>
    <trkpt lat="43.254727" lon="-4.038427"><ele>352.6</ele></trkpt>
    <trkpt lat="43.254707" lon="-4.038435"><ele>352.8</ele></trkpt>
    <trkpt lat="43.254677" lon="-4.038452"><ele>353.6</ele></trkpt>
    <trkpt lat="43.254645" lon="-4.03847"><ele>354.4</ele></trkpt>
    <trkpt lat="43.254627" lon="-4.038485"><ele>354.8</ele></trkpt>
    <trkpt lat="43.254607" lon="-4.0385"><ele>355.0</ele></trkpt>
    <trkpt lat="43.254587" lon="-4.038517"><ele>355.2</ele></trkpt>
    <trkpt lat="43.254567" lon="-4.038532"><ele>355.4</ele></trkpt>
    <trkpt lat="43.254547" lon="-4.038547"><ele>355.6</ele></trkpt>
    <trkpt lat="43.254527" lon="-4.038562"><ele>355.8</ele></trkpt>
    <trkpt lat="43.254512" lon="-4.038577"><ele>356.0</ele></trkpt>
    <trkpt lat="43.254492" lon="-4.038595"><ele>356.4</ele></trkpt>
    <trkpt lat="43.254475" lon="-4.038612"><ele>356.6</ele></trkpt>
    <trkpt lat="43.254452" lon="-4.038632"><ele>356.8</ele></trkpt>
    <trkpt lat="43.254432" lon="-4.038648"><ele>357.0</ele></trkpt>
    <trkpt lat="43.25441" lon="-4.038665"><ele>357.2</ele></trkpt>
    <trkpt lat="43.25439" lon="-4.038675"><ele>357.4</ele></trkpt>
    <trkpt lat="43.254353" lon="-4.038662"><ele>357.4</ele></trkpt>
    <trkpt lat="43.25434" lon="-4.038642"><ele>357.4</ele></trkpt>
    <trkpt lat="43.254327" lon="-4.038617"><ele>357.4</ele></trkpt>
    <trkpt lat="43.254317" lon="-4.03859"><ele>357.4</ele></trkpt>
    <trkpt lat="43.254312" lon="-4.038557"><ele>357.4</ele></trkpt>
    <trkpt lat="43.25431" lon="-4.038527"><ele>357.4</ele></trkpt>
    <trkpt lat="43.25431" lon="-4.038497"><ele>357.4</ele></trkpt>
    <trkpt lat="43.254312" lon="-4.038467"><ele>357.6</ele></trkpt>
    <trkpt lat="43.25432" lon="-4.038412"><ele>357.6</ele></trkpt>
    <trkpt lat="43.254322" lon="-4.038383"><ele>357.8</ele></trkpt>
    <trkpt lat="43.254322" lon="-4.03836"><ele>358.0</ele></trkpt>
    <trkpt lat="43.254327" lon="-4.038332"><ele>358.2</ele></trkpt>
    <trkpt lat="43.254337" lon="-4.038287"><ele>358.4</ele></trkpt>
    <trkpt lat="43.254342" lon="-4.038257"><ele>358.6</ele></trkpt>
    <trkpt lat="43.254345" lon="-4.038232"><ele>359.0</ele></trkpt>
    <trkpt lat="43.25434" lon="-4.038203"><ele>359.2</ele></trkpt>
    <trkpt lat="43.254337" lon="-4.03818"><ele>359.6</ele></trkpt>
    <trkpt lat="43.254337" lon="-4.038152"><ele>360.0</ele></trkpt>
    <trkpt lat="43.254332" lon="-4.038105"><ele>360.4</ele></trkpt>
    <trkpt lat="43.254337" lon="-4.038057"><ele>361.2</ele></trkpt>
    <trkpt lat="43.254345" lon="-4.038033"><ele>361.6</ele></trkpt>
    <trkpt lat="43.254345" lon="-4.038007"><ele>362.0</ele></trkpt>
    <trkpt lat="43.254342" lon="-4.03798"><ele>362.2</ele></trkpt>
    <trkpt lat="43.254337" lon="-4.037952"><ele>362.4</ele></trkpt>
    <trkpt lat="43.254327" lon="-4.037922"><ele>362.6</ele></trkpt>
    <trkpt lat="43.254317" lon="-4.03789"><ele>362.4</ele></trkpt>
    <trkpt lat="43.25431" lon="-4.03786"><ele>362.4</ele></trkpt>
    <trkpt lat="43.254302" lon="-4.03783"><ele>362.2</ele></trkpt>
    <trkpt lat="43.25429" lon="-4.037802"><ele>362.0</ele></trkpt>
    <trkpt lat="43.254277" lon="-4.037775"><ele>361.8</ele></trkpt>
    <trkpt lat="43.254265" lon="-4.037747"><ele>361.6</ele></trkpt>
    <trkpt lat="43.25425" lon="-4.037722"><ele>361.4</ele></trkpt>
    <trkpt lat="43.254235" lon="-4.037697"><ele>361.2</ele></trkpt>
    <trkpt lat="43.25422" lon="-4.037667"><ele>361.0</ele></trkpt>
    <trkpt lat="43.254202" lon="-4.037642"><ele>360.8</ele></trkpt>
    <trkpt lat="43.254182" lon="-4.037607"><ele>360.4</ele></trkpt>
    <trkpt lat="43.25416" lon="-4.037577"><ele>360.0</ele></trkpt>
    <trkpt lat="43.25414" lon="-4.03755"><ele>359.8</ele></trkpt>
    <trkpt lat="43.254122" lon="-4.037522"><ele>359.6</ele></trkpt>
    <trkpt lat="43.2541" lon="-4.037493"><ele>359.2</ele></trkpt>
    <trkpt lat="43.254082" lon="-4.037462"><ele>359.0</ele></trkpt>
    <trkpt lat="43.254062" lon="-4.037428"><ele>358.6</ele></trkpt>
    <trkpt lat="43.254043" lon="-4.037397"><ele>358.2</ele></trkpt>
    <trkpt lat="43.254022" lon="-4.037367"><ele>358.0</ele></trkpt>
    <trkpt lat="43.254" lon="-4.037345"><ele>357.8</ele></trkpt>
    <trkpt lat="43.253982" lon="-4.037327"><ele>357.4</ele></trkpt>
    <trkpt lat="43.253967" lon="-4.037297"><ele>357.0</ele></trkpt>
    <trkpt lat="43.253957" lon="-4.037262"><ele>356.8</ele></trkpt>
    <trkpt lat="43.253947" lon="-4.037222"><ele>356.4</ele></trkpt>
    <trkpt lat="43.253942" lon="-4.037187"><ele>356.0</ele></trkpt>
    <trkpt lat="43.253937" lon="-4.03715"><ele>355.8</ele></trkpt>
    <trkpt lat="43.253932" lon="-4.037113"><ele>355.6</ele></trkpt>
    <trkpt lat="43.25393" lon="-4.037077"><ele>355.4</ele></trkpt>
    <trkpt lat="43.253927" lon="-4.037042"><ele>355.2</ele></trkpt>
    <trkpt lat="43.25393" lon="-4.037007"><ele>355.0</ele></trkpt>
    <trkpt lat="43.253925" lon="-4.036977"><ele>355.0</ele></trkpt>
    <trkpt lat="43.253917" lon="-4.036945"><ele>354.8</ele></trkpt>
    <trkpt lat="43.253912" lon="-4.036912"><ele>354.8</ele></trkpt>
    <trkpt lat="43.253907" lon="-4.036882"><ele>354.6</ele></trkpt>
    <trkpt lat="43.2539" lon="-4.036852"><ele>354.4</ele></trkpt>
    <trkpt lat="43.253895" lon="-4.036827"><ele>354.2</ele></trkpt>
    <trkpt lat="43.253897" lon="-4.036787"><ele>354.0</ele></trkpt>
    <trkpt lat="43.253888" lon="-4.036742"><ele>354.0</ele></trkpt>
    <trkpt lat="43.253895" lon="-4.036697"><ele>354.2</ele></trkpt>
    <trkpt lat="43.253895" lon="-4.036668"><ele>354.4</ele></trkpt>
    <trkpt lat="43.253902" lon="-4.03663"><ele>354.8</ele></trkpt>
    <trkpt lat="43.253905" lon="-4.036582"><ele>355.2</ele></trkpt>
    <trkpt lat="43.25391" lon="-4.036535"><ele>355.8</ele></trkpt>
    <trkpt lat="43.253917" lon="-4.036512"><ele>356.0</ele></trkpt>
    <trkpt lat="43.25392" lon="-4.036487"><ele>356.4</ele></trkpt>
    <trkpt lat="43.253917" lon="-4.036442"><ele>357.0</ele></trkpt>
    <trkpt lat="43.253925" lon="-4.036392"><ele>357.6</ele></trkpt>
    <trkpt lat="43.253912" lon="-4.036347"><ele>358.2</ele></trkpt>
    <trkpt lat="43.253912" lon="-4.036302"><ele>359.0</ele></trkpt>
    <trkpt lat="43.253912" lon="-4.036272"><ele>359.4</ele></trkpt>
    <trkpt lat="43.253912" lon="-4.036233"><ele>359.6</ele></trkpt>
    <trkpt lat="43.253917" lon="-4.036207"><ele>359.8</ele></trkpt>
    <trkpt lat="43.253922" lon="-4.036172"><ele>360.0</ele></trkpt>
    <trkpt lat="43.253917" lon="-4.036142"><ele>360.0</ele></trkpt>
    <trkpt lat="43.25391" lon="-4.036108"><ele>360.0</ele></trkpt>
    <trkpt lat="43.253905" lon="-4.036077"><ele>360.2</ele></trkpt>
    <trkpt lat="43.253895" lon="-4.036047"><ele>360.2</ele></trkpt>
    <trkpt lat="43.253882" lon="-4.036017"><ele>360.2</ele></trkpt>
    <trkpt lat="43.253862" lon="-4.035997"><ele>360.2</ele></trkpt>
    <trkpt lat="43.253837" lon="-4.03598"><ele>360.2</ele></trkpt>
    <trkpt lat="43.253812" lon="-4.035975"><ele>360.4</ele></trkpt>
    <trkpt lat="43.253792" lon="-4.035968"><ele>360.4</ele></trkpt>
    <trkpt lat="43.253767" lon="-4.035965"><ele>360.4</ele></trkpt>
    <trkpt lat="43.253742" lon="-4.035962"><ele>360.6</ele></trkpt>
    <trkpt lat="43.253712" lon="-4.035935"><ele>360.8</ele></trkpt>
    <trkpt lat="43.253692" lon="-4.035928"><ele>361.0</ele></trkpt>
    <trkpt lat="43.253652" lon="-4.035917"><ele>361.4</ele></trkpt>
    <trkpt lat="43.253627" lon="-4.035922"><ele>361.6</ele></trkpt>
    <trkpt lat="43.253602" lon="-4.035925"><ele>361.6</ele></trkpt>
    <trkpt lat="43.253577" lon="-4.03592"><ele>361.8</ele></trkpt>
    <trkpt lat="43.253557" lon="-4.035922"><ele>362.2</ele></trkpt>
    <trkpt lat="43.253535" lon="-4.035925"><ele>362.4</ele></trkpt>
    <trkpt lat="43.253515" lon="-4.035925"><ele>362.6</ele></trkpt>
    <trkpt lat="43.253485" lon="-4.035922"><ele>363.2</ele></trkpt>
    <trkpt lat="43.253447" lon="-4.035903"><ele>363.6</ele></trkpt>
    <trkpt lat="43.253417" lon="-4.035902"><ele>364.6</ele></trkpt>
    <trkpt lat="43.253385" lon="-4.035897"><ele>365.0</ele></trkpt>
    <trkpt lat="43.253367" lon="-4.035892"><ele>365.2</ele></trkpt>
    <trkpt lat="43.253327" lon="-4.03587"><ele>365.6</ele></trkpt>
    <trkpt lat="43.253307" lon="-4.035857"><ele>365.8</ele></trkpt>
    <trkpt lat="43.253287" lon="-4.03585"><ele>366.0</ele></trkpt>
    <trkpt lat="43.253265" lon="-4.035842"><ele>366.2</ele></trkpt>
    <trkpt lat="43.253242" lon="-4.035837"><ele>366.4</ele></trkpt>
    <trkpt lat="43.253225" lon="-4.03584"><ele>366.6</ele></trkpt>
    <trkpt lat="43.253202" lon="-4.035832"><ele>366.8</ele></trkpt>
    <trkpt lat="43.253182" lon="-4.03582"><ele>367.0</ele></trkpt>
    <trkpt lat="43.253165" lon="-4.035822"><ele>367.2</ele></trkpt>
    <trkpt lat="43.253147" lon="-4.035825"><ele>367.4</ele></trkpt>
    <trkpt lat="43.253127" lon="-4.035822"><ele>367.6</ele></trkpt>
    <trkpt lat="43.253107" lon="-4.035815"><ele>368.0</ele></trkpt>
    <trkpt lat="43.253085" lon="-4.035812"><ele>368.2</ele></trkpt>
    <trkpt lat="43.253065" lon="-4.035812"><ele>368.4</ele></trkpt>
    <trkpt lat="43.253032" lon="-4.035792"><ele>369.0</ele></trkpt>
    <trkpt lat="43.253017" lon="-4.035772"><ele>369.2</ele></trkpt>
    <trkpt lat="43.253007" lon="-4.035748"><ele>369.4</ele></trkpt>
    <trkpt lat="43.252987" lon="-4.03571"><ele>370.0</ele></trkpt>
    <trkpt lat="43.252972" lon="-4.03567"><ele>370.0</ele></trkpt>
    <trkpt lat="43.252965" lon="-4.035642"><ele>370.2</ele></trkpt>
    <trkpt lat="43.252952" lon="-4.03561"><ele>370.2</ele></trkpt>
    <trkpt lat="43.252937" lon="-4.03558"><ele>370.4</ele></trkpt>
    <trkpt lat="43.252927" lon="-4.035552"><ele>370.4</ele></trkpt>
    <trkpt lat="43.252912" lon="-4.035527"><ele>370.4</ele></trkpt>
    <trkpt lat="43.252895" lon="-4.035492"><ele>370.4</ele></trkpt>
    <trkpt lat="43.252882" lon="-4.035472"><ele>370.6</ele></trkpt>
    <trkpt lat="43.252867" lon="-4.035455"><ele>370.8</ele></trkpt>
    <trkpt lat="43.25284" lon="-4.035425"><ele>370.8</ele></trkpt>
    <trkpt lat="43.25282" lon="-4.035408"><ele>371.0</ele></trkpt>
    <trkpt lat="43.252797" lon="-4.035382"><ele>371.0</ele></trkpt>
    <trkpt lat="43.252772" lon="-4.035363"><ele>371.0</ele></trkpt>
    <trkpt lat="43.252752" lon="-4.035342"><ele>371.2</ele></trkpt>
    <trkpt lat="43.252735" lon="-4.03531"><ele>371.2</ele></trkpt>
    <trkpt lat="43.252722" lon="-4.035285"><ele>371.0</ele></trkpt>
    <trkpt lat="43.252702" lon="-4.035235"><ele>371.0</ele></trkpt>
    <trkpt lat="43.25269" lon="-4.035205"><ele>371.0</ele></trkpt>
    <trkpt lat="43.252675" lon="-4.035172"><ele>370.8</ele></trkpt>
    <trkpt lat="43.252662" lon="-4.035142"><ele>370.8</ele></trkpt>
    <trkpt lat="43.25265" lon="-4.035115"><ele>370.8</ele></trkpt>
    <trkpt lat="43.252637" lon="-4.035082"><ele>370.6</ele></trkpt>
    <trkpt lat="43.252625" lon="-4.035045"><ele>370.6</ele></trkpt>
    <trkpt lat="43.252612" lon="-4.035013"><ele>370.4</ele></trkpt>
    <trkpt lat="43.252602" lon="-4.034987"><ele>370.4</ele></trkpt>
    <trkpt lat="43.252582" lon="-4.034952"><ele>370.2</ele></trkpt>
    <trkpt lat="43.252567" lon="-4.034922"><ele>370.0</ele></trkpt>
    <trkpt lat="43.252547" lon="-4.034897"><ele>369.8</ele></trkpt>
    <trkpt lat="43.252532" lon="-4.034872"><ele>369.6</ele></trkpt>
    <trkpt lat="43.25252" lon="-4.034847"><ele>369.2</ele></trkpt>
    <trkpt lat="43.2525" lon="-4.034827"><ele>369.0</ele></trkpt>
    <trkpt lat="43.252485" lon="-4.034793"><ele>368.8</ele></trkpt>
    <trkpt lat="43.252472" lon="-4.03476"><ele>368.4</ele></trkpt>
    <trkpt lat="43.252462" lon="-4.034725"><ele>368.2</ele></trkpt>
    <trkpt lat="43.252452" lon="-4.034687"><ele>368.0</ele></trkpt>
    <trkpt lat="43.252437" lon="-4.034652"><ele>367.8</ele></trkpt>
    <trkpt lat="43.252417" lon="-4.034622"><ele>367.8</ele></trkpt>
    <trkpt lat="43.252402" lon="-4.0346"><ele>367.4</ele></trkpt>
    <trkpt lat="43.252383" lon="-4.034572"><ele>367.2</ele></trkpt>
    <trkpt lat="43.252372" lon="-4.034555"><ele>367.0</ele></trkpt>
    <trkpt lat="43.252362" lon="-4.034532"><ele>366.8</ele></trkpt>
    <trkpt lat="43.252347" lon="-4.034497"><ele>366.8</ele></trkpt>
    <trkpt lat="43.252342" lon="-4.034465"><ele>366.8</ele></trkpt>
    <trkpt lat="43.252342" lon="-4.034437"><ele>366.8</ele></trkpt>
    <trkpt lat="43.252355" lon="-4.034387"><ele>366.8</ele></trkpt>
    <trkpt lat="43.25237" lon="-4.034362"><ele>366.8</ele></trkpt>
    <trkpt lat="43.252387" lon="-4.034352"><ele>366.6</ele></trkpt>
    <trkpt lat="43.252402" lon="-4.034337"><ele>366.4</ele></trkpt>
    <trkpt lat="43.252422" lon="-4.034332"><ele>366.2</ele></trkpt>
    <trkpt lat="43.25246" lon="-4.034342"><ele>365.8</ele></trkpt>
    <trkpt lat="43.25248" lon="-4.034345"><ele>365.6</ele></trkpt>
    <trkpt lat="43.252502" lon="-4.034345"><ele>365.4</ele></trkpt>
    <trkpt lat="43.252525" lon="-4.034335"><ele>365.2</ele></trkpt>
    <trkpt lat="43.252545" lon="-4.034318"><ele>364.8</ele></trkpt>
    <trkpt lat="43.252572" lon="-4.034297"><ele>364.6</ele></trkpt>
    <trkpt lat="43.252587" lon="-4.034277"><ele>364.4</ele></trkpt>
    <trkpt lat="43.2526" lon="-4.034257"><ele>364.4</ele></trkpt>
    <trkpt lat="43.252627" lon="-4.034227"><ele>363.6</ele></trkpt>
    <trkpt lat="43.25264" lon="-4.034202"><ele>363.4</ele></trkpt>
    <trkpt lat="43.252655" lon="-4.034177"><ele>363.2</ele></trkpt>
    <trkpt lat="43.252667" lon="-4.034147"><ele>363.0</ele></trkpt>
    <trkpt lat="43.25267" lon="-4.034107"><ele>362.6</ele></trkpt>
    <trkpt lat="43.252677" lon="-4.034072"><ele>362.2</ele></trkpt>
    <trkpt lat="43.252678" lon="-4.034042"><ele>361.6</ele></trkpt>
    <trkpt lat="43.252682" lon="-4.034012"><ele>361.2</ele></trkpt>
    <trkpt lat="43.25269" lon="-4.033978"><ele>360.8</ele></trkpt>
    <trkpt lat="43.252697" lon="-4.033932"><ele>360.4</ele></trkpt>
    <trkpt lat="43.252705" lon="-4.033903"><ele>360.2</ele></trkpt>
    <trkpt lat="43.252712" lon="-4.033877"><ele>360.0</ele></trkpt>
    <trkpt lat="43.252722" lon="-4.033852"><ele>359.8</ele></trkpt>
    <trkpt lat="43.252732" lon="-4.033825"><ele>359.6</ele></trkpt>
    <trkpt lat="43.252745" lon="-4.033802"><ele>359.4</ele></trkpt>
    <trkpt lat="43.25276" lon="-4.033785"><ele>359.2</ele></trkpt>
    <trkpt lat="43.252787" lon="-4.033752"><ele>358.8</ele></trkpt>
    <trkpt lat="43.252807" lon="-4.033737"><ele>358.4</ele></trkpt>
    <trkpt lat="43.252822" lon="-4.033722"><ele>358.2</ele></trkpt>
    <trkpt lat="43.252842" lon="-4.033705"><ele>357.8</ele></trkpt>
    <trkpt lat="43.252862" lon="-4.033687"><ele>357.4</ele></trkpt>
    <trkpt lat="43.252875" lon="-4.033667"><ele>357.0</ele></trkpt>
    <trkpt lat="43.252885" lon="-4.033637"><ele>356.4</ele></trkpt>
    <trkpt lat="43.252892" lon="-4.033612"><ele>356.0</ele></trkpt>
    <trkpt lat="43.252897" lon="-4.033582"><ele>355.6</ele></trkpt>
    <trkpt lat="43.252902" lon="-4.033557"><ele>355.2</ele></trkpt>
    <trkpt lat="43.252927" lon="-4.033527"><ele>354.2</ele></trkpt>
    <trkpt lat="43.25296" lon="-4.033517"><ele>353.6</ele></trkpt>
    <trkpt lat="43.252988" lon="-4.033503"><ele>352.6</ele></trkpt>
    <trkpt lat="43.253012" lon="-4.033497"><ele>351.8</ele></trkpt>
    <trkpt lat="43.253042" lon="-4.033487"><ele>350.6</ele></trkpt>
    <trkpt lat="43.253067" lon="-4.033482"><ele>349.6</ele></trkpt>
    <trkpt lat="43.253097" lon="-4.033482"><ele>348.2</ele></trkpt>
    <trkpt lat="43.253127" lon="-4.033467"><ele>347.2</ele></trkpt>
    <trkpt lat="43.253152" lon="-4.033438"><ele>346.0</ele></trkpt>
    <trkpt lat="43.253177" lon="-4.033422"><ele>344.8</ele></trkpt>
    <trkpt lat="43.253197" lon="-4.033418"><ele>344.2</ele></trkpt>
    <trkpt lat="43.253222" lon="-4.033402"><ele>343.0</ele></trkpt>
    <trkpt lat="43.253252" lon="-4.03338"><ele>342.0</ele></trkpt>
    <trkpt lat="43.253267" lon="-4.033367"><ele>341.4</ele></trkpt>
    <trkpt lat="43.253282" lon="-4.033352"><ele>340.8</ele></trkpt>
    <trkpt lat="43.253312" lon="-4.033327"><ele>339.6</ele></trkpt>
    <trkpt lat="43.253327" lon="-4.033315"><ele>339.0</ele></trkpt>
    <trkpt lat="43.253352" lon="-4.033305"><ele>337.6</ele></trkpt>
    <trkpt lat="43.25338" lon="-4.03331"><ele>336.8</ele></trkpt>
    <trkpt lat="43.253402" lon="-4.033322"><ele>335.8</ele></trkpt>
    <trkpt lat="43.253432" lon="-4.033332"><ele>335.0</ele></trkpt>
    <trkpt lat="43.253462" lon="-4.033337"><ele>334.0</ele></trkpt>
    <trkpt lat="43.253492" lon="-4.033327"><ele>333.0</ele></trkpt>
    <trkpt lat="43.253525" lon="-4.033312"><ele>331.8</ele></trkpt>
    <trkpt lat="43.253552" lon="-4.033287"><ele>330.6</ele></trkpt>
    <trkpt lat="43.253567" lon="-4.033267"><ele>330.0</ele></trkpt>
    <trkpt lat="43.253582" lon="-4.033255"><ele>329.4</ele></trkpt>
    <trkpt lat="43.253602" lon="-4.033235"><ele>328.8</ele></trkpt>
    <trkpt lat="43.253622" lon="-4.033215"><ele>328.2</ele></trkpt>
    <trkpt lat="43.253637" lon="-4.03319"><ele>327.8</ele></trkpt>
    <trkpt lat="43.25365" lon="-4.033162"><ele>327.4</ele></trkpt>
    <trkpt lat="43.25366" lon="-4.033127"><ele>326.8</ele></trkpt>
    <trkpt lat="43.253662" lon="-4.033097"><ele>326.2</ele></trkpt>
    <trkpt lat="43.253663" lon="-4.03307"><ele>325.8</ele></trkpt>
    <trkpt lat="43.253672" lon="-4.033037"><ele>325.4</ele></trkpt>
    <trkpt lat="43.253675" lon="-4.033007"><ele>325.2</ele></trkpt>
    <trkpt lat="43.253677" lon="-4.032965"><ele>325.2</ele></trkpt>
    <trkpt lat="43.253682" lon="-4.032927"><ele>325.0</ele></trkpt>
    <trkpt lat="43.253687" lon="-4.032887"><ele>324.6</ele></trkpt>
    <trkpt lat="43.253692" lon="-4.032852"><ele>324.4</ele></trkpt>
    <trkpt lat="43.253697" lon="-4.032817"><ele>324.4</ele></trkpt>
    <trkpt lat="43.253697" lon="-4.032785"><ele>324.4</ele></trkpt>
    <trkpt lat="43.253702" lon="-4.032747"><ele>324.6</ele></trkpt>
    <trkpt lat="43.253707" lon="-4.032707"><ele>324.6</ele></trkpt>
    <trkpt lat="43.253705" lon="-4.032675"><ele>324.8</ele></trkpt>
    <trkpt lat="43.2537" lon="-4.032637"><ele>325.0</ele></trkpt>
    <trkpt lat="43.253695" lon="-4.032597"><ele>325.2</ele></trkpt>
    <trkpt lat="43.253692" lon="-4.032562"><ele>325.4</ele></trkpt>
    <trkpt lat="43.253692" lon="-4.032532"><ele>325.6</ele></trkpt>
    <trkpt lat="43.2537" lon="-4.032497"><ele>325.6</ele></trkpt>
    <trkpt lat="43.253707" lon="-4.03247"><ele>325.8</ele></trkpt>
    <trkpt lat="43.253722" lon="-4.032447"><ele>325.8</ele></trkpt>
    <trkpt lat="43.253737" lon="-4.032427"><ele>325.8</ele></trkpt>
    <trkpt lat="43.253757" lon="-4.032382"><ele>325.6</ele></trkpt>
    <trkpt lat="43.253767" lon="-4.032338"><ele>325.0</ele></trkpt>
    <trkpt lat="43.25379" lon="-4.032307"><ele>324.4</ele></trkpt>
    <trkpt lat="43.253807" lon="-4.032297"><ele>323.8</ele></trkpt>
    <trkpt lat="43.253825" lon="-4.032282"><ele>323.2</ele></trkpt>
    <trkpt lat="43.253845" lon="-4.032272"><ele>322.8</ele></trkpt>
    <trkpt lat="43.253862" lon="-4.03226"><ele>322.2</ele></trkpt>
    <trkpt lat="43.253877" lon="-4.032242"><ele>321.8</ele></trkpt>
    <trkpt lat="43.253895" lon="-4.032225"><ele>321.2</ele></trkpt>
    <trkpt lat="43.25391" lon="-4.032202"><ele>320.6</ele></trkpt>
    <trkpt lat="43.253925" lon="-4.032185"><ele>320.0</ele></trkpt>
    <trkpt lat="43.253935" lon="-4.032158"><ele>319.6</ele></trkpt>
    <trkpt lat="43.253952" lon="-4.032115"><ele>318.2</ele></trkpt>
    <trkpt lat="43.253965" lon="-4.032093"><ele>317.8</ele></trkpt>
    <trkpt lat="43.253982" lon="-4.032082"><ele>317.4</ele></trkpt>
    <trkpt lat="43.254" lon="-4.032077"><ele>317.0</ele></trkpt>
    <trkpt lat="43.25402" lon="-4.032067"><ele>316.6</ele></trkpt>
    <trkpt lat="43.254037" lon="-4.032062"><ele>316.4</ele></trkpt>
    <trkpt lat="43.254057" lon="-4.032062"><ele>316.4</ele></trkpt>
    <trkpt lat="43.254085" lon="-4.032062"><ele>316.0</ele></trkpt>
    <trkpt lat="43.254112" lon="-4.032062"><ele>315.8</ele></trkpt>
    <trkpt lat="43.25414" lon="-4.03204"><ele>315.8</ele></trkpt>
    <trkpt lat="43.25416" lon="-4.031997"><ele>315.4</ele></trkpt>
    <trkpt lat="43.254165" lon="-4.03197"><ele>315.2</ele></trkpt>
    <trkpt lat="43.254167" lon="-4.031937"><ele>315.0</ele></trkpt>
    <trkpt lat="43.254165" lon="-4.031907"><ele>314.6</ele></trkpt>
    <trkpt lat="43.25416" lon="-4.031877"><ele>314.0</ele></trkpt>
    <trkpt lat="43.254155" lon="-4.031847"><ele>313.6</ele></trkpt>
    <trkpt lat="43.254152" lon="-4.031812"><ele>313.0</ele></trkpt>
    <trkpt lat="43.254147" lon="-4.031782"><ele>312.6</ele></trkpt>
    <trkpt lat="43.254145" lon="-4.03175"><ele>312.0</ele></trkpt>
    <trkpt lat="43.25414" lon="-4.031712"><ele>311.8</ele></trkpt>
    <trkpt lat="43.254142" lon="-4.031677"><ele>311.4</ele></trkpt>
    <trkpt lat="43.254145" lon="-4.031642"><ele>311.0</ele></trkpt>
    <trkpt lat="43.254142" lon="-4.031612"><ele>310.8</ele></trkpt>
    <trkpt lat="43.25415" lon="-4.03158"><ele>310.6</ele></trkpt>
    <trkpt lat="43.25416" lon="-4.03155"><ele>310.4</ele></trkpt>
    <trkpt lat="43.254172" lon="-4.031525"><ele>309.8</ele></trkpt>
    <trkpt lat="43.254185" lon="-4.031502"><ele>309.4</ele></trkpt>
    <trkpt lat="43.254202" lon="-4.031487"><ele>309.0</ele></trkpt>
    <trkpt lat="43.254222" lon="-4.031482"><ele>308.6</ele></trkpt>
    <trkpt lat="43.25424" lon="-4.031465"><ele>308.2</ele></trkpt>
    <trkpt lat="43.254252" lon="-4.031442"><ele>307.6</ele></trkpt>
    <trkpt lat="43.254257" lon="-4.031415"><ele>307.0</ele></trkpt>
    <trkpt lat="43.254257" lon="-4.03139"><ele>306.6</ele></trkpt>
    <trkpt lat="43.254257" lon="-4.03136"><ele>305.8</ele></trkpt>
    <trkpt lat="43.254252" lon="-4.031328"><ele>305.2</ele></trkpt>
    <trkpt lat="43.254247" lon="-4.031302"><ele>304.6</ele></trkpt>
    <trkpt lat="43.254242" lon="-4.031272"><ele>304.0</ele></trkpt>
    <trkpt lat="43.25424" lon="-4.031245"><ele>303.4</ele></trkpt>
    <trkpt lat="43.254247" lon="-4.031203"><ele>302.4</ele></trkpt>
    <trkpt lat="43.254257" lon="-4.03118"><ele>301.8</ele></trkpt>
    <trkpt lat="43.254262" lon="-4.031152"><ele>301.2</ele></trkpt>
    <trkpt lat="43.254262" lon="-4.031122"><ele>300.8</ele></trkpt>
    <trkpt lat="43.254262" lon="-4.031092"><ele>300.2</ele></trkpt>
    <trkpt lat="43.254262" lon="-4.03106"><ele>299.6</ele></trkpt>
    <trkpt lat="43.254262" lon="-4.031032"><ele>299.0</ele></trkpt>
    <trkpt lat="43.254272" lon="-4.031002"><ele>298.4</ele></trkpt>
    <trkpt lat="43.25428" lon="-4.030975"><ele>297.8</ele></trkpt>
    <trkpt lat="43.254292" lon="-4.030948"><ele>297.4</ele></trkpt>
    <trkpt lat="43.254307" lon="-4.030925"><ele>296.8</ele></trkpt>
    <trkpt lat="43.254327" lon="-4.0309"><ele>296.0</ele></trkpt>
    <trkpt lat="43.25434" lon="-4.030875"><ele>295.6</ele></trkpt>
    <trkpt lat="43.254352" lon="-4.030845"><ele>295.0</ele></trkpt>
    <trkpt lat="43.254365" lon="-4.030817"><ele>294.4</ele></trkpt>
    <trkpt lat="43.25438" lon="-4.030787"><ele>293.8</ele></trkpt>
    <trkpt lat="43.254392" lon="-4.030755"><ele>292.8</ele></trkpt>
    <trkpt lat="43.254405" lon="-4.030727"><ele>292.4</ele></trkpt>
    <trkpt lat="43.254422" lon="-4.030697"><ele>292.0</ele></trkpt>
    <trkpt lat="43.25443" lon="-4.030663"><ele>291.6</ele></trkpt>
    <trkpt lat="43.254435" lon="-4.030633"><ele>291.0</ele></trkpt>
    <trkpt lat="43.254437" lon="-4.030602"><ele>290.6</ele></trkpt>
    <trkpt lat="43.254442" lon="-4.030567"><ele>290.0</ele></trkpt>
    <trkpt lat="43.254447" lon="-4.030532"><ele>289.6</ele></trkpt>
    <trkpt lat="43.254452" lon="-4.03049"><ele>289.2</ele></trkpt>
    <trkpt lat="43.254457" lon="-4.030452"><ele>288.8</ele></trkpt>
    <trkpt lat="43.254462" lon="-4.03042"><ele>288.4</ele></trkpt>
    <trkpt lat="43.254467" lon="-4.030385"><ele>288.0</ele></trkpt>
    <trkpt lat="43.254472" lon="-4.030347"><ele>287.6</ele></trkpt>
    <trkpt lat="43.254475" lon="-4.030312"><ele>287.2</ele></trkpt>
    <trkpt lat="43.254475" lon="-4.030272"><ele>286.8</ele></trkpt>
    <trkpt lat="43.254477" lon="-4.03024"><ele>286.4</ele></trkpt>
    <trkpt lat="43.25448" lon="-4.030202"><ele>286.0</ele></trkpt>
    <trkpt lat="43.254482" lon="-4.030167"><ele>285.6</ele></trkpt>
    <trkpt lat="43.254487" lon="-4.030137"><ele>285.4</ele></trkpt>
    <trkpt lat="43.25449" lon="-4.030107"><ele>285.0</ele></trkpt>
    <trkpt lat="43.25449" lon="-4.03008"><ele>284.6</ele></trkpt>
    <trkpt lat="43.254487" lon="-4.030052"><ele>284.2</ele></trkpt>
    <trkpt lat="43.254492" lon="-4.03002"><ele>283.8</ele></trkpt>
    <trkpt lat="43.25449" lon="-4.029987"><ele>283.4</ele></trkpt>
    <trkpt lat="43.254492" lon="-4.029957"><ele>283.2</ele></trkpt>
    <trkpt lat="43.254497" lon="-4.029927"><ele>282.8</ele></trkpt>
    <trkpt lat="43.254507" lon="-4.029897"><ele>282.4</ele></trkpt>
    <trkpt lat="43.254512" lon="-4.029862"><ele>282.0</ele></trkpt>
    <trkpt lat="43.254512" lon="-4.029837"><ele>281.6</ele></trkpt>
    <trkpt lat="43.254517" lon="-4.029803"><ele>281.2</ele></trkpt>
    <trkpt lat="43.254527" lon="-4.029772"><ele>280.4</ele></trkpt>
    <trkpt lat="43.254532" lon="-4.029743"><ele>280.0</ele></trkpt>
    <trkpt lat="43.254545" lon="-4.029715"><ele>279.6</ele></trkpt>
    <trkpt lat="43.254557" lon="-4.029678"><ele>279.4</ele></trkpt>
    <trkpt lat="43.25457" lon="-4.029647"><ele>279.0</ele></trkpt>
    <trkpt lat="43.254575" lon="-4.029612"><ele>278.6</ele></trkpt>
    <trkpt lat="43.25457" lon="-4.029577"><ele>278.4</ele></trkpt>
    <trkpt lat="43.254565" lon="-4.029542"><ele>278.2</ele></trkpt>
    <trkpt lat="43.254557" lon="-4.029512"><ele>278.0</ele></trkpt>
    <trkpt lat="43.254555" lon="-4.029477"><ele>278.0</ele></trkpt>
    <trkpt lat="43.254555" lon="-4.029447"><ele>278.0</ele></trkpt>
    <trkpt lat="43.254572" lon="-4.029412"><ele>277.8</ele></trkpt>
    <trkpt lat="43.254587" lon="-4.029392"><ele>277.8</ele></trkpt>
    <trkpt lat="43.254607" lon="-4.029377"><ele>277.8</ele></trkpt>
    <trkpt lat="43.254622" lon="-4.02935"><ele>277.8</ele></trkpt>
    <trkpt lat="43.254632" lon="-4.029322"><ele>277.6</ele></trkpt>
    <trkpt lat="43.254645" lon="-4.029302"><ele>277.4</ele></trkpt>
    <trkpt lat="43.254682" lon="-4.029282"><ele>277.2</ele></trkpt>
    <trkpt lat="43.2547" lon="-4.029275"><ele>277.0</ele></trkpt>
    <trkpt lat="43.254733" lon="-4.029267"><ele>276.4</ele></trkpt>
    <trkpt lat="43.25476" lon="-4.029267"><ele>276.0</ele></trkpt>
    <trkpt lat="43.254785" lon="-4.029267"><ele>275.6</ele></trkpt>
    <trkpt lat="43.254812" lon="-4.029263"><ele>275.2</ele></trkpt>
    <trkpt lat="43.254837" lon="-4.029262"><ele>274.6</ele></trkpt>
    <trkpt lat="43.25486" lon="-4.029257"><ele>274.2</ele></trkpt>
    <trkpt lat="43.254887" lon="-4.029255"><ele>273.8</ele></trkpt>
    <trkpt lat="43.254907" lon="-4.029252"><ele>273.2</ele></trkpt>
    <trkpt lat="43.254937" lon="-4.029247"><ele>272.6</ele></trkpt>
    <trkpt lat="43.254958" lon="-4.029237"><ele>272.2</ele></trkpt>
    <trkpt lat="43.25498" lon="-4.029227"><ele>271.6</ele></trkpt>
    <trkpt lat="43.255002" lon="-4.029212"><ele>271.2</ele></trkpt>
    <trkpt lat="43.255022" lon="-4.029195"><ele>270.6</ele></trkpt>
    <trkpt lat="43.255042" lon="-4.029175"><ele>270.2</ele></trkpt>
    <trkpt lat="43.255052" lon="-4.029148"><ele>269.6</ele></trkpt>
    <trkpt lat="43.255067" lon="-4.029125"><ele>269.2</ele></trkpt>
    <trkpt lat="43.255077" lon="-4.029105"><ele>268.6</ele></trkpt>
    <trkpt lat="43.25509" lon="-4.029077"><ele>268.0</ele></trkpt>
    <trkpt lat="43.255092" lon="-4.029052"><ele>267.6</ele></trkpt>
    <trkpt lat="43.255087" lon="-4.029022"><ele>267.0</ele></trkpt>
    <trkpt lat="43.255075" lon="-4.02899"><ele>266.4</ele></trkpt>
    <trkpt lat="43.255062" lon="-4.028958"><ele>265.8</ele></trkpt>
    <trkpt lat="43.255052" lon="-4.028927"><ele>265.2</ele></trkpt>
    <trkpt lat="43.25504" lon="-4.028892"><ele>264.8</ele></trkpt>
    <trkpt lat="43.255025" lon="-4.028857"><ele>264.2</ele></trkpt>
    <trkpt lat="43.255015" lon="-4.028825"><ele>263.8</ele></trkpt>
    <trkpt lat="43.255002" lon="-4.028792"><ele>263.4</ele></trkpt>
    <trkpt lat="43.25499" lon="-4.028758"><ele>263.2</ele></trkpt>
    <trkpt lat="43.25498" lon="-4.028732"><ele>262.8</ele></trkpt>
    <trkpt lat="43.254962" lon="-4.028702"><ele>262.4</ele></trkpt>
    <trkpt lat="43.254947" lon="-4.028677"><ele>262.0</ele></trkpt>
    <trkpt lat="43.254932" lon="-4.028647"><ele>261.6</ele></trkpt>
    <trkpt lat="43.25492" lon="-4.028622"><ele>261.2</ele></trkpt>
    <trkpt lat="43.254907" lon="-4.028602"><ele>261.0</ele></trkpt>
    <trkpt lat="43.254892" lon="-4.028575"><ele>260.6</ele></trkpt>
    <trkpt lat="43.25487" lon="-4.028552"><ele>260.2</ele></trkpt>
    <trkpt lat="43.254842" lon="-4.028527"><ele>259.6</ele></trkpt>
    <trkpt lat="43.254822" lon="-4.028507"><ele>259.0</ele></trkpt>
    <trkpt lat="43.254803" lon="-4.028482"><ele>258.2</ele></trkpt>
    <trkpt lat="43.254782" lon="-4.028457"><ele>257.8</ele></trkpt>
    <trkpt lat="43.254762" lon="-4.028437"><ele>257.6</ele></trkpt>
    <trkpt lat="43.25474" lon="-4.028417"><ele>257.4</ele></trkpt>
    <trkpt lat="43.25472" lon="-4.0284"><ele>257.2</ele></trkpt>
    <trkpt lat="43.254705" lon="-4.028372"><ele>256.8</ele></trkpt>
    <trkpt lat="43.254722" lon="-4.02835"><ele>256.0</ele></trkpt>
    <trkpt lat="43.254737" lon="-4.028335"><ele>255.6</ele></trkpt>
    <trkpt lat="43.25476" lon="-4.028332"><ele>255.2</ele></trkpt>
    <trkpt lat="43.25478" lon="-4.028327"><ele>254.6</ele></trkpt>
    <trkpt lat="43.254803" lon="-4.028327"><ele>254.0</ele></trkpt>
    <trkpt lat="43.254832" lon="-4.028327"><ele>253.4</ele></trkpt>
    <trkpt lat="43.254855" lon="-4.028332"><ele>252.8</ele></trkpt>
    <trkpt lat="43.254887" lon="-4.028332"><ele>251.8</ele></trkpt>
    <trkpt lat="43.254912" lon="-4.02832"><ele>251.0</ele></trkpt>
    <trkpt lat="43.25493" lon="-4.028285"><ele>250.2</ele></trkpt>
    <trkpt lat="43.25494" lon="-4.028248"><ele>249.2</ele></trkpt>
    <trkpt lat="43.254945" lon="-4.028207"><ele>248.0</ele></trkpt>
    <trkpt lat="43.254942" lon="-4.028182"><ele>247.6</ele></trkpt>
    <trkpt lat="43.254937" lon="-4.028147"><ele>246.2</ele></trkpt>
    <trkpt lat="43.254917" lon="-4.02811"><ele>244.8</ele></trkpt>
    <trkpt lat="43.254897" lon="-4.028077"><ele>243.2</ele></trkpt>
    <trkpt lat="43.254887" lon="-4.028052"><ele>242.6</ele></trkpt>
    <trkpt lat="43.254873" lon="-4.02803"><ele>242.0</ele></trkpt>
    <trkpt lat="43.254862" lon="-4.02801"><ele>241.4</ele></trkpt>
    <trkpt lat="43.254847" lon="-4.02799"><ele>240.8</ele></trkpt>
    <trkpt lat="43.254827" lon="-4.027972"><ele>240.2</ele></trkpt>
    <trkpt lat="43.254802" lon="-4.027962"><ele>239.6</ele></trkpt>
    <trkpt lat="43.254782" lon="-4.027957"><ele>238.8</ele></trkpt>
    <trkpt lat="43.254762" lon="-4.027957"><ele>238.2</ele></trkpt>
    <trkpt lat="43.254737" lon="-4.027955"><ele>237.6</ele></trkpt>
    <trkpt lat="43.254715" lon="-4.027943"><ele>237.2</ele></trkpt>
    <trkpt lat="43.254687" lon="-4.027927"><ele>236.2</ele></trkpt>
    <trkpt lat="43.25467" lon="-4.027898"><ele>235.4</ele></trkpt>
    <trkpt lat="43.254662" lon="-4.027877"><ele>235.0</ele></trkpt>
    <trkpt lat="43.254662" lon="-4.027845"><ele>234.6</ele></trkpt>
    <trkpt lat="43.254655" lon="-4.02782"><ele>234.0</ele></trkpt>
    <trkpt lat="43.254632" lon="-4.027787"><ele>233.0</ele></trkpt>
    <trkpt lat="43.25462" lon="-4.027762"><ele>231.8</ele></trkpt>
    <trkpt lat="43.254597" lon="-4.027732"><ele>230.2</ele></trkpt>
    <trkpt lat="43.254567" lon="-4.027697"><ele>229.2</ele></trkpt>
    <trkpt lat="43.254552" lon="-4.02767"><ele>228.8</ele></trkpt>
    <trkpt lat="43.254542" lon="-4.027647"><ele>228.0</ele></trkpt>
    <trkpt lat="43.254552" lon="-4.027617"><ele>226.4</ele></trkpt>
    <trkpt lat="43.254582" lon="-4.027597"><ele>225.8</ele></trkpt>
    <trkpt lat="43.2546" lon="-4.027587"><ele>225.6</ele></trkpt>
    <trkpt lat="43.254632" lon="-4.027582"><ele>224.6</ele></trkpt>
    <trkpt lat="43.254652" lon="-4.027592"><ele>224.4</ele></trkpt>
    <trkpt lat="43.254677" lon="-4.027597"><ele>224.2</ele></trkpt>
    <trkpt lat="43.2547" lon="-4.0276"><ele>224.2</ele></trkpt>
    <trkpt lat="43.254725" lon="-4.027605"><ele>224.4</ele></trkpt>
    <trkpt lat="43.254745" lon="-4.027612"><ele>224.4</ele></trkpt>
    <trkpt lat="43.254765" lon="-4.027623"><ele>224.6</ele></trkpt>
    <trkpt lat="43.254785" lon="-4.027637"><ele>224.6</ele></trkpt>
    <trkpt lat="43.254802" lon="-4.02765"><ele>224.6</ele></trkpt>
    <trkpt lat="43.254822" lon="-4.027662"><ele>224.6</ele></trkpt>
    <trkpt lat="43.25484" lon="-4.02767"><ele>224.6</ele></trkpt>
    <trkpt lat="43.254877" lon="-4.027682"><ele>224.4</ele></trkpt>
    <trkpt lat="43.254895" lon="-4.027678"><ele>224.4</ele></trkpt>
    <trkpt lat="43.254912" lon="-4.027675"><ele>224.2</ele></trkpt>
    <trkpt lat="43.254945" lon="-4.027662"><ele>224.2</ele></trkpt>
    <trkpt lat="43.254967" lon="-4.027652"><ele>223.8</ele></trkpt>
    <trkpt lat="43.254992" lon="-4.027627"><ele>223.2</ele></trkpt>
    <trkpt lat="43.254997" lon="-4.027593"><ele>222.6</ele></trkpt>
    <trkpt lat="43.254977" lon="-4.027572"><ele>221.6</ele></trkpt>
    <trkpt lat="43.254958" lon="-4.027552"><ele>221.6</ele></trkpt>
    <trkpt lat="43.254942" lon="-4.027535"><ele>221.4</ele></trkpt>
    <trkpt lat="43.254922" lon="-4.027502"><ele>221.0</ele></trkpt>
    <trkpt lat="43.254907" lon="-4.027467"><ele>220.6</ele></trkpt>
    <trkpt lat="43.254892" lon="-4.02743"><ele>220.4</ele></trkpt>
    <trkpt lat="43.254882" lon="-4.027387"><ele>220.2</ele></trkpt>
    <trkpt lat="43.254882" lon="-4.027342"><ele>219.8</ele></trkpt>
    <trkpt lat="43.254882" lon="-4.0273"><ele>219.4</ele></trkpt>
    <trkpt lat="43.25489" lon="-4.02726"><ele>219.2</ele></trkpt>
    <trkpt lat="43.254895" lon="-4.027223"><ele>218.8</ele></trkpt>
    <trkpt lat="43.254905" lon="-4.02719"><ele>218.4</ele></trkpt>
    <trkpt lat="43.25491" lon="-4.027152"><ele>218.2</ele></trkpt>
    <trkpt lat="43.254912" lon="-4.027112"><ele>217.8</ele></trkpt>
    <trkpt lat="43.254912" lon="-4.027065"><ele>217.6</ele></trkpt>
    <trkpt lat="43.254907" lon="-4.027022"><ele>217.4</ele></trkpt>
    <trkpt lat="43.254902" lon="-4.026977"><ele>217.0</ele></trkpt>
    <trkpt lat="43.254892" lon="-4.02694"><ele>216.8</ele></trkpt>
    <trkpt lat="43.254877" lon="-4.026902"><ele>216.4</ele></trkpt>
    <trkpt lat="43.254867" lon="-4.02686"><ele>216.2</ele></trkpt>
    <trkpt lat="43.254855" lon="-4.026822"><ele>215.8</ele></trkpt>
    <trkpt lat="43.254837" lon="-4.026785"><ele>215.6</ele></trkpt>
    <trkpt lat="43.254817" lon="-4.026752"><ele>215.2</ele></trkpt>
    <trkpt lat="43.254792" lon="-4.026723"><ele>214.8</ele></trkpt>
    <trkpt lat="43.254765" lon="-4.026702"><ele>214.6</ele></trkpt>
    <trkpt lat="43.254733" lon="-4.026682"><ele>214.2</ele></trkpt>
    <trkpt lat="43.254702" lon="-4.026667"><ele>214.0</ele></trkpt>
    <trkpt lat="43.254672" lon="-4.026655"><ele>213.6</ele></trkpt>
    <trkpt lat="43.25464" lon="-4.026645"><ele>213.4</ele></trkpt>
    <trkpt lat="43.25461" lon="-4.026642"><ele>212.8</ele></trkpt>
    <trkpt lat="43.254577" lon="-4.026637"><ele>212.6</ele></trkpt>
    <trkpt lat="43.254542" lon="-4.026632"><ele>212.4</ele></trkpt>
    <trkpt lat="43.254512" lon="-4.026627"><ele>212.2</ele></trkpt>
    <trkpt lat="43.25448" lon="-4.026615"><ele>211.8</ele></trkpt>
    <trkpt lat="43.254452" lon="-4.026598"><ele>211.6</ele></trkpt>
    <trkpt lat="43.25443" lon="-4.026577"><ele>211.0</ele></trkpt>
    <trkpt lat="43.254407" lon="-4.026547"><ele>210.8</ele></trkpt>
    <trkpt lat="43.25439" lon="-4.026513"><ele>210.4</ele></trkpt>
    <trkpt lat="43.25438" lon="-4.026477"><ele>210.2</ele></trkpt>
    <trkpt lat="43.25437" lon="-4.026437"><ele>210.0</ele></trkpt>
    <trkpt lat="43.254362" lon="-4.026402"><ele>209.6</ele></trkpt>
    <trkpt lat="43.254352" lon="-4.026365"><ele>209.4</ele></trkpt>
    <trkpt lat="43.25434" lon="-4.026327"><ele>209.2</ele></trkpt>
    <trkpt lat="43.254325" lon="-4.026287"><ele>209.0</ele></trkpt>
    <trkpt lat="43.25431" lon="-4.026255"><ele>208.8</ele></trkpt>
    <trkpt lat="43.25429" lon="-4.026225"><ele>208.6</ele></trkpt>
    <trkpt lat="43.254262" lon="-4.0262"><ele>208.2</ele></trkpt>
    <trkpt lat="43.25424" lon="-4.026182"><ele>208.0</ele></trkpt>
    <trkpt lat="43.25421" lon="-4.026167"><ele>207.6</ele></trkpt>
    <trkpt lat="43.25418" lon="-4.02615"><ele>207.4</ele></trkpt>
    <trkpt lat="43.254152" lon="-4.026132"><ele>207.0</ele></trkpt>
    <trkpt lat="43.254122" lon="-4.026117"><ele>206.8</ele></trkpt>
    <trkpt lat="43.254095" lon="-4.026107"><ele>206.4</ele></trkpt>
    <trkpt lat="43.254065" lon="-4.026092"><ele>206.2</ele></trkpt>
    <trkpt lat="43.254035" lon="-4.026082"><ele>206.0</ele></trkpt>
    <trkpt lat="43.254002" lon="-4.026077"><ele>205.6</ele></trkpt>
    <trkpt lat="43.25397" lon="-4.026062"><ele>205.4</ele></trkpt>
    <trkpt lat="43.25394" lon="-4.026045"><ele>205.2</ele></trkpt>
    <trkpt lat="43.253912" lon="-4.026027"><ele>205.0</ele></trkpt>
    <trkpt lat="43.253882" lon="-4.026012"><ele>204.4</ele></trkpt>
    <trkpt lat="43.253855" lon="-4.025997"><ele>204.2</ele></trkpt>
    <trkpt lat="43.253822" lon="-4.025987"><ele>204.2</ele></trkpt>
    <trkpt lat="43.253795" lon="-4.025972"><ele>204.0</ele></trkpt>
    <trkpt lat="43.253762" lon="-4.025962"><ele>203.6</ele></trkpt>
    <trkpt lat="43.253737" lon="-4.025955"><ele>203.2</ele></trkpt>
    <trkpt lat="43.253707" lon="-4.025947"><ele>203.0</ele></trkpt>
    <trkpt lat="43.253677" lon="-4.025947"><ele>202.6</ele></trkpt>
    <trkpt lat="43.25365" lon="-4.025942"><ele>202.4</ele></trkpt>
    <trkpt lat="43.253617" lon="-4.025937"><ele>202.0</ele></trkpt>
    <trkpt lat="43.253587" lon="-4.025942"><ele>201.6</ele></trkpt>
    <trkpt lat="43.25356" lon="-4.025947"><ele>201.4</ele></trkpt>
    <trkpt lat="43.253532" lon="-4.025965"><ele>201.0</ele></trkpt>
    <trkpt lat="43.253502" lon="-4.025982"><ele>200.8</ele></trkpt>
    <trkpt lat="43.253472" lon="-4.026002"><ele>200.6</ele></trkpt>
    <trkpt lat="43.253447" lon="-4.02601"><ele>200.2</ele></trkpt>
    <trkpt lat="43.253422" lon="-4.026007"><ele>200.0</ele></trkpt>
    <trkpt lat="43.253402" lon="-4.025997"><ele>199.4</ele></trkpt>
    <trkpt lat="43.253382" lon="-4.025973"><ele>199.2</ele></trkpt>
    <trkpt lat="43.253367" lon="-4.025942"><ele>198.8</ele></trkpt>
    <trkpt lat="43.253367" lon="-4.025897"><ele>198.4</ele></trkpt>
    <trkpt lat="43.253372" lon="-4.02585"><ele>198.2</ele></trkpt>
    <trkpt lat="43.253382" lon="-4.025807"><ele>198.0</ele></trkpt>
    <trkpt lat="43.253392" lon="-4.025767"><ele>197.8</ele></trkpt>
    <trkpt lat="43.25341" lon="-4.025722"><ele>197.6</ele></trkpt>
    <trkpt lat="43.253422" lon="-4.025677"><ele>197.2</ele></trkpt>
    <trkpt lat="43.253435" lon="-4.025632"><ele>197.0</ele></trkpt>
    <trkpt lat="43.253445" lon="-4.025587"><ele>196.8</ele></trkpt>
    <trkpt lat="43.253457" lon="-4.025547"><ele>196.6</ele></trkpt>
    <trkpt lat="43.25347" lon="-4.025502"><ele>196.2</ele></trkpt>
    <trkpt lat="43.253482" lon="-4.025467"><ele>195.6</ele></trkpt>
    <trkpt lat="43.2535" lon="-4.025432"><ele>195.2</ele></trkpt>
    <trkpt lat="43.253512" lon="-4.025397"><ele>195.0</ele></trkpt>
    <trkpt lat="43.25352" lon="-4.025362"><ele>194.6</ele></trkpt>
    <trkpt lat="43.253505" lon="-4.02533"><ele>194.2</ele></trkpt>
    <trkpt lat="43.253492" lon="-4.02531"><ele>193.8</ele></trkpt>
    <trkpt lat="43.253467" lon="-4.0253"><ele>193.4</ele></trkpt>
    <trkpt lat="43.253445" lon="-4.025293"><ele>193.2</ele></trkpt>
    <trkpt lat="43.253422" lon="-4.025293"><ele>193.0</ele></trkpt>
    <trkpt lat="43.2534" lon="-4.025292"><ele>193.0</ele></trkpt>
    <trkpt lat="43.253377" lon="-4.025292"><ele>193.0</ele></trkpt>
    <trkpt lat="43.25336" lon="-4.025292"><ele>193.2</ele></trkpt>
    <trkpt lat="43.253342" lon="-4.025297"><ele>193.4</ele></trkpt>
    <trkpt lat="43.25332" lon="-4.025302"><ele>193.4</ele></trkpt>
    <trkpt lat="43.253297" lon="-4.025307"><ele>193.8</ele></trkpt>
    <trkpt lat="43.253277" lon="-4.025307"><ele>194.0</ele></trkpt>
    <trkpt lat="43.253257" lon="-4.025302"><ele>194.2</ele></trkpt>
    <trkpt lat="43.253237" lon="-4.025293"><ele>194.4</ele></trkpt>
    <trkpt lat="43.253217" lon="-4.025287"><ele>194.6</ele></trkpt>
    <trkpt lat="43.253197" lon="-4.025282"><ele>194.8</ele></trkpt>
    <trkpt lat="43.25318" lon="-4.025277"><ele>195.0</ele></trkpt>
    <trkpt lat="43.253152" lon="-4.025262"><ele>195.4</ele></trkpt>
    <trkpt lat="43.25313" lon="-4.025252"><ele>196.0</ele></trkpt>
    <trkpt lat="43.253112" lon="-4.025247"><ele>196.2</ele></trkpt>
    <trkpt lat="43.253092" lon="-4.025235"><ele>196.4</ele></trkpt>
    <trkpt lat="43.253075" lon="-4.025227"><ele>196.6</ele></trkpt>
    <trkpt lat="43.253055" lon="-4.025222"><ele>197.0</ele></trkpt>
    <trkpt lat="43.253037" lon="-4.025212"><ele>197.2</ele></trkpt>
    <trkpt lat="43.253022" lon="-4.025197"><ele>197.6</ele></trkpt>
    <trkpt lat="43.253002" lon="-4.025182"><ele>197.8</ele></trkpt>
    <trkpt lat="43.252985" lon="-4.025172"><ele>198.0</ele></trkpt>
    <trkpt lat="43.252967" lon="-4.02516"><ele>198.2</ele></trkpt>
    <trkpt lat="43.252952" lon="-4.025147"><ele>198.4</ele></trkpt>
    <trkpt lat="43.252935" lon="-4.025133"><ele>198.8</ele></trkpt>
    <trkpt lat="43.252903" lon="-4.025107"><ele>199.0</ele></trkpt>
    <trkpt lat="43.252887" lon="-4.025087"><ele>199.2</ele></trkpt>
    <trkpt lat="43.252872" lon="-4.025072"><ele>199.4</ele></trkpt>
    <trkpt lat="43.252845" lon="-4.025037"><ele>199.8</ele></trkpt>
    <trkpt lat="43.252827" lon="-4.025017"><ele>200.0</ele></trkpt>
    <trkpt lat="43.252817" lon="-4.024997"><ele>200.2</ele></trkpt>
    <trkpt lat="43.252807" lon="-4.024972"><ele>200.4</ele></trkpt>
    <trkpt lat="43.252797" lon="-4.024952"><ele>200.6</ele></trkpt>
    <trkpt lat="43.252782" lon="-4.024935"><ele>200.8</ele></trkpt>
    <trkpt lat="43.252757" lon="-4.024905"><ele>201.0</ele></trkpt>
    <trkpt lat="43.252732" lon="-4.024882"><ele>201.6</ele></trkpt>
    <trkpt lat="43.252712" lon="-4.024857"><ele>202.2</ele></trkpt>
    <trkpt lat="43.252687" lon="-4.024837"><ele>202.4</ele></trkpt>
    <trkpt lat="43.252662" lon="-4.024825"><ele>202.8</ele></trkpt>
    <trkpt lat="43.252637" lon="-4.024807"><ele>203.2</ele></trkpt>
    <trkpt lat="43.252607" lon="-4.024802"><ele>204.0</ele></trkpt>
    <trkpt lat="43.252587" lon="-4.024812"><ele>204.4</ele></trkpt>
    <trkpt lat="43.25257" lon="-4.024825"><ele>204.8</ele></trkpt>
    <trkpt lat="43.252552" lon="-4.02484"><ele>205.6</ele></trkpt>
    <trkpt lat="43.252537" lon="-4.024865"><ele>206.2</ele></trkpt>
    <trkpt lat="43.252532" lon="-4.024892"><ele>206.6</ele></trkpt>
    <trkpt lat="43.25253" lon="-4.024927"><ele>207.2</ele></trkpt>
    <trkpt lat="43.252532" lon="-4.024955"><ele>207.8</ele></trkpt>
    <trkpt lat="43.252537" lon="-4.024982"><ele>208.4</ele></trkpt>
    <trkpt lat="43.252535" lon="-4.025007"><ele>208.8</ele></trkpt>
    <trkpt lat="43.252535" lon="-4.025037"><ele>209.2</ele></trkpt>
    <trkpt lat="43.252542" lon="-4.025067"><ele>209.8</ele></trkpt>
    <trkpt lat="43.252552" lon="-4.025103"><ele>210.2</ele></trkpt>
    <trkpt lat="43.252557" lon="-4.025133"><ele>210.6</ele></trkpt>
    <trkpt lat="43.252557" lon="-4.025167"><ele>211.2</ele></trkpt>
    <trkpt lat="43.252562" lon="-4.025202"><ele>211.8</ele></trkpt>
    <trkpt lat="43.252577" lon="-4.025228"><ele>212.2</ele></trkpt>
    <trkpt lat="43.252587" lon="-4.025257"><ele>212.6</ele></trkpt>
    <trkpt lat="43.2526" lon="-4.02528"><ele>213.0</ele></trkpt>
    <trkpt lat="43.252615" lon="-4.025297"><ele>213.4</ele></trkpt>
    <trkpt lat="43.252622" lon="-4.025323"><ele>214.2</ele></trkpt>
    <trkpt lat="43.252625" lon="-4.025355"><ele>214.6</ele></trkpt>
    <trkpt lat="43.252627" lon="-4.025382"><ele>215.0</ele></trkpt>
    <trkpt lat="43.252637" lon="-4.025412"><ele>215.4</ele></trkpt>
    <trkpt lat="43.252652" lon="-4.02544"><ele>215.6</ele></trkpt>
    <trkpt lat="43.25267" lon="-4.025452"><ele>216.0</ele></trkpt>
    <trkpt lat="43.252687" lon="-4.025472"><ele>216.4</ele></trkpt>
    <trkpt lat="43.2527" lon="-4.02549"><ele>216.6</ele></trkpt>
    <trkpt lat="43.252717" lon="-4.02551"><ele>217.0</ele></trkpt>
    <trkpt lat="43.252737" lon="-4.025528"><ele>217.6</ele></trkpt>
    <trkpt lat="43.252752" lon="-4.025547"><ele>218.2</ele></trkpt>
    <trkpt lat="43.252772" lon="-4.025558"><ele>218.4</ele></trkpt>
    <trkpt lat="43.252792" lon="-4.025587"><ele>219.2</ele></trkpt>
    <trkpt lat="43.252812" lon="-4.025612"><ele>220.0</ele></trkpt>
    <trkpt lat="43.25283" lon="-4.025637"><ele>221.0</ele></trkpt>
    <trkpt lat="43.252842" lon="-4.025667"><ele>221.6</ele></trkpt>
    <trkpt lat="43.252852" lon="-4.025695"><ele>222.0</ele></trkpt>
    <trkpt lat="43.25286" lon="-4.025727"><ele>222.6</ele></trkpt>
    <trkpt lat="43.252862" lon="-4.025762"><ele>223.0</ele></trkpt>
    <trkpt lat="43.252865" lon="-4.0258"><ele>223.4</ele></trkpt>
    <trkpt lat="43.252867" lon="-4.02583"><ele>224.0</ele></trkpt>
    <trkpt lat="43.25287" lon="-4.025862"><ele>224.6</ele></trkpt>
    <trkpt lat="43.252867" lon="-4.025897"><ele>225.0</ele></trkpt>
    <trkpt lat="43.252867" lon="-4.025937"><ele>225.6</ele></trkpt>
    <trkpt lat="43.252865" lon="-4.025972"><ele>226.2</ele></trkpt>
    <trkpt lat="43.252857" lon="-4.026"><ele>226.6</ele></trkpt>
    <trkpt lat="43.252837" lon="-4.026027"><ele>227.2</ele></trkpt>
    <trkpt lat="43.25282" lon="-4.026045"><ele>227.8</ele></trkpt>
    <trkpt lat="43.2528" lon="-4.026067"><ele>228.2</ele></trkpt>
    <trkpt lat="43.252777" lon="-4.026087"><ele>229.0</ele></trkpt>
    <trkpt lat="43.252757" lon="-4.026102"><ele>229.4</ele></trkpt>
    <trkpt lat="43.252732" lon="-4.02611"><ele>230.0</ele></trkpt>
    <trkpt lat="43.252707" lon="-4.026117"><ele>230.4</ele></trkpt>
    <trkpt lat="43.252687" lon="-4.026125"><ele>231.0</ele></trkpt>
    <trkpt lat="43.25267" lon="-4.026132"><ele>231.6</ele></trkpt>
    <trkpt lat="43.252647" lon="-4.02613"><ele>232.2</ele></trkpt>
    <trkpt lat="43.252627" lon="-4.026127"><ele>232.8</ele></trkpt>
    <trkpt lat="43.252607" lon="-4.026118"><ele>233.2</ele></trkpt>
    <trkpt lat="43.252587" lon="-4.026112"><ele>233.8</ele></trkpt>
    <trkpt lat="43.252567" lon="-4.02611"><ele>234.4</ele></trkpt>
    <trkpt lat="43.252545" lon="-4.026107"><ele>234.8</ele></trkpt>
    <trkpt lat="43.252522" lon="-4.026095"><ele>235.2</ele></trkpt>
    <trkpt lat="43.252497" lon="-4.026087"><ele>235.8</ele></trkpt>
    <trkpt lat="43.252477" lon="-4.026077"><ele>236.2</ele></trkpt>
    <trkpt lat="43.252452" lon="-4.026062"><ele>237.0</ele></trkpt>
    <trkpt lat="43.25243" lon="-4.026062"><ele>237.6</ele></trkpt>
    <trkpt lat="43.252402" lon="-4.026062"><ele>238.2</ele></trkpt>
    <trkpt lat="43.252377" lon="-4.026062"><ele>238.6</ele></trkpt>
    <trkpt lat="43.252347" lon="-4.026058"><ele>238.8</ele></trkpt>
    <trkpt lat="43.252322" lon="-4.026058"><ele>239.2</ele></trkpt>
    <trkpt lat="43.252298" lon="-4.026068"><ele>239.6</ele></trkpt>
    <trkpt lat="43.252277" lon="-4.026082"><ele>240.2</ele></trkpt>
    <trkpt lat="43.252252" lon="-4.026087"><ele>240.8</ele></trkpt>
    <trkpt lat="43.252235" lon="-4.026107"><ele>241.2</ele></trkpt>
    <trkpt lat="43.252217" lon="-4.026127"><ele>241.6</ele></trkpt>
    <trkpt lat="43.252197" lon="-4.026142"><ele>242.0</ele></trkpt>
    <trkpt lat="43.252177" lon="-4.026162"><ele>242.6</ele></trkpt>
    <trkpt lat="43.252157" lon="-4.026182"><ele>243.0</ele></trkpt>
    <trkpt lat="43.25214" lon="-4.026202"><ele>243.6</ele></trkpt>
    <trkpt lat="43.252122" lon="-4.026217"><ele>244.0</ele></trkpt>
    <trkpt lat="43.252102" lon="-4.026238"><ele>244.6</ele></trkpt>
    <trkpt lat="43.252082" lon="-4.026248"><ele>245.0</ele></trkpt>
    <trkpt lat="43.252067" lon="-4.026265"><ele>245.4</ele></trkpt>
    <trkpt lat="43.252052" lon="-4.026292"><ele>246.2</ele></trkpt>
    <trkpt lat="43.25203" lon="-4.026317"><ele>246.8</ele></trkpt>
    <trkpt lat="43.252015" lon="-4.026332"><ele>247.4</ele></trkpt>
    <trkpt lat="43.251992" lon="-4.026353"><ele>248.0</ele></trkpt>
    <trkpt lat="43.25197" lon="-4.026373"><ele>248.6</ele></trkpt>
    <trkpt lat="43.251952" lon="-4.026392"><ele>249.0</ele></trkpt>
    <trkpt lat="43.251937" lon="-4.026407"><ele>249.6</ele></trkpt>
    <trkpt lat="43.251922" lon="-4.026432"><ele>250.2</ele></trkpt>
    <trkpt lat="43.251905" lon="-4.026447"><ele>250.6</ele></trkpt>
    <trkpt lat="43.251882" lon="-4.026462"><ele>251.4</ele></trkpt>
    <trkpt lat="43.251865" lon="-4.026472"><ele>251.8</ele></trkpt>
    <trkpt lat="43.251848" lon="-4.02649"><ele>252.2</ele></trkpt>
    <trkpt lat="43.251822" lon="-4.026507"><ele>253.0</ele></trkpt>
    <trkpt lat="43.251802" lon="-4.026527"><ele>253.8</ele></trkpt>
    <trkpt lat="43.251782" lon="-4.02654"><ele>254.2</ele></trkpt>
    <trkpt lat="43.25176" lon="-4.026552"><ele>255.2</ele></trkpt>
    <trkpt lat="43.25174" lon="-4.026572"><ele>256.0</ele></trkpt>
    <trkpt lat="43.251722" lon="-4.026592"><ele>256.4</ele></trkpt>
    <trkpt lat="43.251697" lon="-4.026615"><ele>257.2</ele></trkpt>
    <trkpt lat="43.251677" lon="-4.026635"><ele>257.8</ele></trkpt>
    <trkpt lat="43.25166" lon="-4.026647"><ele>258.4</ele></trkpt>
    <trkpt lat="43.251642" lon="-4.026657"><ele>259.0</ele></trkpt>
    <trkpt lat="43.251617" lon="-4.026677"><ele>259.6</ele></trkpt>
    <trkpt lat="43.251597" lon="-4.026687"><ele>260.2</ele></trkpt>
    <trkpt lat="43.251575" lon="-4.026702"><ele>260.8</ele></trkpt>
    <trkpt lat="43.251555" lon="-4.026712"><ele>261.4</ele></trkpt>
    <trkpt lat="43.251537" lon="-4.026727"><ele>262.0</ele></trkpt>
    <trkpt lat="43.251522" lon="-4.026745"><ele>262.6</ele></trkpt>
    <trkpt lat="43.251507" lon="-4.026767"><ele>263.2</ele></trkpt>
    <trkpt lat="43.251495" lon="-4.026787"><ele>263.4</ele></trkpt>
    <trkpt lat="43.25148" lon="-4.02681"><ele>264.0</ele></trkpt>
    <trkpt lat="43.251467" lon="-4.026835"><ele>264.4</ele></trkpt>
    <trkpt lat="43.251462" lon="-4.026857"><ele>264.8</ele></trkpt>
    <trkpt lat="43.251455" lon="-4.026882"><ele>265.2</ele></trkpt>
    <trkpt lat="43.251447" lon="-4.02691"><ele>265.8</ele></trkpt>
    <trkpt lat="43.251447" lon="-4.026937"><ele>266.4</ele></trkpt>
    <trkpt lat="43.251445" lon="-4.02697"><ele>267.4</ele></trkpt>
    <trkpt lat="43.251447" lon="-4.026995"><ele>267.8</ele></trkpt>
    <trkpt lat="43.251445" lon="-4.027022"><ele>268.2</ele></trkpt>
    <trkpt lat="43.251447" lon="-4.027052"><ele>268.8</ele></trkpt>
    <trkpt lat="43.251455" lon="-4.027082"><ele>269.2</ele></trkpt>
    <trkpt lat="43.251467" lon="-4.027112"><ele>270.0</ele></trkpt>
    <trkpt lat="43.251477" lon="-4.027142"><ele>270.2</ele></trkpt>
    <trkpt lat="43.251487" lon="-4.027172"><ele>270.6</ele></trkpt>
    <trkpt lat="43.251495" lon="-4.027202"><ele>271.2</ele></trkpt>
    <trkpt lat="43.251507" lon="-4.027237"><ele>271.6</ele></trkpt>
    <trkpt lat="43.251517" lon="-4.027275"><ele>272.0</ele></trkpt>
    <trkpt lat="43.251527" lon="-4.027312"><ele>272.6</ele></trkpt>
    <trkpt lat="43.251532" lon="-4.02735"><ele>273.2</ele></trkpt>
    <trkpt lat="43.251532" lon="-4.027387"><ele>273.8</ele></trkpt>
    <trkpt lat="43.251545" lon="-4.027422"><ele>274.4</ele></trkpt>
    <trkpt lat="43.251562" lon="-4.027462"><ele>275.2</ele></trkpt>
    <trkpt lat="43.251567" lon="-4.027507"><ele>275.6</ele></trkpt>
    <trkpt lat="43.251562" lon="-4.027552"><ele>276.2</ele></trkpt>
    <trkpt lat="43.25155" lon="-4.027592"><ele>276.8</ele></trkpt>
    <trkpt lat="43.251532" lon="-4.027623"><ele>277.4</ele></trkpt>
    <trkpt lat="43.251505" lon="-4.027655"><ele>278.0</ele></trkpt>
    <trkpt lat="43.251475" lon="-4.027675"><ele>278.4</ele></trkpt>
    <trkpt lat="43.251455" lon="-4.027678"><ele>278.6</ele></trkpt>
    <trkpt lat="43.251422" lon="-4.027688"><ele>279.0</ele></trkpt>
    <trkpt lat="43.251402" lon="-4.027692"><ele>279.2</ele></trkpt>
    <trkpt lat="43.251385" lon="-4.027695"><ele>279.4</ele></trkpt>
    <trkpt lat="43.25135" lon="-4.027685"><ele>279.8</ele></trkpt>
    <trkpt lat="43.251332" lon="-4.027682"><ele>280.0</ele></trkpt>
    <trkpt lat="43.251297" lon="-4.027675"><ele>280.6</ele></trkpt>
    <trkpt lat="43.251277" lon="-4.027672"><ele>280.8</ele></trkpt>
    <trkpt lat="43.251242" lon="-4.027662"><ele>281.2</ele></trkpt>
    <trkpt lat="43.251222" lon="-4.027657"><ele>281.4</ele></trkpt>
    <trkpt lat="43.25119" lon="-4.027642"><ele>281.8</ele></trkpt>
    <trkpt lat="43.251162" lon="-4.02762"><ele>282.2</ele></trkpt>
    <trkpt lat="43.251142" lon="-4.027582"><ele>282.6</ele></trkpt>
    <trkpt lat="43.251127" lon="-4.027548"><ele>282.8</ele></trkpt>
    <trkpt lat="43.251102" lon="-4.027517"><ele>283.4</ele></trkpt>
    <trkpt lat="43.251072" lon="-4.027497"><ele>284.0</ele></trkpt>
    <trkpt lat="43.251052" lon="-4.027487"><ele>284.6</ele></trkpt>
    <trkpt lat="43.251035" lon="-4.02748"><ele>284.8</ele></trkpt>
    <trkpt lat="43.251017" lon="-4.027475"><ele>285.0</ele></trkpt>
    <trkpt lat="43.250997" lon="-4.02747"><ele>285.0</ele></trkpt>
    <trkpt lat="43.25097" lon="-4.027465"><ele>285.6</ele></trkpt>
    <trkpt lat="43.250952" lon="-4.027462"><ele>285.6</ele></trkpt>
    <trkpt lat="43.25092" lon="-4.027452"><ele>286.2</ele></trkpt>
    <trkpt lat="43.250887" lon="-4.02744"><ele>286.6</ele></trkpt>
    <trkpt lat="43.250852" lon="-4.027437"><ele>287.4</ele></trkpt>
    <trkpt lat="43.250822" lon="-4.027432"><ele>287.8</ele></trkpt>
    <trkpt lat="43.250797" lon="-4.02743"><ele>288.4</ele></trkpt>
    <trkpt lat="43.25077" lon="-4.02743"><ele>288.8</ele></trkpt>
    <trkpt lat="43.250747" lon="-4.027432"><ele>289.0</ele></trkpt>
    <trkpt lat="43.25072" lon="-4.027442"><ele>289.4</ele></trkpt>
    <trkpt lat="43.250697" lon="-4.02745"><ele>289.8</ele></trkpt>
    <trkpt lat="43.250677" lon="-4.02746"><ele>290.2</ele></trkpt>
    <trkpt lat="43.250652" lon="-4.027477"><ele>290.8</ele></trkpt>
    <trkpt lat="43.250637" lon="-4.027507"><ele>291.4</ele></trkpt>
    <trkpt lat="43.250627" lon="-4.027542"><ele>291.8</ele></trkpt>
    <trkpt lat="43.25062" lon="-4.027572"><ele>292.2</ele></trkpt>
    <trkpt lat="43.25062" lon="-4.02761"><ele>292.4</ele></trkpt>
    <trkpt lat="43.250617" lon="-4.02765"><ele>293.0</ele></trkpt>
    <trkpt lat="43.250617" lon="-4.027682"><ele>293.2</ele></trkpt>
    <trkpt lat="43.250617" lon="-4.027708"><ele>293.6</ele></trkpt>
    <trkpt lat="43.250617" lon="-4.027742"><ele>294.2</ele></trkpt>
    <trkpt lat="43.250617" lon="-4.027777"><ele>294.6</ele></trkpt>
    <trkpt lat="43.250612" lon="-4.027807"><ele>295.2</ele></trkpt>
    <trkpt lat="43.250602" lon="-4.027837"><ele>295.8</ele></trkpt>
    <trkpt lat="43.250587" lon="-4.027862"><ele>296.4</ele></trkpt>
    <trkpt lat="43.250572" lon="-4.027878"><ele>296.8</ele></trkpt>
    <trkpt lat="43.25055" lon="-4.027897"><ele>297.4</ele></trkpt>
    <trkpt lat="43.250525" lon="-4.027902"><ele>297.8</ele></trkpt>
    <trkpt lat="43.2505" lon="-4.027905"><ele>298.4</ele></trkpt>
    <trkpt lat="43.250475" lon="-4.027902"><ele>298.6</ele></trkpt>
    <trkpt lat="43.250452" lon="-4.027902"><ele>299.0</ele></trkpt>
    <trkpt lat="43.250427" lon="-4.027897"><ele>299.4</ele></trkpt>
    <trkpt lat="43.250402" lon="-4.027897"><ele>299.8</ele></trkpt>
    <trkpt lat="43.250377" lon="-4.027902"><ele>300.2</ele></trkpt>
    <trkpt lat="43.250352" lon="-4.02791"><ele>300.8</ele></trkpt>
    <trkpt lat="43.250327" lon="-4.027917"><ele>301.0</ele></trkpt>
    <trkpt lat="43.250302" lon="-4.027935"><ele>301.6</ele></trkpt>
    <trkpt lat="43.250275" lon="-4.027962"><ele>302.0</ele></trkpt>
    <trkpt lat="43.250247" lon="-4.027992"><ele>302.6</ele></trkpt>
    <trkpt lat="43.25022" lon="-4.028015"><ele>303.0</ele></trkpt>
    <trkpt lat="43.250202" lon="-4.028027"><ele>303.2</ele></trkpt>
    <trkpt lat="43.250182" lon="-4.028047"><ele>303.6</ele></trkpt>
    <trkpt lat="43.250157" lon="-4.028068"><ele>304.2</ele></trkpt>
    <trkpt lat="43.25013" lon="-4.028087"><ele>304.8</ele></trkpt>
    <trkpt lat="43.250107" lon="-4.02811"><ele>305.8</ele></trkpt>
    <trkpt lat="43.25009" lon="-4.028122"><ele>306.0</ele></trkpt>
    <trkpt lat="43.250072" lon="-4.028132"><ele>306.2</ele></trkpt>
    <trkpt lat="43.250037" lon="-4.028152"><ele>306.8</ele></trkpt>
    <trkpt lat="43.250022" lon="-4.028162"><ele>307.0</ele></trkpt>
    <trkpt lat="43.249992" lon="-4.028183"><ele>307.4</ele></trkpt>
    <trkpt lat="43.249975" lon="-4.028197"><ele>307.6</ele></trkpt>
    <trkpt lat="43.249937" lon="-4.028207"><ele>308.2</ele></trkpt>
    <trkpt lat="43.249917" lon="-4.028215"><ele>308.4</ele></trkpt>
    <trkpt lat="43.249897" lon="-4.028217"><ele>308.6</ele></trkpt>
    <trkpt lat="43.249877" lon="-4.028212"><ele>308.6</ele></trkpt>
    <trkpt lat="43.24986" lon="-4.02821"><ele>308.8</ele></trkpt>
    <trkpt lat="43.24984" lon="-4.028202"><ele>309.0</ele></trkpt>
    <trkpt lat="43.249822" lon="-4.028195"><ele>309.2</ele></trkpt>
    <trkpt lat="43.249802" lon="-4.028183"><ele>309.4</ele></trkpt>
    <trkpt lat="43.249785" lon="-4.02817"><ele>309.6</ele></trkpt>
    <trkpt lat="43.249767" lon="-4.028157"><ele>309.8</ele></trkpt>
    <trkpt lat="43.249752" lon="-4.028142"><ele>310.0</ele></trkpt>
    <trkpt lat="43.249732" lon="-4.028127"><ele>310.2</ele></trkpt>
    <trkpt lat="43.249715" lon="-4.028115"><ele>310.6</ele></trkpt>
    <trkpt lat="43.249697" lon="-4.028102"><ele>310.8</ele></trkpt>
    <trkpt lat="43.249677" lon="-4.028087"><ele>311.0</ele></trkpt>
    <trkpt lat="43.249662" lon="-4.028072"><ele>311.2</ele></trkpt>
    <trkpt lat="43.24964" lon="-4.028057"><ele>311.4</ele></trkpt>
    <trkpt lat="43.249622" lon="-4.028042"><ele>311.6</ele></trkpt>
    <trkpt lat="43.249605" lon="-4.028027"><ele>311.8</ele></trkpt>
    <trkpt lat="43.249587" lon="-4.02801"><ele>312.2</ele></trkpt>
    <trkpt lat="43.249572" lon="-4.02799"><ele>312.4</ele></trkpt>
    <trkpt lat="43.249557" lon="-4.02797"><ele>312.6</ele></trkpt>
    <trkpt lat="43.24954" lon="-4.02794"><ele>312.8</ele></trkpt>
    <trkpt lat="43.249525" lon="-4.027912"><ele>313.2</ele></trkpt>
    <trkpt lat="43.24951" lon="-4.027887"><ele>313.6</ele></trkpt>
    <trkpt lat="43.249497" lon="-4.027857"><ele>314.0</ele></trkpt>
    <trkpt lat="43.249482" lon="-4.027827"><ele>314.4</ele></trkpt>
    <trkpt lat="43.249467" lon="-4.027802"><ele>314.8</ele></trkpt>
    <trkpt lat="43.249452" lon="-4.027772"><ele>315.2</ele></trkpt>
    <trkpt lat="43.249432" lon="-4.027738"><ele>315.6</ele></trkpt>
    <trkpt lat="43.249415" lon="-4.027722"><ele>316.2</ele></trkpt>
    <trkpt lat="43.249392" lon="-4.0277"><ele>316.6</ele></trkpt>
    <trkpt lat="43.249375" lon="-4.027677"><ele>317.2</ele></trkpt>
    <trkpt lat="43.249355" lon="-4.027657"><ele>317.8</ele></trkpt>
    <trkpt lat="43.249337" lon="-4.027642"><ele>318.2</ele></trkpt>
    <trkpt lat="43.249325" lon="-4.027622"><ele>319.8</ele></trkpt>
    <trkpt lat="43.249307" lon="-4.027587"><ele>319.8</ele></trkpt>
    <trkpt lat="43.249277" lon="-4.027555"><ele>320.0</ele></trkpt>
    <trkpt lat="43.249252" lon="-4.027535"><ele>320.2</ele></trkpt>
    <trkpt lat="43.249225" lon="-4.027525"><ele>320.6</ele></trkpt>
    <trkpt lat="43.249197" lon="-4.027522"><ele>320.8</ele></trkpt>
    <trkpt lat="43.249177" lon="-4.027528"><ele>321.2</ele></trkpt>
    <trkpt lat="43.249155" lon="-4.027548"><ele>321.6</ele></trkpt>
    <trkpt lat="43.249137" lon="-4.027567"><ele>322.0</ele></trkpt>
    <trkpt lat="43.249117" lon="-4.02759"><ele>322.6</ele></trkpt>
    <trkpt lat="43.249102" lon="-4.02761"><ele>323.2</ele></trkpt>
    <trkpt lat="43.249082" lon="-4.027635"><ele>324.6</ele></trkpt>
    <trkpt lat="43.249067" lon="-4.027657"><ele>325.0</ele></trkpt>
    <trkpt lat="43.249052" lon="-4.027672"><ele>325.6</ele></trkpt>
    <trkpt lat="43.249037" lon="-4.027705"><ele>326.6</ele></trkpt>
    <trkpt lat="43.249027" lon="-4.027727"><ele>327.2</ele></trkpt>
    <trkpt lat="43.249017" lon="-4.027757"><ele>327.6</ele></trkpt>
    <trkpt lat="43.249007" lon="-4.027782"><ele>328.0</ele></trkpt>
    <trkpt lat="43.248997" lon="-4.027803"><ele>328.6</ele></trkpt>
    <trkpt lat="43.248987" lon="-4.027837"><ele>329.6</ele></trkpt>
    <trkpt lat="43.248982" lon="-4.027867"><ele>330.2</ele></trkpt>
    <trkpt lat="43.248982" lon="-4.027895"><ele>330.8</ele></trkpt>
    <trkpt lat="43.24898" lon="-4.027922"><ele>331.4</ele></trkpt>
    <trkpt lat="43.248972" lon="-4.027952"><ele>332.0</ele></trkpt>
    <trkpt lat="43.248963" lon="-4.027982"><ele>332.6</ele></trkpt>
    <trkpt lat="43.248957" lon="-4.028012"><ele>333.2</ele></trkpt>
    <trkpt lat="43.248947" lon="-4.028042"><ele>333.6</ele></trkpt>
    <trkpt lat="43.248937" lon="-4.028068"><ele>334.2</ele></trkpt>
    <trkpt lat="43.24892" lon="-4.028092"><ele>334.6</ele></trkpt>
    <trkpt lat="43.248902" lon="-4.028117"><ele>335.2</ele></trkpt>
    <trkpt lat="43.248887" lon="-4.028137"><ele>335.6</ele></trkpt>
    <trkpt lat="43.24887" lon="-4.028157"><ele>336.2</ele></trkpt>
    <trkpt lat="43.24885" lon="-4.028172"><ele>336.8</ele></trkpt>
    <trkpt lat="43.248827" lon="-4.028183"><ele>337.2</ele></trkpt>
    <trkpt lat="43.248802" lon="-4.028205"><ele>337.6</ele></trkpt>
    <trkpt lat="43.248782" lon="-4.028227"><ele>338.0</ele></trkpt>
    <trkpt lat="43.248757" lon="-4.02826"><ele>338.4</ele></trkpt>
    <trkpt lat="43.248745" lon="-4.028278"><ele>338.4</ele></trkpt>
    <trkpt lat="43.248717" lon="-4.028312"><ele>338.6</ele></trkpt>
    <trkpt lat="43.248705" lon="-4.028332"><ele>338.8</ele></trkpt>
    <trkpt lat="43.248692" lon="-4.028352"><ele>339.0</ele></trkpt>
    <trkpt lat="43.248677" lon="-4.028372"><ele>339.0</ele></trkpt>
    <trkpt lat="43.248662" lon="-4.028392"><ele>339.0</ele></trkpt>
    <trkpt lat="43.248647" lon="-4.028408"><ele>339.2</ele></trkpt>
    <trkpt lat="43.248637" lon="-4.028432"><ele>339.4</ele></trkpt>
    <trkpt lat="43.248622" lon="-4.028455"><ele>339.4</ele></trkpt>
    <trkpt lat="43.248597" lon="-4.028495"><ele>339.8</ele></trkpt>
    <trkpt lat="43.248583" lon="-4.028513"><ele>340.0</ele></trkpt>
    <trkpt lat="43.248552" lon="-4.028545"><ele>340.2</ele></trkpt>
    <trkpt lat="43.248527" lon="-4.02857"><ele>340.6</ele></trkpt>
    <trkpt lat="43.248502" lon="-4.028592"><ele>340.8</ele></trkpt>
    <trkpt lat="43.248485" lon="-4.028605"><ele>341.0</ele></trkpt>
    <trkpt lat="43.248462" lon="-4.028617"><ele>341.4</ele></trkpt>
    <trkpt lat="43.24844" lon="-4.028627"><ele>341.4</ele></trkpt>
    <trkpt lat="43.248412" lon="-4.028628"><ele>341.4</ele></trkpt>
    <trkpt lat="43.248387" lon="-4.028645"><ele>341.4</ele></trkpt>
    <trkpt lat="43.248362" lon="-4.02866"><ele>341.6</ele></trkpt>
    <trkpt lat="43.24834" lon="-4.02867"><ele>342.0</ele></trkpt>
    <trkpt lat="43.24832" lon="-4.028673"><ele>342.4</ele></trkpt>
    <trkpt lat="43.248295" lon="-4.028677"><ele>343.0</ele></trkpt>
    <trkpt lat="43.248272" lon="-4.028677"><ele>343.8</ele></trkpt>
    <trkpt lat="43.248252" lon="-4.028673"><ele>344.2</ele></trkpt>
    <trkpt lat="43.248232" lon="-4.028673"><ele>344.8</ele></trkpt>
    <trkpt lat="43.248212" lon="-4.028677"><ele>345.4</ele></trkpt>
    <trkpt lat="43.24819" lon="-4.028662"><ele>346.0</ele></trkpt>
    <trkpt lat="43.248165" lon="-4.028642"><ele>346.6</ele></trkpt>
    <trkpt lat="43.248137" lon="-4.028627"><ele>347.0</ele></trkpt>
    <trkpt lat="43.248107" lon="-4.028617"><ele>347.2</ele></trkpt>
    <trkpt lat="43.248085" lon="-4.028607"><ele>347.4</ele></trkpt>
    <trkpt lat="43.248067" lon="-4.028597"><ele>347.4</ele></trkpt>
    <trkpt lat="43.248042" lon="-4.028587"><ele>347.6</ele></trkpt>
    <trkpt lat="43.248022" lon="-4.028585"><ele>347.6</ele></trkpt>
    <trkpt lat="43.247997" lon="-4.028577"><ele>347.6</ele></trkpt>
    <trkpt lat="43.247972" lon="-4.028577"><ele>347.4</ele></trkpt>
    <trkpt lat="43.247955" lon="-4.028577"><ele>347.4</ele></trkpt>
    <trkpt lat="43.247932" lon="-4.028577"><ele>347.2</ele></trkpt>
    <trkpt lat="43.247912" lon="-4.028577"><ele>347.2</ele></trkpt>
    <trkpt lat="43.247885" lon="-4.028578"><ele>347.0</ele></trkpt>
    <trkpt lat="43.247867" lon="-4.028577"><ele>346.6</ele></trkpt>
    <trkpt lat="43.247847" lon="-4.028557"><ele>346.6</ele></trkpt>
    <trkpt lat="43.247827" lon="-4.02855"><ele>346.6</ele></trkpt>
    <trkpt lat="43.247807" lon="-4.028532"><ele>347.6</ele></trkpt>
    <trkpt lat="43.24779" lon="-4.028517"><ele>348.0</ele></trkpt>
    <trkpt lat="43.247772" lon="-4.028502"><ele>348.2</ele></trkpt>
    <trkpt lat="43.247752" lon="-4.028492"><ele>348.4</ele></trkpt>
    <trkpt lat="43.247727" lon="-4.028487"><ele>348.6</ele></trkpt>
    <trkpt lat="43.247705" lon="-4.028495"><ele>349.0</ele></trkpt>
    <trkpt lat="43.247682" lon="-4.028512"><ele>349.6</ele></trkpt>
    <trkpt lat="43.24766" lon="-4.028522"><ele>350.0</ele></trkpt>
    <trkpt lat="43.247642" lon="-4.028537"><ele>350.2</ele></trkpt>
    <trkpt lat="43.247622" lon="-4.028547"><ele>350.2</ele></trkpt>
    <trkpt lat="43.247605" lon="-4.028565"><ele>350.4</ele></trkpt>
    <trkpt lat="43.247582" lon="-4.028577"><ele>350.8</ele></trkpt>
    <trkpt lat="43.247555" lon="-4.028577"><ele>351.0</ele></trkpt>
    <trkpt lat="43.247528" lon="-4.02859"><ele>351.0</ele></trkpt>
    <trkpt lat="43.247512" lon="-4.028605"><ele>351.0</ele></trkpt>
    <trkpt lat="43.247492" lon="-4.02862"><ele>351.2</ele></trkpt>
    <trkpt lat="43.247477" lon="-4.02864"><ele>351.4</ele></trkpt>
    <trkpt lat="43.247472" lon="-4.028667"><ele>351.8</ele></trkpt>
    <trkpt lat="43.247472" lon="-4.028693"><ele>352.0</ele></trkpt>
    <trkpt lat="43.247472" lon="-4.028723"><ele>352.2</ele></trkpt>
    <trkpt lat="43.247467" lon="-4.028748"><ele>352.4</ele></trkpt>
    <trkpt lat="43.247458" lon="-4.028772"><ele>352.8</ele></trkpt>
    <trkpt lat="43.247455" lon="-4.028812"><ele>353.2</ele></trkpt>
    <trkpt lat="43.247447" lon="-4.028842"><ele>354.0</ele></trkpt>
    <trkpt lat="43.247437" lon="-4.028862"><ele>354.8</ele></trkpt>
    <trkpt lat="43.247427" lon="-4.028887"><ele>355.2</ele></trkpt>
    <trkpt lat="43.247422" lon="-4.028917"><ele>355.6</ele></trkpt>
    <trkpt lat="43.247422" lon="-4.028942"><ele>356.0</ele></trkpt>
    <trkpt lat="43.247412" lon="-4.028967"><ele>356.8</ele></trkpt>
    <trkpt lat="43.24741" lon="-4.028995"><ele>357.6</ele></trkpt>
    <trkpt lat="43.247402" lon="-4.029022"><ele>358.2</ele></trkpt>
    <trkpt lat="43.247392" lon="-4.029043"><ele>358.8</ele></trkpt>
    <trkpt lat="43.247373" lon="-4.029062"><ele>359.4</ele></trkpt>
    <trkpt lat="43.247362" lon="-4.029087"><ele>360.0</ele></trkpt>
    <trkpt lat="43.247345" lon="-4.029102"><ele>360.6</ele></trkpt>
    <trkpt lat="43.247332" lon="-4.029127"><ele>361.6</ele></trkpt>
    <trkpt lat="43.247317" lon="-4.029142"><ele>362.0</ele></trkpt>
    <trkpt lat="43.2473" lon="-4.029172"><ele>362.8</ele></trkpt>
    <trkpt lat="43.247287" lon="-4.029195"><ele>363.6</ele></trkpt>
    <trkpt lat="43.24727" lon="-4.02922"><ele>364.4</ele></trkpt>
    <trkpt lat="43.247257" lon="-4.02924"><ele>365.0</ele></trkpt>
    <trkpt lat="43.247242" lon="-4.029255"><ele>365.4</ele></trkpt>
    <trkpt lat="43.24723" lon="-4.029277"><ele>366.0</ele></trkpt>
    <trkpt lat="43.247207" lon="-4.029288"><ele>366.6</ele></trkpt>
    <trkpt lat="43.247187" lon="-4.029308"><ele>367.0</ele></trkpt>
    <trkpt lat="43.247172" lon="-4.029328"><ele>367.6</ele></trkpt>
    <trkpt lat="43.247147" lon="-4.02934"><ele>368.0</ele></trkpt>
    <trkpt lat="43.247122" lon="-4.029342"><ele>368.4</ele></trkpt>
    <trkpt lat="43.2471" lon="-4.029347"><ele>369.0</ele></trkpt>
    <trkpt lat="43.247072" lon="-4.029352"><ele>369.6</ele></trkpt>
    <trkpt lat="43.247055" lon="-4.029347"><ele>370.0</ele></trkpt>
    <trkpt lat="43.247037" lon="-4.029327"><ele>370.4</ele></trkpt>
    <trkpt lat="43.24701" lon="-4.029305"><ele>370.8</ele></trkpt>
    <trkpt lat="43.246992" lon="-4.029292"><ele>371.0</ele></trkpt>
    <trkpt lat="43.246972" lon="-4.029277"><ele>371.2</ele></trkpt>
    <trkpt lat="43.246955" lon="-4.029267"><ele>371.2</ele></trkpt>
    <trkpt lat="43.246935" lon="-4.029255"><ele>371.2</ele></trkpt>
    <trkpt lat="43.246915" lon="-4.029242"><ele>371.4</ele></trkpt>
    <trkpt lat="43.246897" lon="-4.029227"><ele>371.4</ele></trkpt>
    <trkpt lat="43.246875" lon="-4.029192"><ele>371.4</ele></trkpt>
    <trkpt lat="43.246862" lon="-4.029157"><ele>371.4</ele></trkpt>
    <trkpt lat="43.246853" lon="-4.029122"><ele>371.0</ele></trkpt>
    <trkpt lat="43.24684" lon="-4.029095"><ele>370.6</ele></trkpt>
    <trkpt lat="43.246812" lon="-4.029097"><ele>370.0</ele></trkpt>
    <trkpt lat="43.24678" lon="-4.029105"><ele>369.8</ele></trkpt>
    <trkpt lat="43.246762" lon="-4.029107"><ele>370.0</ele></trkpt>
    <trkpt lat="43.246742" lon="-4.029107"><ele>370.0</ele></trkpt>
    <trkpt lat="43.246717" lon="-4.029122"><ele>370.4</ele></trkpt>
    <trkpt lat="43.246705" lon="-4.029147"><ele>370.6</ele></trkpt>
    <trkpt lat="43.24669" lon="-4.029167"><ele>371.0</ele></trkpt>
    <trkpt lat="43.246662" lon="-4.029177"><ele>371.4</ele></trkpt>
    <trkpt lat="43.246632" lon="-4.029175"><ele>372.0</ele></trkpt>
    <trkpt lat="43.246612" lon="-4.029177"><ele>372.4</ele></trkpt>
    <trkpt lat="43.24659" lon="-4.029175"><ele>372.6</ele></trkpt>
    <trkpt lat="43.246562" lon="-4.02916"><ele>373.0</ele></trkpt>
    <trkpt lat="43.246537" lon="-4.029147"><ele>373.2</ele></trkpt>
    <trkpt lat="43.246522" lon="-4.029132"><ele>373.4</ele></trkpt>
    <trkpt lat="43.246497" lon="-4.029097"><ele>373.6</ele></trkpt>
    <trkpt lat="43.246477" lon="-4.02908"><ele>373.8</ele></trkpt>
    <trkpt lat="43.246452" lon="-4.029062"><ele>374.0</ele></trkpt>
    <trkpt lat="43.246432" lon="-4.029047"><ele>374.2</ele></trkpt>
    <trkpt lat="43.246415" lon="-4.029035"><ele>374.6</ele></trkpt>
    <trkpt lat="43.246392" lon="-4.02902"><ele>374.8</ele></trkpt>
    <trkpt lat="43.246362" lon="-4.028997"><ele>374.8</ele></trkpt>
    <trkpt lat="43.246345" lon="-4.028987"><ele>374.8</ele></trkpt>
    <trkpt lat="43.246325" lon="-4.028967"><ele>374.8</ele></trkpt>
    <trkpt lat="43.246307" lon="-4.028952"><ele>375.0</ele></trkpt>
    <trkpt lat="43.246292" lon="-4.028937"><ele>374.8</ele></trkpt>
    <trkpt lat="43.246272" lon="-4.0289"><ele>374.6</ele></trkpt>
    <trkpt lat="43.246257" lon="-4.028877"><ele>374.6</ele></trkpt>
    <trkpt lat="43.246237" lon="-4.02886"><ele>374.8</ele></trkpt>
    <trkpt lat="43.246222" lon="-4.028842"><ele>375.0</ele></trkpt>
    <trkpt lat="43.246185" lon="-4.028825"><ele>375.6</ele></trkpt>
    <trkpt lat="43.246163" lon="-4.028817"><ele>375.8</ele></trkpt>
    <trkpt lat="43.246132" lon="-4.028825"><ele>376.6</ele></trkpt>
    <trkpt lat="43.2461" lon="-4.028835"><ele>377.2</ele></trkpt>
    <trkpt lat="43.246065" lon="-4.02883"><ele>378.0</ele></trkpt>
    <trkpt lat="43.246032" lon="-4.02883"><ele>378.8</ele></trkpt>
    <trkpt lat="43.246002" lon="-4.028818"><ele>379.6</ele></trkpt>
    <trkpt lat="43.245982" lon="-4.028815"><ele>380.0</ele></trkpt>
    <trkpt lat="43.245947" lon="-4.028805"><ele>380.6</ele></trkpt>
    <trkpt lat="43.245927" lon="-4.028802"><ele>381.2</ele></trkpt>
    <trkpt lat="43.245897" lon="-4.028795"><ele>381.6</ele></trkpt>
    <trkpt lat="43.245865" lon="-4.028782"><ele>382.0</ele></trkpt>
    <trkpt lat="43.24584" lon="-4.028762"><ele>382.6</ele></trkpt>
    <trkpt lat="43.24582" lon="-4.02874"><ele>382.8</ele></trkpt>
    <trkpt lat="43.245802" lon="-4.028727"><ele>383.0</ele></trkpt>
    <trkpt lat="43.24578" lon="-4.028717"><ele>383.2</ele></trkpt>
    <trkpt lat="43.245742" lon="-4.028705"><ele>383.8</ele></trkpt>
    <trkpt lat="43.24572" lon="-4.028702"><ele>384.0</ele></trkpt>
    <trkpt lat="43.245695" lon="-4.028697"><ele>384.2</ele></trkpt>
    <trkpt lat="43.245672" lon="-4.02869"><ele>384.4</ele></trkpt>
    <trkpt lat="43.24565" lon="-4.02868"><ele>384.4</ele></trkpt>
    <trkpt lat="43.245622" lon="-4.028655"><ele>384.4</ele></trkpt>
    <trkpt lat="43.245597" lon="-4.028627"><ele>384.6</ele></trkpt>
    <trkpt lat="43.245572" lon="-4.028607"><ele>384.8</ele></trkpt>
    <trkpt lat="43.245552" lon="-4.028585"><ele>384.8</ele></trkpt>
    <trkpt lat="43.245527" lon="-4.028567"><ele>384.8</ele></trkpt>
    <trkpt lat="43.245505" lon="-4.028547"><ele>384.8</ele></trkpt>
    <trkpt lat="43.245482" lon="-4.028537"><ele>384.6</ele></trkpt>
    <trkpt lat="43.245457" lon="-4.02853"><ele>384.4</ele></trkpt>
    <trkpt lat="43.245437" lon="-4.028537"><ele>384.2</ele></trkpt>
    <trkpt lat="43.24541" lon="-4.028542"><ele>383.6</ele></trkpt>
    <trkpt lat="43.245387" lon="-4.02855"><ele>382.8</ele></trkpt>
    <trkpt lat="43.245367" lon="-4.028567"><ele>382.0</ele></trkpt>
    <trkpt lat="43.245332" lon="-4.028577"><ele>381.8</ele></trkpt>
    <trkpt lat="43.245307" lon="-4.028582"><ele>381.4</ele></trkpt>
    <trkpt lat="43.245287" lon="-4.028582"><ele>381.2</ele></trkpt>
    <trkpt lat="43.245262" lon="-4.028582"><ele>380.8</ele></trkpt>
    <trkpt lat="43.245242" lon="-4.02856"><ele>380.8</ele></trkpt>
    <trkpt lat="43.245217" lon="-4.028552"><ele>380.0</ele></trkpt>
    <trkpt lat="43.245212" lon="-4.028517"><ele>379.6</ele></trkpt>
    <trkpt lat="43.245207" lon="-4.028487"><ele>379.4</ele></trkpt>
    <trkpt lat="43.24522" lon="-4.028462"><ele>379.4</ele></trkpt>
    <trkpt lat="43.245237" lon="-4.028452"><ele>379.8</ele></trkpt>
    <trkpt lat="43.245252" lon="-4.028427"><ele>379.6</ele></trkpt>
    <trkpt lat="43.245262" lon="-4.028402"><ele>379.6</ele></trkpt>
    <trkpt lat="43.245267" lon="-4.028372"><ele>379.8</ele></trkpt>
    <trkpt lat="43.245262" lon="-4.02835"><ele>380.4</ele></trkpt>
    <trkpt lat="43.245252" lon="-4.028322"><ele>380.8</ele></trkpt>
    <trkpt lat="43.245252" lon="-4.028287"><ele>381.2</ele></trkpt>
    <trkpt lat="43.245242" lon="-4.028262"><ele>382.2</ele></trkpt>
    <trkpt lat="43.24522" lon="-4.02824"><ele>382.8</ele></trkpt>
    <trkpt lat="43.245205" lon="-4.028207"><ele>383.2</ele></trkpt>
    <trkpt lat="43.245205" lon="-4.028182"><ele>383.6</ele></trkpt>
    <trkpt lat="43.24521" lon="-4.028152"><ele>384.2</ele></trkpt>
    <trkpt lat="43.245207" lon="-4.028122"><ele>384.6</ele></trkpt>
    <trkpt lat="43.245202" lon="-4.028087"><ele>384.8</ele></trkpt>
    <trkpt lat="43.245192" lon="-4.028052"><ele>385.0</ele></trkpt>
    <trkpt lat="43.245177" lon="-4.028007"><ele>385.4</ele></trkpt>
    <trkpt lat="43.245182" lon="-4.027982"><ele>385.4</ele></trkpt>
    <trkpt lat="43.245177" lon="-4.027937"><ele>385.6</ele></trkpt>
    <trkpt lat="43.245175" lon="-4.027897"><ele>385.6</ele></trkpt>
    <trkpt lat="43.245167" lon="-4.027862"><ele>385.6</ele></trkpt>
    <trkpt lat="43.245157" lon="-4.027812"><ele>385.4</ele></trkpt>
    <trkpt lat="43.245147" lon="-4.027787"><ele>385.4</ele></trkpt>
    <trkpt lat="43.245137" lon="-4.027762"><ele>385.2</ele></trkpt>
    <trkpt lat="43.245122" lon="-4.027717"><ele>384.8</ele></trkpt>
    <trkpt lat="43.24512" lon="-4.027678"><ele>385.0</ele></trkpt>
    <trkpt lat="43.245112" lon="-4.027643"><ele>385.4</ele></trkpt>
    <trkpt lat="43.245117" lon="-4.027617"><ele>385.8</ele></trkpt>
    <trkpt lat="43.245108" lon="-4.02759"><ele>386.2</ele></trkpt>
    <trkpt lat="43.24509" lon="-4.027555"><ele>386.8</ele></trkpt>
    <trkpt lat="43.245082" lon="-4.027528"><ele>387.0</ele></trkpt>
    <trkpt lat="43.245072" lon="-4.02749"><ele>387.6</ele></trkpt>
    <trkpt lat="43.245065" lon="-4.027462"><ele>388.2</ele></trkpt>
    <trkpt lat="43.245042" lon="-4.027462"><ele>388.6</ele></trkpt>
    <trkpt lat="43.245007" lon="-4.02745"><ele>388.8</ele></trkpt>
    <trkpt lat="43.244992" lon="-4.027433"><ele>389.2</ele></trkpt>
    <trkpt lat="43.244967" lon="-4.027422"><ele>389.8</ele></trkpt>
    <trkpt lat="43.244942" lon="-4.027415"><ele>390.2</ele></trkpt>
    <trkpt lat="43.24491" lon="-4.027412"><ele>390.6</ele></trkpt>
    <trkpt lat="43.24489" lon="-4.027407"><ele>391.2</ele></trkpt>
    <trkpt lat="43.24487" lon="-4.027388"><ele>391.6</ele></trkpt>
    <trkpt lat="43.244857" lon="-4.027367"><ele>391.8</ele></trkpt>
    <trkpt lat="43.244852" lon="-4.027345"><ele>391.6</ele></trkpt>
    <trkpt lat="43.24483" lon="-4.027318"><ele>391.8</ele></trkpt>
    <trkpt lat="43.244807" lon="-4.027322"><ele>392.2</ele></trkpt>
    <trkpt lat="43.244782" lon="-4.027322"><ele>392.6</ele></trkpt>
    <trkpt lat="43.24476" lon="-4.027297"><ele>393.0</ele></trkpt>
    <trkpt lat="43.244732" lon="-4.027293"><ele>393.4</ele></trkpt>
    <trkpt lat="43.244705" lon="-4.027275"><ele>393.6</ele></trkpt>
    <trkpt lat="43.244675" lon="-4.027272"><ele>393.8</ele></trkpt>
    <trkpt lat="43.244652" lon="-4.027277"><ele>394.0</ele></trkpt>
    <trkpt lat="43.244625" lon="-4.027282"><ele>394.4</ele></trkpt>
    <trkpt lat="43.244602" lon="-4.02729"><ele>394.6</ele></trkpt>
    <trkpt lat="43.244573" lon="-4.027292"><ele>395.0</ele></trkpt>
    <trkpt lat="43.244552" lon="-4.027297"><ele>395.4</ele></trkpt>
    <trkpt lat="43.244527" lon="-4.027315"><ele>395.6</ele></trkpt>
    <trkpt lat="43.244507" lon="-4.027338"><ele>396.0</ele></trkpt>
    <trkpt lat="43.244487" lon="-4.027352"><ele>396.4</ele></trkpt>
    <trkpt lat="43.244467" lon="-4.027372"><ele>396.8</ele></trkpt>
    <trkpt lat="43.244447" lon="-4.027385"><ele>397.2</ele></trkpt>
    <trkpt lat="43.244427" lon="-4.027392"><ele>397.6</ele></trkpt>
    <trkpt lat="43.244402" lon="-4.027397"><ele>398.4</ele></trkpt>
    <trkpt lat="43.244385" lon="-4.027407"><ele>398.8</ele></trkpt>
    <trkpt lat="43.244362" lon="-4.027412"><ele>399.4</ele></trkpt>
    <trkpt lat="43.244345" lon="-4.02742"><ele>400.0</ele></trkpt>
    <trkpt lat="43.244322" lon="-4.02741"><ele>400.6</ele></trkpt>
    <trkpt lat="43.2443" lon="-4.027392"><ele>401.0</ele></trkpt>
    <trkpt lat="43.244277" lon="-4.027367"><ele>401.2</ele></trkpt>
    <trkpt lat="43.244257" lon="-4.027355"><ele>401.4</ele></trkpt>
    <trkpt lat="43.244227" lon="-4.027342"><ele>401.6</ele></trkpt>
    <trkpt lat="43.244202" lon="-4.027338"><ele>401.8</ele></trkpt>
    <trkpt lat="43.244177" lon="-4.02735"><ele>402.2</ele></trkpt>
    <trkpt lat="43.244152" lon="-4.027357"><ele>402.8</ele></trkpt>
    <trkpt lat="43.24413" lon="-4.027337"><ele>403.2</ele></trkpt>
    <trkpt lat="43.24412" lon="-4.02731"><ele>403.4</ele></trkpt>
    <trkpt lat="43.244105" lon="-4.027293"><ele>403.6</ele></trkpt>
    <trkpt lat="43.24409" lon="-4.027277"><ele>404.0</ele></trkpt>
    <trkpt lat="43.244072" lon="-4.027262"><ele>404.2</ele></trkpt>
    <trkpt lat="43.244037" lon="-4.027243"><ele>404.8</ele></trkpt>
    <trkpt lat="43.243997" lon="-4.027227"><ele>405.2</ele></trkpt>
    <trkpt lat="43.243977" lon="-4.02722"><ele>405.4</ele></trkpt>
    <trkpt lat="43.243942" lon="-4.027222"><ele>405.8</ele></trkpt>
    <trkpt lat="43.243912" lon="-4.027222"><ele>406.0</ele></trkpt>
    <trkpt lat="43.243882" lon="-4.02723"><ele>406.2</ele></trkpt>
    <trkpt lat="43.243865" lon="-4.027242"><ele>406.2</ele></trkpt>
    <trkpt lat="43.243837" lon="-4.027233"><ele>406.4</ele></trkpt>
    <trkpt lat="43.24382" lon="-4.027233"><ele>406.4</ele></trkpt>
    <trkpt lat="43.243795" lon="-4.027215"><ele>406.6</ele></trkpt>
    <trkpt lat="43.243772" lon="-4.02719"><ele>406.6</ele></trkpt>
    <trkpt lat="43.243752" lon="-4.027175"><ele>406.6</ele></trkpt>
    <trkpt lat="43.243732" lon="-4.027152"><ele>406.8</ele></trkpt>
    <trkpt lat="43.243707" lon="-4.027127"><ele>406.8</ele></trkpt>
    <trkpt lat="43.243687" lon="-4.027102"><ele>406.8</ele></trkpt>
    <trkpt lat="43.243662" lon="-4.027077"><ele>406.8</ele></trkpt>
    <trkpt lat="43.24364" lon="-4.027062"><ele>406.8</ele></trkpt>
    <trkpt lat="43.243607" lon="-4.027047"><ele>406.6</ele></trkpt>
    <trkpt lat="43.243587" lon="-4.027042"><ele>406.4</ele></trkpt>
    <trkpt lat="43.243562" lon="-4.027042"><ele>406.4</ele></trkpt>
    <trkpt lat="43.243537" lon="-4.027032"><ele>406.2</ele></trkpt>
    <trkpt lat="43.243518" lon="-4.02703"><ele>406.0</ele></trkpt>
    <trkpt lat="43.243502" lon="-4.027017"><ele>405.8</ele></trkpt>
    <trkpt lat="43.243482" lon="-4.02702"><ele>405.4</ele></trkpt>
    <trkpt lat="43.243462" lon="-4.027015"><ele>405.6</ele></trkpt>
    <trkpt lat="43.243447" lon="-4.026992"><ele>405.8</ele></trkpt>
    <trkpt lat="43.243442" lon="-4.026962"><ele>405.8</ele></trkpt>
    <trkpt lat="43.243452" lon="-4.02694"><ele>406.0</ele></trkpt>
    <trkpt lat="43.243467" lon="-4.026917"><ele>406.2</ele></trkpt>
    <trkpt lat="43.243472" lon="-4.026892"><ele>406.2</ele></trkpt>
    <trkpt lat="43.243467" lon="-4.026862"><ele>406.8</ele></trkpt>
    <trkpt lat="43.243462" lon="-4.026837"><ele>407.2</ele></trkpt>
    <trkpt lat="43.243467" lon="-4.02681"><ele>407.6</ele></trkpt>
    <trkpt lat="43.243462" lon="-4.026782"><ele>408.0</ele></trkpt>
    <trkpt lat="43.24346" lon="-4.026752"><ele>408.4</ele></trkpt>
    <trkpt lat="43.243447" lon="-4.026722"><ele>409.2</ele></trkpt>
    <trkpt lat="43.243447" lon="-4.026693"><ele>410.0</ele></trkpt>
    <trkpt lat="43.243462" lon="-4.026667"><ele>410.8</ele></trkpt>
    <trkpt lat="43.243472" lon="-4.026642"><ele>411.2</ele></trkpt>
    <trkpt lat="43.243475" lon="-4.026617"><ele>411.8</ele></trkpt>
    <trkpt lat="43.243462" lon="-4.026592"><ele>412.0</ele></trkpt>
    <trkpt lat="43.243455" lon="-4.026555"><ele>412.2</ele></trkpt>
    <trkpt lat="43.243445" lon="-4.026522"><ele>412.2</ele></trkpt>
    <trkpt lat="43.24344" lon="-4.026492"><ele>412.2</ele></trkpt>
    <trkpt lat="43.243432" lon="-4.026462"><ele>412.6</ele></trkpt>
    <trkpt lat="43.243427" lon="-4.026437"><ele>412.6</ele></trkpt>
    <trkpt lat="43.243427" lon="-4.026407"><ele>412.4</ele></trkpt>
    <trkpt lat="43.243437" lon="-4.026382"><ele>412.0</ele></trkpt>
    <trkpt lat="43.243445" lon="-4.026352"><ele>412.0</ele></trkpt>
    <trkpt lat="43.243442" lon="-4.02632"><ele>412.6</ele></trkpt>
    <trkpt lat="43.243445" lon="-4.026285"><ele>413.0</ele></trkpt>
    <trkpt lat="43.243447" lon="-4.026255"><ele>413.2</ele></trkpt>
    <trkpt lat="43.24345" lon="-4.026227"><ele>413.6</ele></trkpt>
    <trkpt lat="43.243455" lon="-4.026197"><ele>414.2</ele></trkpt>
    <trkpt lat="43.243465" lon="-4.026167"><ele>414.6</ele></trkpt>
    <trkpt lat="43.243472" lon="-4.02613"><ele>415.0</ele></trkpt>
    <trkpt lat="43.243477" lon="-4.026097"><ele>415.2</ele></trkpt>
    <trkpt lat="43.243475" lon="-4.026065"><ele>415.8</ele></trkpt>
    <trkpt lat="43.243487" lon="-4.026037"><ele>416.2</ele></trkpt>
    <trkpt lat="43.2435" lon="-4.02601"><ele>416.2</ele></trkpt>
    <trkpt lat="43.243515" lon="-4.02598"><ele>416.4</ele></trkpt>
    <trkpt lat="43.243518" lon="-4.025942"><ele>416.8</ele></trkpt>
    <trkpt lat="43.243527" lon="-4.025907"><ele>417.0</ele></trkpt>
    <trkpt lat="43.243537" lon="-4.025877"><ele>417.2</ele></trkpt>
    <trkpt lat="43.243542" lon="-4.025852"><ele>417.2</ele></trkpt>
    <trkpt lat="43.243537" lon="-4.02581"><ele>417.6</ele></trkpt>
    <trkpt lat="43.24353" lon="-4.025762"><ele>417.6</ele></trkpt>
    <trkpt lat="43.243522" lon="-4.02573"><ele>417.6</ele></trkpt>
    <trkpt lat="43.243512" lon="-4.025702"><ele>417.8</ele></trkpt>
    <trkpt lat="43.243507" lon="-4.025677"><ele>417.8</ele></trkpt>
    <trkpt lat="43.243492" lon="-4.025655"><ele>417.8</ele></trkpt>
    <trkpt lat="43.243467" lon="-4.025612"><ele>418.0</ele></trkpt>
    <trkpt lat="43.24346" lon="-4.025582"><ele>418.0</ele></trkpt>
    <trkpt lat="43.243452" lon="-4.025552"><ele>418.2</ele></trkpt>
    <trkpt lat="43.243442" lon="-4.025527"><ele>418.2</ele></trkpt>
    <trkpt lat="43.243422" lon="-4.02549"><ele>418.6</ele></trkpt>
    <trkpt lat="43.24341" lon="-4.025467"><ele>418.8</ele></trkpt>
    <trkpt lat="43.243392" lon="-4.025453"><ele>419.0</ele></trkpt>
    <trkpt lat="43.243367" lon="-4.025427"><ele>419.2</ele></trkpt>
    <trkpt lat="43.243347" lon="-4.025392"><ele>419.6</ele></trkpt>
    <trkpt lat="43.243322" lon="-4.025367"><ele>419.8</ele></trkpt>
    <trkpt lat="43.243307" lon="-4.025352"><ele>419.8</ele></trkpt>
    <trkpt lat="43.24329" lon="-4.025327"><ele>419.8</ele></trkpt>
    <trkpt lat="43.243272" lon="-4.025302"><ele>419.8</ele></trkpt>
    <trkpt lat="43.243247" lon="-4.025287"><ele>419.6</ele></trkpt>
    <trkpt lat="43.243227" lon="-4.025263"><ele>419.6</ele></trkpt>
    <trkpt lat="43.243207" lon="-4.025242"><ele>419.8</ele></trkpt>
    <trkpt lat="43.243202" lon="-4.025217"><ele>420.4</ele></trkpt>
    <trkpt lat="43.243192" lon="-4.025185"><ele>421.2</ele></trkpt>
    <trkpt lat="43.243187" lon="-4.025147"><ele>421.8</ele></trkpt>
    <trkpt lat="43.243177" lon="-4.02512"><ele>422.2</ele></trkpt>
    <trkpt lat="43.243167" lon="-4.025087"><ele>422.8</ele></trkpt>
    <trkpt lat="43.243157" lon="-4.025062"><ele>422.8</ele></trkpt>
    <trkpt lat="43.243155" lon="-4.025032"><ele>422.8</ele></trkpt>
    <trkpt lat="43.243157" lon="-4.025002"><ele>422.6</ele></trkpt>
    <trkpt lat="43.243157" lon="-4.024975"><ele>422.6</ele></trkpt>
    <trkpt lat="43.24315" lon="-4.024937"><ele>422.8</ele></trkpt>
    <trkpt lat="43.243138" lon="-4.024913"><ele>422.8</ele></trkpt>
    <trkpt lat="43.243127" lon="-4.024892"><ele>423.0</ele></trkpt>
    <trkpt lat="43.24311" lon="-4.02487"><ele>423.2</ele></trkpt>
    <trkpt lat="43.243097" lon="-4.024852"><ele>423.4</ele></trkpt>
    <trkpt lat="43.243082" lon="-4.024832"><ele>423.6</ele></trkpt>
    <trkpt lat="43.243065" lon="-4.024818"><ele>423.8</ele></trkpt>
    <trkpt lat="43.243047" lon="-4.024807"><ele>424.0</ele></trkpt>
    <trkpt lat="43.243017" lon="-4.024787"><ele>424.4</ele></trkpt>
    <trkpt lat="43.242997" lon="-4.024777"><ele>424.6</ele></trkpt>
    <trkpt lat="43.242967" lon="-4.02478"><ele>425.2</ele></trkpt>
    <trkpt lat="43.242935" lon="-4.02478"><ele>425.8</ele></trkpt>
    <trkpt lat="43.242905" lon="-4.024782"><ele>426.4</ele></trkpt>
    <trkpt lat="43.242872" lon="-4.024787"><ele>427.0</ele></trkpt>
    <trkpt lat="43.242842" lon="-4.024792"><ele>427.6</ele></trkpt>
    <trkpt lat="43.24281" lon="-4.0248"><ele>428.4</ele></trkpt>
    <trkpt lat="43.242777" lon="-4.024792"><ele>428.8</ele></trkpt>
    <trkpt lat="43.242757" lon="-4.024792"><ele>429.2</ele></trkpt>
    <trkpt lat="43.242732" lon="-4.024772"><ele>429.6</ele></trkpt>
    <trkpt lat="43.242707" lon="-4.024745"><ele>430.4</ele></trkpt>
    <trkpt lat="43.242692" lon="-4.024717"><ele>430.8</ele></trkpt>
    <trkpt lat="43.242672" lon="-4.024692"><ele>431.4</ele></trkpt>
    <trkpt lat="43.24265" lon="-4.024688"><ele>431.8</ele></trkpt>
    <trkpt lat="43.242627" lon="-4.024697"><ele>432.0</ele></trkpt>
    <trkpt lat="43.242602" lon="-4.024692"><ele>432.2</ele></trkpt>
    <trkpt lat="43.242582" lon="-4.0247"><ele>432.8</ele></trkpt>
    <trkpt lat="43.242557" lon="-4.024687"><ele>433.4</ele></trkpt>
    <trkpt lat="43.242537" lon="-4.024672"><ele>434.2</ele></trkpt>
    <trkpt lat="43.242517" lon="-4.024657"><ele>434.4</ele></trkpt>
    <trkpt lat="43.242487" lon="-4.024632"><ele>435.0</ele></trkpt>
    <trkpt lat="43.242465" lon="-4.024612"><ele>435.2</ele></trkpt>
    <trkpt lat="43.242442" lon="-4.024612"><ele>435.6</ele></trkpt>
    <trkpt lat="43.24241" lon="-4.024593"><ele>436.0</ele></trkpt>
    <trkpt lat="43.242377" lon="-4.024572"><ele>436.2</ele></trkpt>
    <trkpt lat="43.242352" lon="-4.024557"><ele>436.8</ele></trkpt>
    <trkpt lat="43.242325" lon="-4.024557"><ele>437.2</ele></trkpt>
    <trkpt lat="43.242297" lon="-4.024562"><ele>437.8</ele></trkpt>
    <trkpt lat="43.242267" lon="-4.024562"><ele>438.2</ele></trkpt>
    <trkpt lat="43.24225" lon="-4.024562"><ele>438.4</ele></trkpt>
    <trkpt lat="43.242217" lon="-4.024567"><ele>439.0</ele></trkpt>
    <trkpt lat="43.242195" lon="-4.024572"><ele>439.2</ele></trkpt>
    <trkpt lat="43.242172" lon="-4.02457"><ele>439.6</ele></trkpt>
    <trkpt lat="43.24215" lon="-4.024562"><ele>439.8</ele></trkpt>
    <trkpt lat="43.24213" lon="-4.024563"><ele>440.0</ele></trkpt>
    <trkpt lat="43.242097" lon="-4.024567"><ele>440.6</ele></trkpt>
    <trkpt lat="43.242077" lon="-4.024563"><ele>440.8</ele></trkpt>
    <trkpt lat="43.242057" lon="-4.024557"><ele>441.2</ele></trkpt>
    <trkpt lat="43.242037" lon="-4.024557"><ele>441.4</ele></trkpt>
    <trkpt lat="43.242005" lon="-4.024563"><ele>441.8</ele></trkpt>
    <trkpt lat="43.241982" lon="-4.024562"><ele>442.0</ele></trkpt>
    <trkpt lat="43.241962" lon="-4.024562"><ele>442.2</ele></trkpt>
    <trkpt lat="43.24194" lon="-4.02456"><ele>442.4</ele></trkpt>
    <trkpt lat="43.241922" lon="-4.02456"><ele>442.6</ele></trkpt>
    <trkpt lat="43.241887" lon="-4.024557"><ele>443.0</ele></trkpt>
    <trkpt lat="43.241865" lon="-4.02456"><ele>443.2</ele></trkpt>
    <trkpt lat="43.241832" lon="-4.024577"><ele>443.8</ele></trkpt>
    <trkpt lat="43.241815" lon="-4.024592"><ele>444.0</ele></trkpt>
    <trkpt lat="43.241797" lon="-4.024602"><ele>444.2</ele></trkpt>
    <trkpt lat="43.241777" lon="-4.02461"><ele>444.4</ele></trkpt>
    <trkpt lat="43.241757" lon="-4.02462"><ele>444.6</ele></trkpt>
    <trkpt lat="43.241722" lon="-4.024637"><ele>444.8</ele></trkpt>
    <trkpt lat="43.241688" lon="-4.024662"><ele>445.2</ele></trkpt>
    <trkpt lat="43.241667" lon="-4.024667"><ele>445.4</ele></trkpt>
    <trkpt lat="43.241635" lon="-4.024677"><ele>445.8</ele></trkpt>
    <trkpt lat="43.241605" lon="-4.024687"><ele>446.2</ele></trkpt>
    <trkpt lat="43.241572" lon="-4.024702"><ele>446.8</ele></trkpt>
    <trkpt lat="43.241555" lon="-4.024713"><ele>447.0</ele></trkpt>
    <trkpt lat="43.241537" lon="-4.024723"><ele>447.4</ele></trkpt>
    <trkpt lat="43.241515" lon="-4.024733"><ele>448.0</ele></trkpt>
    <trkpt lat="43.241495" lon="-4.024747"><ele>448.2</ele></trkpt>
    <trkpt lat="43.241477" lon="-4.024762"><ele>448.4</ele></trkpt>
    <trkpt lat="43.241457" lon="-4.024775"><ele>448.4</ele></trkpt>
    <trkpt lat="43.241437" lon="-4.024787"><ele>448.8</ele></trkpt>
    <trkpt lat="43.24142" lon="-4.024805"><ele>449.0</ele></trkpt>
    <trkpt lat="43.241405" lon="-4.024822"><ele>449.2</ele></trkpt>
    <trkpt lat="43.241382" lon="-4.024837"><ele>449.4</ele></trkpt>
    <trkpt lat="43.24137" lon="-4.02486"><ele>449.6</ele></trkpt>
    <trkpt lat="43.241355" lon="-4.024878"><ele>450.0</ele></trkpt>
    <trkpt lat="43.241342" lon="-4.024902"><ele>450.2</ele></trkpt>
    <trkpt lat="43.241322" lon="-4.02495"><ele>450.6</ele></trkpt>
    <trkpt lat="43.241302" lon="-4.024982"><ele>450.8</ele></trkpt>
    <trkpt lat="43.24128" lon="-4.025012"><ele>451.4</ele></trkpt>
    <trkpt lat="43.241262" lon="-4.025027"><ele>451.6</ele></trkpt>
    <trkpt lat="43.24125" lon="-4.025047"><ele>451.8</ele></trkpt>
    <trkpt lat="43.241242" lon="-4.02507"><ele>452.0</ele></trkpt>
    <trkpt lat="43.241227" lon="-4.02511"><ele>452.6</ele></trkpt>
    <trkpt lat="43.241217" lon="-4.025147"><ele>453.0</ele></trkpt>
    <trkpt lat="43.24122" lon="-4.025172"><ele>453.2</ele></trkpt>
    <trkpt lat="43.24121" lon="-4.025217"><ele>453.8</ele></trkpt>
    <trkpt lat="43.241202" lon="-4.025242"><ele>454.2</ele></trkpt>
    <trkpt lat="43.241182" lon="-4.025282"><ele>454.6</ele></trkpt>
    <trkpt lat="43.241168" lon="-4.02532"><ele>455.0</ele></trkpt>
    <trkpt lat="43.241157" lon="-4.025337"><ele>455.4</ele></trkpt>
    <trkpt lat="43.241152" lon="-4.025375"><ele>455.8</ele></trkpt>
    <trkpt lat="43.241152" lon="-4.025412"><ele>456.4</ele></trkpt>
    <trkpt lat="43.241147" lon="-4.025462"><ele>457.0</ele></trkpt>
    <trkpt lat="43.241152" lon="-4.025487"><ele>457.2</ele></trkpt>
    <trkpt lat="43.241152" lon="-4.025512"><ele>457.4</ele></trkpt>
    <trkpt lat="43.241155" lon="-4.025537"><ele>457.6</ele></trkpt>
    <trkpt lat="43.241152" lon="-4.025565"><ele>458.0</ele></trkpt>
    <trkpt lat="43.241147" lon="-4.02559"><ele>458.2</ele></trkpt>
    <trkpt lat="43.241142" lon="-4.02562"><ele>458.2</ele></trkpt>
    <trkpt lat="43.241122" lon="-4.025662"><ele>458.6</ele></trkpt>
    <trkpt lat="43.241102" lon="-4.025697"><ele>459.0</ele></trkpt>
    <trkpt lat="43.24109" lon="-4.025717"><ele>459.2</ele></trkpt>
    <trkpt lat="43.241077" lon="-4.025732"><ele>459.6</ele></trkpt>
    <trkpt lat="43.241055" lon="-4.025767"><ele>460.0</ele></trkpt>
    <trkpt lat="43.241035" lon="-4.025797"><ele>460.4</ele></trkpt>
    <trkpt lat="43.241005" lon="-4.025822"><ele>460.6</ele></trkpt>
    <trkpt lat="43.24099" lon="-4.025842"><ele>460.8</ele></trkpt>
    <trkpt lat="43.240977" lon="-4.02586"><ele>461.2</ele></trkpt>
    <trkpt lat="43.24096" lon="-4.025898"><ele>462.0</ele></trkpt>
    <trkpt lat="43.240957" lon="-4.025927"><ele>462.2</ele></trkpt>
    <trkpt lat="43.240955" lon="-4.025972"><ele>462.6</ele></trkpt>
    <trkpt lat="43.240957" lon="-4.025997"><ele>462.8</ele></trkpt>
    <trkpt lat="43.24095" lon="-4.026047"><ele>463.2</ele></trkpt>
    <trkpt lat="43.240932" lon="-4.026087"><ele>463.6</ele></trkpt>
    <trkpt lat="43.2409" lon="-4.026117"><ele>464.0</ele></trkpt>
    <trkpt lat="43.240875" lon="-4.02614"><ele>464.4</ele></trkpt>
    <trkpt lat="43.240857" lon="-4.02616"><ele>465.0</ele></trkpt>
    <trkpt lat="43.240827" lon="-4.026175"><ele>465.4</ele></trkpt>
    <trkpt lat="43.240805" lon="-4.026197"><ele>465.8</ele></trkpt>
    <trkpt lat="43.240775" lon="-4.026197"><ele>466.2</ele></trkpt>
    <trkpt lat="43.24076" lon="-4.026175"><ele>466.8</ele></trkpt>
    <trkpt lat="43.240745" lon="-4.026152"><ele>467.2</ele></trkpt>
    <trkpt lat="43.240732" lon="-4.026132"><ele>467.2</ele></trkpt>
    <trkpt lat="43.240722" lon="-4.02611"><ele>467.4</ele></trkpt>
    <trkpt lat="43.240712" lon="-4.026087"><ele>467.6</ele></trkpt>
    <trkpt lat="43.240707" lon="-4.026062"><ele>467.8</ele></trkpt>
    <trkpt lat="43.240697" lon="-4.026032"><ele>467.8</ele></trkpt>
    <trkpt lat="43.24069" lon="-4.026002"><ele>468.2</ele></trkpt>
    <trkpt lat="43.240682" lon="-4.025977"><ele>468.4</ele></trkpt>
    <trkpt lat="43.240665" lon="-4.025942"><ele>468.4</ele></trkpt>
    <trkpt lat="43.240657" lon="-4.025915"><ele>468.6</ele></trkpt>
    <trkpt lat="43.240652" lon="-4.025887"><ele>468.8</ele></trkpt>
    <trkpt lat="43.240642" lon="-4.025862"><ele>468.8</ele></trkpt>
    <trkpt lat="43.240633" lon="-4.025832"><ele>469.0</ele></trkpt>
    <trkpt lat="43.240622" lon="-4.025807"><ele>469.2</ele></trkpt>
    <trkpt lat="43.240612" lon="-4.025782"><ele>469.2</ele></trkpt>
    <trkpt lat="43.240602" lon="-4.025755"><ele>469.4</ele></trkpt>
    <trkpt lat="43.240595" lon="-4.025732"><ele>469.6</ele></trkpt>
    <trkpt lat="43.240572" lon="-4.025697"><ele>470.0</ele></trkpt>
    <trkpt lat="43.24055" lon="-4.025672"><ele>470.4</ele></trkpt>
    <trkpt lat="43.240537" lon="-4.025652"><ele>470.6</ele></trkpt>
    <trkpt lat="43.240515" lon="-4.025652"><ele>471.2</ele></trkpt>
    <trkpt lat="43.240482" lon="-4.025652"><ele>471.6</ele></trkpt>
    <trkpt lat="43.240465" lon="-4.025657"><ele>471.8</ele></trkpt>
    <trkpt lat="43.240432" lon="-4.025672"><ele>472.4</ele></trkpt>
    <trkpt lat="43.240395" lon="-4.025677"><ele>472.8</ele></trkpt>
    <trkpt lat="43.240362" lon="-4.02567"><ele>473.2</ele></trkpt>
    <trkpt lat="43.240345" lon="-4.02566"><ele>473.4</ele></trkpt>
    <trkpt lat="43.24033" lon="-4.025643"><ele>473.6</ele></trkpt>
    <trkpt lat="43.240312" lon="-4.025623"><ele>473.8</ele></trkpt>
    <trkpt lat="43.240282" lon="-4.025617"><ele>474.2</ele></trkpt>
    <trkpt lat="43.240247" lon="-4.025623"><ele>474.8</ele></trkpt>
    <trkpt lat="43.240212" lon="-4.025642"><ele>475.2</ele></trkpt>
    <trkpt lat="43.240192" lon="-4.025655"><ele>475.4</ele></trkpt>
    <trkpt lat="43.240175" lon="-4.02567"><ele>475.6</ele></trkpt>
    <trkpt lat="43.24016" lon="-4.025692"><ele>475.8</ele></trkpt>
    <trkpt lat="43.240142" lon="-4.025707"><ele>476.2</ele></trkpt>
    <trkpt lat="43.240125" lon="-4.025725"><ele>476.4</ele></trkpt>
    <trkpt lat="43.240092" lon="-4.025747"><ele>476.6</ele></trkpt>
    <trkpt lat="43.240072" lon="-4.025752"><ele>476.8</ele></trkpt>
    <trkpt lat="43.240047" lon="-4.025762"><ele>477.2</ele></trkpt>
    <trkpt lat="43.240027" lon="-4.025775"><ele>477.8</ele></trkpt>
    <trkpt lat="43.240005" lon="-4.025785"><ele>478.2</ele></trkpt>
    <trkpt lat="43.239982" lon="-4.025792"><ele>478.6</ele></trkpt>
    <trkpt lat="43.23996" lon="-4.02579"><ele>479.0</ele></trkpt>
    <trkpt lat="43.239942" lon="-4.025767"><ele>479.2</ele></trkpt>
    <trkpt lat="43.239922" lon="-4.025757"><ele>480.0</ele></trkpt>
    <trkpt lat="43.239907" lon="-4.025727"><ele>480.2</ele></trkpt>
    <trkpt lat="43.239892" lon="-4.025702"><ele>480.4</ele></trkpt>
    <trkpt lat="43.239877" lon="-4.025682"><ele>480.6</ele></trkpt>
    <trkpt lat="43.23986" lon="-4.025652"><ele>480.8</ele></trkpt>
    <trkpt lat="43.23984" lon="-4.025627"><ele>481.2</ele></trkpt>
    <trkpt lat="43.239832" lon="-4.025592"><ele>481.6</ele></trkpt>
    <trkpt lat="43.23982" lon="-4.025542"><ele>482.0</ele></trkpt>
    <trkpt lat="43.239812" lon="-4.025517"><ele>482.0</ele></trkpt>
    <trkpt lat="43.239797" lon="-4.025482"><ele>481.8</ele></trkpt>
    <trkpt lat="43.239787" lon="-4.02546"><ele>482.0</ele></trkpt>
    <trkpt lat="43.239775" lon="-4.025437"><ele>482.2</ele></trkpt>
    <trkpt lat="43.239762" lon="-4.025397"><ele>482.2</ele></trkpt>
    <trkpt lat="43.239752" lon="-4.025362"><ele>482.0</ele></trkpt>
    <trkpt lat="43.239747" lon="-4.025323"><ele>482.0</ele></trkpt>
    <trkpt lat="43.23974" lon="-4.025287"><ele>482.0</ele></trkpt>
    <trkpt lat="43.239735" lon="-4.025262"><ele>482.0</ele></trkpt>
    <trkpt lat="43.23973" lon="-4.025232"><ele>482.2</ele></trkpt>
    <trkpt lat="43.239722" lon="-4.025197"><ele>482.0</ele></trkpt>
    <trkpt lat="43.239715" lon="-4.025172"><ele>482.0</ele></trkpt>
    <trkpt lat="43.239705" lon="-4.025147"><ele>482.0</ele></trkpt>
    <trkpt lat="43.23969" lon="-4.025097"><ele>481.8</ele></trkpt>
    <trkpt lat="43.239687" lon="-4.02507"><ele>481.8</ele></trkpt>
    <trkpt lat="43.239687" lon="-4.025038"><ele>481.8</ele></trkpt>
    <trkpt lat="43.239687" lon="-4.025005"><ele>481.8</ele></trkpt>
    <trkpt lat="43.239682" lon="-4.024975"><ele>481.6</ele></trkpt>
    <trkpt lat="43.239685" lon="-4.024947"><ele>481.4</ele></trkpt>
    <trkpt lat="43.239687" lon="-4.024912"><ele>481.4</ele></trkpt>
    <trkpt lat="43.239692" lon="-4.024882"><ele>481.2</ele></trkpt>
    <trkpt lat="43.239705" lon="-4.024855"><ele>481.2</ele></trkpt>
    <trkpt lat="43.239715" lon="-4.024832"><ele>481.2</ele></trkpt>
    <trkpt lat="43.23973" lon="-4.024802"><ele>481.0</ele></trkpt>
    <trkpt lat="43.23975" lon="-4.024772"><ele>480.6</ele></trkpt>
    <trkpt lat="43.239767" lon="-4.024742"><ele>480.4</ele></trkpt>
    <trkpt lat="43.239782" lon="-4.024713"><ele>480.2</ele></trkpt>
    <trkpt lat="43.239792" lon="-4.024687"><ele>479.8</ele></trkpt>
    <trkpt lat="43.239802" lon="-4.024655"><ele>479.2</ele></trkpt>
    <trkpt lat="43.239822" lon="-4.024612"><ele>478.6</ele></trkpt>
    <trkpt lat="43.239827" lon="-4.024582"><ele>478.4</ele></trkpt>
    <trkpt lat="43.239835" lon="-4.024542"><ele>478.2</ele></trkpt>
    <trkpt lat="43.239837" lon="-4.024507"><ele>478.0</ele></trkpt>
    <trkpt lat="43.239837" lon="-4.024475"><ele>477.8</ele></trkpt>
    <trkpt lat="43.239837" lon="-4.024445"><ele>477.6</ele></trkpt>
    <trkpt lat="43.239837" lon="-4.02442"><ele>477.2</ele></trkpt>
    <trkpt lat="43.239847" lon="-4.024392"><ele>477.2</ele></trkpt>
    <trkpt lat="43.23986" lon="-4.024362"><ele>477.0</ele></trkpt>
    <trkpt lat="43.239873" lon="-4.024332"><ele>477.0</ele></trkpt>
    <trkpt lat="43.239887" lon="-4.024302"><ele>477.0</ele></trkpt>
    <trkpt lat="43.239895" lon="-4.024268"><ele>477.0</ele></trkpt>
    <trkpt lat="43.239902" lon="-4.024237"><ele>477.2</ele></trkpt>
    <trkpt lat="43.239907" lon="-4.024207"><ele>477.2</ele></trkpt>
    <trkpt lat="43.239912" lon="-4.024175"><ele>477.2</ele></trkpt>
    <trkpt lat="43.239922" lon="-4.024142"><ele>477.0</ele></trkpt>
    <trkpt lat="43.239937" lon="-4.024107"><ele>477.0</ele></trkpt>
    <trkpt lat="43.239957" lon="-4.024077"><ele>477.0</ele></trkpt>
    <trkpt lat="43.239972" lon="-4.024047"><ele>476.8</ele></trkpt>
    <trkpt lat="43.239982" lon="-4.024012"><ele>476.6</ele></trkpt>
    <trkpt lat="43.239992" lon="-4.023975"><ele>476.4</ele></trkpt>
    <trkpt lat="43.239995" lon="-4.023942"><ele>476.2</ele></trkpt>
    <trkpt lat="43.239997" lon="-4.023907"><ele>476.0</ele></trkpt>
    <trkpt lat="43.239997" lon="-4.023872"><ele>475.8</ele></trkpt>
    <trkpt lat="43.24" lon="-4.023833"><ele>475.4</ele></trkpt>
    <trkpt lat="43.240007" lon="-4.023792"><ele>475.0</ele></trkpt>
    <trkpt lat="43.240015" lon="-4.023748"><ele>474.6</ele></trkpt>
    <trkpt lat="43.240027" lon="-4.02371"><ele>474.4</ele></trkpt>
    <trkpt lat="43.240042" lon="-4.023677"><ele>474.0</ele></trkpt>
    <trkpt lat="43.240062" lon="-4.023647"><ele>473.6</ele></trkpt>
    <trkpt lat="43.240082" lon="-4.02362"><ele>473.2</ele></trkpt>
    <trkpt lat="43.240095" lon="-4.023597"><ele>472.8</ele></trkpt>
    <trkpt lat="43.240117" lon="-4.023577"><ele>472.4</ele></trkpt>
    <trkpt lat="43.240137" lon="-4.023565"><ele>471.8</ele></trkpt>
    <trkpt lat="43.240157" lon="-4.023558"><ele>471.4</ele></trkpt>
    <trkpt lat="43.240177" lon="-4.023565"><ele>471.0</ele></trkpt>
    <trkpt lat="43.2402" lon="-4.023567"><ele>470.2</ele></trkpt>
    <trkpt lat="43.240222" lon="-4.023567"><ele>470.0</ele></trkpt>
    <trkpt lat="43.240247" lon="-4.023562"><ele>469.8</ele></trkpt>
    <trkpt lat="43.240272" lon="-4.023565"><ele>469.4</ele></trkpt>
    <trkpt lat="43.240302" lon="-4.02357"><ele>469.2</ele></trkpt>
    <trkpt lat="43.240327" lon="-4.02357"><ele>469.0</ele></trkpt>
    <trkpt lat="43.240357" lon="-4.023572"><ele>468.6</ele></trkpt>
    <trkpt lat="43.240387" lon="-4.023575"><ele>468.4</ele></trkpt>
    <trkpt lat="43.240417" lon="-4.023577"><ele>468.2</ele></trkpt>
    <trkpt lat="43.240442" lon="-4.023572"><ele>468.0</ele></trkpt>
    <trkpt lat="43.24047" lon="-4.023572"><ele>467.6</ele></trkpt>
    <trkpt lat="43.240492" lon="-4.023572"><ele>467.4</ele></trkpt>
    <trkpt lat="43.240517" lon="-4.023565"><ele>467.2</ele></trkpt>
    <trkpt lat="43.240535" lon="-4.023548"><ele>467.0</ele></trkpt>
    <trkpt lat="43.240555" lon="-4.023525"><ele>466.8</ele></trkpt>
    <trkpt lat="43.240575" lon="-4.023497"><ele>466.6</ele></trkpt>
    <trkpt lat="43.240592" lon="-4.023472"><ele>466.2</ele></trkpt>
    <trkpt lat="43.240607" lon="-4.023447"><ele>466.0</ele></trkpt>
    <trkpt lat="43.24062" lon="-4.023425"><ele>465.6</ele></trkpt>
    <trkpt lat="43.240632" lon="-4.023395"><ele>465.4</ele></trkpt>
    <trkpt lat="43.24065" lon="-4.023372"><ele>465.0</ele></trkpt>
    <trkpt lat="43.240667" lon="-4.023345"><ele>464.6</ele></trkpt>
    <trkpt lat="43.240682" lon="-4.023322"><ele>464.0</ele></trkpt>
    <trkpt lat="43.240697" lon="-4.023307"><ele>463.6</ele></trkpt>
    <trkpt lat="43.240712" lon="-4.023287"><ele>463.0</ele></trkpt>
    <trkpt lat="43.24073" lon="-4.023258"><ele>462.6</ele></trkpt>
    <trkpt lat="43.240737" lon="-4.023232"><ele>462.2</ele></trkpt>
    <trkpt lat="43.240742" lon="-4.023207"><ele>461.6</ele></trkpt>
    <trkpt lat="43.240747" lon="-4.023175"><ele>461.2</ele></trkpt>
    <trkpt lat="43.240752" lon="-4.02315"><ele>460.6</ele></trkpt>
    <trkpt lat="43.240767" lon="-4.023122"><ele>459.2</ele></trkpt>
    <trkpt lat="43.240792" lon="-4.023097"><ele>458.2</ele></trkpt>
    <trkpt lat="43.240817" lon="-4.02309"><ele>457.4</ele></trkpt>
    <trkpt lat="43.24085" lon="-4.023092"><ele>456.6</ele></trkpt>
    <trkpt lat="43.240867" lon="-4.023095"><ele>456.2</ele></trkpt>
    <trkpt lat="43.240905" lon="-4.023112"><ele>455.4</ele></trkpt>
    <trkpt lat="43.240927" lon="-4.023122"><ele>454.8</ele></trkpt>
    <trkpt lat="43.240952" lon="-4.023142"><ele>454.4</ele></trkpt>
    <trkpt lat="43.24097" lon="-4.023163"><ele>454.0</ele></trkpt>
    <trkpt lat="43.240987" lon="-4.023192"><ele>453.8</ele></trkpt>
    <trkpt lat="43.241005" lon="-4.023217"><ele>453.4</ele></trkpt>
    <trkpt lat="43.241027" lon="-4.023235"><ele>453.2</ele></trkpt>
    <trkpt lat="43.24104" lon="-4.023257"><ele>452.8</ele></trkpt>
    <trkpt lat="43.24105" lon="-4.02328"><ele>452.6</ele></trkpt>
    <trkpt lat="43.241062" lon="-4.0233"><ele>452.4</ele></trkpt>
    <trkpt lat="43.241077" lon="-4.023322"><ele>452.2</ele></trkpt>
    <trkpt lat="43.241092" lon="-4.023347"><ele>452.0</ele></trkpt>
    <trkpt lat="43.241107" lon="-4.023362"><ele>451.8</ele></trkpt>
    <trkpt lat="43.241132" lon="-4.023385"><ele>451.6</ele></trkpt>
    <trkpt lat="43.241168" lon="-4.023388"><ele>451.4</ele></trkpt>
    <trkpt lat="43.241195" lon="-4.023395"><ele>451.2</ele></trkpt>
    <trkpt lat="43.241217" lon="-4.023405"><ele>450.8</ele></trkpt>
    <trkpt lat="43.241242" lon="-4.023425"><ele>450.4</ele></trkpt>
    <trkpt lat="43.24126" lon="-4.023447"><ele>450.0</ele></trkpt>
    <trkpt lat="43.241277" lon="-4.023467"><ele>449.8</ele></trkpt>
    <trkpt lat="43.2413" lon="-4.023487"><ele>449.6</ele></trkpt>
    <trkpt lat="43.24132" lon="-4.023507"><ele>449.4</ele></trkpt>
    <trkpt lat="43.24134" lon="-4.023532"><ele>449.2</ele></trkpt>
    <trkpt lat="43.241362" lon="-4.023547"><ele>449.0</ele></trkpt>
    <trkpt lat="43.241382" lon="-4.023552"><ele>448.8</ele></trkpt>
    <trkpt lat="43.241402" lon="-4.023557"><ele>448.6</ele></trkpt>
    <trkpt lat="43.241422" lon="-4.023565"><ele>448.4</ele></trkpt>
    <trkpt lat="43.241437" lon="-4.023575"><ele>448.2</ele></trkpt>
    <trkpt lat="43.241457" lon="-4.023582"><ele>448.2</ele></trkpt>
    <trkpt lat="43.241502" lon="-4.023578"><ele>447.8</ele></trkpt>
    <trkpt lat="43.241527" lon="-4.023575"><ele>447.6</ele></trkpt>
    <trkpt lat="43.241557" lon="-4.023567"><ele>447.2</ele></trkpt>
    <trkpt lat="43.241585" lon="-4.023565"><ele>446.8</ele></trkpt>
    <trkpt lat="43.241612" lon="-4.023575"><ele>446.4</ele></trkpt>
    <trkpt lat="43.241642" lon="-4.023585"><ele>446.0</ele></trkpt>
    <trkpt lat="43.241665" lon="-4.023582"><ele>445.8</ele></trkpt>
    <trkpt lat="43.241682" lon="-4.02357"><ele>445.6</ele></trkpt>
    <trkpt lat="43.241702" lon="-4.023552"><ele>445.2</ele></trkpt>
    <trkpt lat="43.241735" lon="-4.023557"><ele>444.8</ele></trkpt>
    <trkpt lat="43.241755" lon="-4.023562"><ele>444.6</ele></trkpt>
    <trkpt lat="43.241772" lon="-4.023558"><ele>444.4</ele></trkpt>
    <trkpt lat="43.241812" lon="-4.023557"><ele>444.0</ele></trkpt>
    <trkpt lat="43.241835" lon="-4.023548"><ele>443.8</ele></trkpt>
    <trkpt lat="43.241867" lon="-4.023547"><ele>443.6</ele></trkpt>
    <trkpt lat="43.241897" lon="-4.023547"><ele>443.2</ele></trkpt>
    <trkpt lat="43.241932" lon="-4.023548"><ele>443.2</ele></trkpt>
    <trkpt lat="43.241952" lon="-4.023565"><ele>443.0</ele></trkpt>
    <trkpt lat="43.241975" lon="-4.023582"><ele>442.8</ele></trkpt>
    <trkpt lat="43.241998" lon="-4.023587"><ele>442.6</ele></trkpt>
    <trkpt lat="43.242022" lon="-4.0236"><ele>442.6</ele></trkpt>
    <trkpt lat="43.242047" lon="-4.02362"><ele>442.4</ele></trkpt>
    <trkpt lat="43.242072" lon="-4.023637"><ele>442.4</ele></trkpt>
    <trkpt lat="43.24209" lon="-4.023647"><ele>442.4</ele></trkpt>
    <trkpt lat="43.24211" lon="-4.023652"><ele>442.2</ele></trkpt>
    <trkpt lat="43.242132" lon="-4.02366"><ele>442.2</ele></trkpt>
    <trkpt lat="43.24216" lon="-4.023657"><ele>442.0</ele></trkpt>
    <trkpt lat="43.242185" lon="-4.023653"><ele>441.8</ele></trkpt>
    <trkpt lat="43.242207" lon="-4.023642"><ele>441.4</ele></trkpt>
    <trkpt lat="43.242237" lon="-4.023627"><ele>441.2</ele></trkpt>
    <trkpt lat="43.242267" lon="-4.023615"><ele>440.8</ele></trkpt>
    <trkpt lat="43.242297" lon="-4.0236"><ele>440.6</ele></trkpt>
    <trkpt lat="43.242327" lon="-4.023582"><ele>440.2</ele></trkpt>
    <trkpt lat="43.242352" lon="-4.023565"><ele>440.0</ele></trkpt>
    <trkpt lat="43.242365" lon="-4.023542"><ele>439.6</ele></trkpt>
    <trkpt lat="43.242372" lon="-4.023497"><ele>439.2</ele></trkpt>
    <trkpt lat="43.242377" lon="-4.023455"><ele>438.8</ele></trkpt>
    <trkpt lat="43.242372" lon="-4.023417"><ele>438.4</ele></trkpt>
    <trkpt lat="43.242367" lon="-4.023382"><ele>438.0</ele></trkpt>
    <trkpt lat="43.24236" lon="-4.023337"><ele>437.6</ele></trkpt>
    <trkpt lat="43.242355" lon="-4.023292"><ele>437.4</ele></trkpt>
    <trkpt lat="43.242347" lon="-4.02325"><ele>437.0</ele></trkpt>
    <trkpt lat="43.242342" lon="-4.023202"><ele>436.6</ele></trkpt>
    <trkpt lat="43.242342" lon="-4.023163"><ele>436.2</ele></trkpt>
    <trkpt lat="43.242352" lon="-4.023125"><ele>435.8</ele></trkpt>
    <trkpt lat="43.24236" lon="-4.023092"><ele>435.0</ele></trkpt>
    <trkpt lat="43.242367" lon="-4.023062"><ele>434.6</ele></trkpt>
    <trkpt lat="43.242365" lon="-4.023027"><ele>434.2</ele></trkpt>
    <trkpt lat="43.24236" lon="-4.022992"><ele>433.8</ele></trkpt>
    <trkpt lat="43.242352" lon="-4.022957"><ele>433.2</ele></trkpt>
    <trkpt lat="43.24235" lon="-4.022927"><ele>432.8</ele></trkpt>
    <trkpt lat="43.242362" lon="-4.0229"><ele>432.2</ele></trkpt>
    <trkpt lat="43.242382" lon="-4.02291"><ele>432.0</ele></trkpt>
    <trkpt lat="43.2424" lon="-4.022917"><ele>431.8</ele></trkpt>
    <trkpt lat="43.24242" lon="-4.022917"><ele>431.4</ele></trkpt>
    <trkpt lat="43.24244" lon="-4.022907"><ele>431.0</ele></trkpt>
    <trkpt lat="43.242452" lon="-4.022877"><ele>430.8</ele></trkpt>
    <trkpt lat="43.24246" lon="-4.022847"><ele>430.6</ele></trkpt>
    <trkpt lat="43.24247" lon="-4.022822"><ele>430.2</ele></trkpt>
    <trkpt lat="43.24248" lon="-4.022797"><ele>429.8</ele></trkpt>
    <trkpt lat="43.242495" lon="-4.022772"><ele>429.4</ele></trkpt>
    <trkpt lat="43.242512" lon="-4.02276"><ele>429.2</ele></trkpt>
    <trkpt lat="43.242547" lon="-4.022752"><ele>428.6</ele></trkpt>
    <trkpt lat="43.242575" lon="-4.022722"><ele>427.6</ele></trkpt>
    <trkpt lat="43.242597" lon="-4.022687"><ele>426.8</ele></trkpt>
    <trkpt lat="43.24263" lon="-4.022665"><ele>426.2</ele></trkpt>
    <trkpt lat="43.242642" lon="-4.022647"><ele>425.8</ele></trkpt>
    <trkpt lat="43.242652" lon="-4.022622"><ele>425.4</ele></trkpt>
    <trkpt lat="43.242662" lon="-4.022597"><ele>424.8</ele></trkpt>
    <trkpt lat="43.242677" lon="-4.022555"><ele>423.4</ele></trkpt>
    <trkpt lat="43.242687" lon="-4.022532"><ele>423.2</ele></trkpt>
    <trkpt lat="43.242705" lon="-4.022512"><ele>422.8</ele></trkpt>
    <trkpt lat="43.242732" lon="-4.022507"><ele>421.8</ele></trkpt>
    <trkpt lat="43.242752" lon="-4.022508"><ele>421.2</ele></trkpt>
    <trkpt lat="43.242772" lon="-4.02252"><ele>420.6</ele></trkpt>
    <trkpt lat="43.242797" lon="-4.022527"><ele>420.2</ele></trkpt>
    <trkpt lat="43.242815" lon="-4.022527"><ele>419.6</ele></trkpt>
    <trkpt lat="43.242832" lon="-4.022515"><ele>419.0</ele></trkpt>
    <trkpt lat="43.242847" lon="-4.02249"><ele>418.6</ele></trkpt>
    <trkpt lat="43.242857" lon="-4.022437"><ele>417.6</ele></trkpt>
    <trkpt lat="43.242862" lon="-4.022402"><ele>416.8</ele></trkpt>
    <trkpt lat="43.242865" lon="-4.022357"><ele>416.2</ele></trkpt>
    <trkpt lat="43.242865" lon="-4.022318"><ele>415.8</ele></trkpt>
    <trkpt lat="43.242862" lon="-4.02228"><ele>415.4</ele></trkpt>
    <trkpt lat="43.242862" lon="-4.022237"><ele>415.0</ele></trkpt>
    <trkpt lat="43.242865" lon="-4.022202"><ele>414.6</ele></trkpt>
    <trkpt lat="43.242867" lon="-4.022172"><ele>414.2</ele></trkpt>
    <trkpt lat="43.242875" lon="-4.022142"><ele>414.0</ele></trkpt>
    <trkpt lat="43.242872" lon="-4.022102"><ele>413.6</ele></trkpt>
    <trkpt lat="43.242867" lon="-4.022062"><ele>413.2</ele></trkpt>
    <trkpt lat="43.242867" lon="-4.022022"><ele>412.8</ele></trkpt>
    <trkpt lat="43.242867" lon="-4.021975"><ele>412.4</ele></trkpt>
    <trkpt lat="43.242867" lon="-4.021927"><ele>412.0</ele></trkpt>
    <trkpt lat="43.242862" lon="-4.021882"><ele>411.4</ele></trkpt>
    <trkpt lat="43.24287" lon="-4.021847"><ele>411.0</ele></trkpt>
    <trkpt lat="43.242877" lon="-4.021815"><ele>410.6</ele></trkpt>
    <trkpt lat="43.242882" lon="-4.021782"><ele>410.0</ele></trkpt>
    <trkpt lat="43.242877" lon="-4.021747"><ele>409.4</ele></trkpt>
    <trkpt lat="43.242877" lon="-4.021712"><ele>409.2</ele></trkpt>
    <trkpt lat="43.242877" lon="-4.021682"><ele>409.2</ele></trkpt>
    <trkpt lat="43.242887" lon="-4.021652"><ele>409.2</ele></trkpt>
    <trkpt lat="43.242902" lon="-4.021632"><ele>409.2</ele></trkpt>
    <trkpt lat="43.24292" lon="-4.021622"><ele>409.0</ele></trkpt>
    <trkpt lat="43.24294" lon="-4.021617"><ele>409.0</ele></trkpt>
    <trkpt lat="43.242962" lon="-4.021612"><ele>408.8</ele></trkpt>
    <trkpt lat="43.242982" lon="-4.021622"><ele>408.6</ele></trkpt>
    <trkpt lat="43.243007" lon="-4.021632"><ele>408.4</ele></trkpt>
    <trkpt lat="43.24303" lon="-4.021652"><ele>408.0</ele></trkpt>
    <trkpt lat="43.243057" lon="-4.021677"><ele>407.8</ele></trkpt>
    <trkpt lat="43.243082" lon="-4.021695"><ele>407.4</ele></trkpt>
    <trkpt lat="43.243105" lon="-4.021695"><ele>407.2</ele></trkpt>
    <trkpt lat="43.243122" lon="-4.021687"><ele>407.0</ele></trkpt>
    <trkpt lat="43.243142" lon="-4.021667"><ele>406.8</ele></trkpt>
    <trkpt lat="43.243165" lon="-4.021647"><ele>406.8</ele></trkpt>
    <trkpt lat="43.243187" lon="-4.021617"><ele>406.6</ele></trkpt>
    <trkpt lat="43.243208" lon="-4.021587"><ele>406.2</ele></trkpt>
    <trkpt lat="43.24323" lon="-4.021557"><ele>406.0</ele></trkpt>
    <trkpt lat="43.243247" lon="-4.021527"><ele>405.8</ele></trkpt>
    <trkpt lat="43.24327" lon="-4.021487"><ele>405.4</ele></trkpt>
    <trkpt lat="43.24329" lon="-4.021457"><ele>405.0</ele></trkpt>
    <trkpt lat="43.243305" lon="-4.021425"><ele>404.8</ele></trkpt>
    <trkpt lat="43.243317" lon="-4.021392"><ele>404.4</ele></trkpt>
    <trkpt lat="43.243327" lon="-4.021365"><ele>404.4</ele></trkpt>
    <trkpt lat="43.243335" lon="-4.021333"><ele>404.2</ele></trkpt>
    <trkpt lat="43.243345" lon="-4.021297"><ele>404.2</ele></trkpt>
    <trkpt lat="43.243357" lon="-4.021272"><ele>404.0</ele></trkpt>
    <trkpt lat="43.243372" lon="-4.021247"><ele>404.0</ele></trkpt>
    <trkpt lat="43.243387" lon="-4.021222"><ele>403.8</ele></trkpt>
    <trkpt lat="43.243397" lon="-4.021202"><ele>403.8</ele></trkpt>
    <trkpt lat="43.243412" lon="-4.021175"><ele>403.8</ele></trkpt>
    <trkpt lat="43.243432" lon="-4.021137"><ele>403.6</ele></trkpt>
    <trkpt lat="43.243447" lon="-4.021115"><ele>403.4</ele></trkpt>
    <trkpt lat="43.243462" lon="-4.021087"><ele>403.4</ele></trkpt>
    <trkpt lat="43.243472" lon="-4.021062"><ele>403.4</ele></trkpt>
    <trkpt lat="43.243492" lon="-4.021038"><ele>403.2</ele></trkpt>
    <trkpt lat="43.243512" lon="-4.021017"><ele>403.2</ele></trkpt>
    <trkpt lat="43.243535" lon="-4.020997"><ele>403.0</ele></trkpt>
    <trkpt lat="43.243552" lon="-4.02099"><ele>403.0</ele></trkpt>
    <trkpt lat="43.243577" lon="-4.020977"><ele>403.0</ele></trkpt>
    <trkpt lat="43.243605" lon="-4.020962"><ele>402.8</ele></trkpt>
    <trkpt lat="43.24363" lon="-4.020942"><ele>402.6</ele></trkpt>
    <trkpt lat="43.243655" lon="-4.02092"><ele>402.6</ele></trkpt>
    <trkpt lat="43.243677" lon="-4.020897"><ele>402.4</ele></trkpt>
    <trkpt lat="43.243705" lon="-4.020875"><ele>402.2</ele></trkpt>
    <trkpt lat="43.243727" lon="-4.020852"><ele>402.2</ele></trkpt>
    <trkpt lat="43.24375" lon="-4.020832"><ele>402.0</ele></trkpt>
    <trkpt lat="43.243777" lon="-4.020822"><ele>402.0</ele></trkpt>
    <trkpt lat="43.243797" lon="-4.020812"><ele>401.8</ele></trkpt>
    <trkpt lat="43.243825" lon="-4.020802"><ele>401.6</ele></trkpt>
    <trkpt lat="43.24385" lon="-4.020787"><ele>401.4</ele></trkpt>
    <trkpt lat="43.243875" lon="-4.020772"><ele>401.2</ele></trkpt>
    <trkpt lat="43.243902" lon="-4.020757"><ele>401.0</ele></trkpt>
    <trkpt lat="43.243937" lon="-4.020737"><ele>400.8</ele></trkpt>
    <trkpt lat="43.243962" lon="-4.020722"><ele>400.4</ele></trkpt>
    <trkpt lat="43.243985" lon="-4.020702"><ele>400.2</ele></trkpt>
    <trkpt lat="43.244" lon="-4.020677"><ele>400.0</ele></trkpt>
    <trkpt lat="43.24402" lon="-4.020652"><ele>400.0</ele></trkpt>
    <trkpt lat="43.244035" lon="-4.020627"><ele>400.0</ele></trkpt>
    <trkpt lat="43.244057" lon="-4.020607"><ele>400.0</ele></trkpt>
    <trkpt lat="43.244077" lon="-4.020587"><ele>400.0</ele></trkpt>
    <trkpt lat="43.244097" lon="-4.02057"><ele>400.0</ele></trkpt>
    <trkpt lat="43.244115" lon="-4.020547"><ele>400.2</ele></trkpt>
    <trkpt lat="43.244127" lon="-4.020522"><ele>400.2</ele></trkpt>
    <trkpt lat="43.244137" lon="-4.020497"><ele>400.2</ele></trkpt>
    <trkpt lat="43.244147" lon="-4.020472"><ele>400.0</ele></trkpt>
    <trkpt lat="43.244162" lon="-4.020443"><ele>400.2</ele></trkpt>
    <trkpt lat="43.244177" lon="-4.020422"><ele>400.2</ele></trkpt>
    <trkpt lat="43.244193" lon="-4.020397"><ele>400.4</ele></trkpt>
    <trkpt lat="43.24421" lon="-4.020377"><ele>400.4</ele></trkpt>
    <trkpt lat="43.244222" lon="-4.020352"><ele>400.6</ele></trkpt>
    <trkpt lat="43.244237" lon="-4.020327"><ele>400.6</ele></trkpt>
    <trkpt lat="43.244252" lon="-4.020307"><ele>400.8</ele></trkpt>
    <trkpt lat="43.244267" lon="-4.020285"><ele>400.8</ele></trkpt>
    <trkpt lat="43.24428" lon="-4.020257"><ele>400.8</ele></trkpt>
    <trkpt lat="43.244297" lon="-4.020232"><ele>400.8</ele></trkpt>
    <trkpt lat="43.244312" lon="-4.0202"><ele>400.8</ele></trkpt>
    <trkpt lat="43.244327" lon="-4.020175"><ele>400.6</ele></trkpt>
    <trkpt lat="43.244345" lon="-4.020142"><ele>400.6</ele></trkpt>
    <trkpt lat="43.244357" lon="-4.020107"><ele>400.6</ele></trkpt>
    <trkpt lat="43.244372" lon="-4.02007"><ele>400.4</ele></trkpt>
    <trkpt lat="43.244392" lon="-4.020027"><ele>400.4</ele></trkpt>
    <trkpt lat="43.244412" lon="-4.019992"><ele>400.0</ele></trkpt>
    <trkpt lat="43.244432" lon="-4.019952"><ele>399.8</ele></trkpt>
    <trkpt lat="43.244452" lon="-4.019912"><ele>399.4</ele></trkpt>
    <trkpt lat="43.244472" lon="-4.019872"><ele>399.2</ele></trkpt>
    <trkpt lat="43.24449" lon="-4.019828"><ele>398.8</ele></trkpt>
    <trkpt lat="43.244503" lon="-4.019787"><ele>398.2</ele></trkpt>
    <trkpt lat="43.244517" lon="-4.019742"><ele>397.8</ele></trkpt>
    <trkpt lat="43.244527" lon="-4.019693"><ele>397.4</ele></trkpt>
    <trkpt lat="43.244537" lon="-4.019652"><ele>397.0</ele></trkpt>
    <trkpt lat="43.244555" lon="-4.019612"><ele>396.8</ele></trkpt>
    <trkpt lat="43.244572" lon="-4.019572"><ele>396.4</ele></trkpt>
    <trkpt lat="43.24459" lon="-4.019537"><ele>396.2</ele></trkpt>
    <trkpt lat="43.24461" lon="-4.019495"><ele>396.0</ele></trkpt>
    <trkpt lat="43.244627" lon="-4.019467"><ele>395.8</ele></trkpt>
    <trkpt lat="43.244647" lon="-4.019442"><ele>395.8</ele></trkpt>
    <trkpt lat="43.244672" lon="-4.019427"><ele>395.6</ele></trkpt>
    <trkpt lat="43.244692" lon="-4.01942"><ele>395.4</ele></trkpt>
    <trkpt lat="43.244717" lon="-4.019417"><ele>395.4</ele></trkpt>
    <trkpt lat="43.244735" lon="-4.019412"><ele>395.2</ele></trkpt>
    <trkpt lat="43.24477" lon="-4.019397"><ele>395.0</ele></trkpt>
    <trkpt lat="43.244792" lon="-4.019387"><ele>395.0</ele></trkpt>
    <trkpt lat="43.244817" lon="-4.019372"><ele>395.0</ele></trkpt>
    <trkpt lat="43.244837" lon="-4.019357"><ele>395.0</ele></trkpt>
    <trkpt lat="43.244857" lon="-4.019333"><ele>394.8</ele></trkpt>
    <trkpt lat="43.244872" lon="-4.01931"><ele>394.6</ele></trkpt>
    <trkpt lat="43.244887" lon="-4.019287"><ele>394.4</ele></trkpt>
    <trkpt lat="43.244902" lon="-4.019257"><ele>394.0</ele></trkpt>
    <trkpt lat="43.244912" lon="-4.01923"><ele>393.6</ele></trkpt>
    <trkpt lat="43.244927" lon="-4.019202"><ele>393.2</ele></trkpt>
    <trkpt lat="43.24494" lon="-4.019177"><ele>392.8</ele></trkpt>
    <trkpt lat="43.24494" lon="-4.019152"><ele>392.2</ele></trkpt>
    <trkpt lat="43.244927" lon="-4.019105"><ele>391.2</ele></trkpt>
    <trkpt lat="43.244892" lon="-4.019082"><ele>390.0</ele></trkpt>
    <trkpt lat="43.244867" lon="-4.019052"><ele>389.2</ele></trkpt>
    <trkpt lat="43.24485" lon="-4.019032"><ele>389.0</ele></trkpt>
    <trkpt lat="43.24483" lon="-4.019007"><ele>388.6</ele></trkpt>
    <trkpt lat="43.24484" lon="-4.018987"><ele>388.0</ele></trkpt>
    <trkpt lat="43.244867" lon="-4.01897"><ele>387.0</ele></trkpt>
    <trkpt lat="43.244902" lon="-4.018957"><ele>386.0</ele></trkpt>
    <trkpt lat="43.244932" lon="-4.018942"><ele>385.2</ele></trkpt>
    <trkpt lat="43.244967" lon="-4.018932"><ele>384.4</ele></trkpt>
    <trkpt lat="43.244985" lon="-4.018918"><ele>383.8</ele></trkpt>
    <trkpt lat="43.245017" lon="-4.018897"><ele>383.0</ele></trkpt>
    <trkpt lat="43.245037" lon="-4.018877"><ele>382.0</ele></trkpt>
    <trkpt lat="43.245055" lon="-4.01886"><ele>381.0</ele></trkpt>
    <trkpt lat="43.245072" lon="-4.018855"><ele>380.2</ele></trkpt>
    <trkpt lat="43.245092" lon="-4.018847"><ele>379.4</ele></trkpt>
    <trkpt lat="43.245108" lon="-4.018827"><ele>378.8</ele></trkpt>
    <trkpt lat="43.245127" lon="-4.018805"><ele>377.8</ele></trkpt>
    <trkpt lat="43.24515" lon="-4.018787"><ele>377.2</ele></trkpt>
    <trkpt lat="43.245172" lon="-4.018777"><ele>376.4</ele></trkpt>
    <trkpt lat="43.245195" lon="-4.018765"><ele>375.4</ele></trkpt>
    <trkpt lat="43.24521" lon="-4.018745"><ele>373.8</ele></trkpt>
    <trkpt lat="43.245217" lon="-4.018722"><ele>372.4</ele></trkpt>
    <trkpt lat="43.24522" lon="-4.01869"><ele>370.8</ele></trkpt>
    <trkpt lat="43.24522" lon="-4.018657"><ele>369.8</ele></trkpt>
    <trkpt lat="43.245227" lon="-4.01863"><ele>368.6</ele></trkpt>
    <trkpt lat="43.245242" lon="-4.018612"><ele>368.0</ele></trkpt>
    <trkpt lat="43.245267" lon="-4.018602"><ele>367.0</ele></trkpt>
    <trkpt lat="43.245282" lon="-4.018585"><ele>365.8</ele></trkpt>
    <trkpt lat="43.245297" lon="-4.018567"><ele>364.8</ele></trkpt>
    <trkpt lat="43.245307" lon="-4.018537"><ele>360.6</ele></trkpt>
    <trkpt lat="43.245322" lon="-4.018517"><ele>360.4</ele></trkpt>
    <trkpt lat="43.245337" lon="-4.0185"><ele>359.8</ele></trkpt>
    <trkpt lat="43.245357" lon="-4.018477"><ele>356.0</ele></trkpt>
    <trkpt lat="43.245362" lon="-4.018447"><ele>355.6</ele></trkpt>
    <trkpt lat="43.245357" lon="-4.018412"><ele>355.2</ele></trkpt>
    <trkpt lat="43.245362" lon="-4.018387"><ele>353.8</ele></trkpt>
    <trkpt lat="43.24539" lon="-4.01836"><ele>353.2</ele></trkpt>
    <trkpt lat="43.245412" lon="-4.01834"><ele>353.0</ele></trkpt>
    <trkpt lat="43.24543" lon="-4.018322"><ele>352.4</ele></trkpt>
    <trkpt lat="43.24545" lon="-4.018307"><ele>352.0</ele></trkpt>
    <trkpt lat="43.24547" lon="-4.018292"><ele>351.4</ele></trkpt>
    <trkpt lat="43.245487" lon="-4.018277"><ele>350.8</ele></trkpt>
    <trkpt lat="43.24552" lon="-4.01825"><ele>349.8</ele></trkpt>
    <trkpt lat="43.245537" lon="-4.018227"><ele>349.4</ele></trkpt>
    <trkpt lat="43.245557" lon="-4.018217"><ele>349.0</ele></trkpt>
    <trkpt lat="43.245577" lon="-4.018208"><ele>348.6</ele></trkpt>
    <trkpt lat="43.245597" lon="-4.018207"><ele>348.2</ele></trkpt>
    <trkpt lat="43.245617" lon="-4.018197"><ele>347.8</ele></trkpt>
    <trkpt lat="43.245637" lon="-4.018187"><ele>347.4</ele></trkpt>
    <trkpt lat="43.245662" lon="-4.018192"><ele>347.0</ele></trkpt>
    <trkpt lat="43.245677" lon="-4.018212"><ele>346.4</ele></trkpt>
    <trkpt lat="43.245682" lon="-4.018238"><ele>346.0</ele></trkpt>
    <trkpt lat="43.245682" lon="-4.01828"><ele>345.4</ele></trkpt>
    <trkpt lat="43.245697" lon="-4.018302"><ele>344.6</ele></trkpt>
    <trkpt lat="43.24568" lon="-4.01833"><ele>342.8</ele></trkpt>
    <trkpt lat="43.24567" lon="-4.01836"><ele>342.2</ele></trkpt>
    <trkpt lat="43.24566" lon="-4.018387"><ele>341.6</ele></trkpt>
    <trkpt lat="43.245652" lon="-4.018412"><ele>340.8</ele></trkpt>
    <trkpt lat="43.245662" lon="-4.01845"><ele>339.4</ele></trkpt>
    <trkpt lat="43.245692" lon="-4.018467"><ele>338.6</ele></trkpt>
    <trkpt lat="43.24571" lon="-4.018462"><ele>338.0</ele></trkpt>
    <trkpt lat="43.245732" lon="-4.018457"><ele>337.6</ele></trkpt>
    <trkpt lat="43.245752" lon="-4.018437"><ele>336.6</ele></trkpt>
    <trkpt lat="43.245777" lon="-4.018432"><ele>336.2</ele></trkpt>
    <trkpt lat="43.245805" lon="-4.018425"><ele>336.0</ele></trkpt>
    <trkpt lat="43.245825" lon="-4.018417"><ele>335.8</ele></trkpt>
    <trkpt lat="43.245845" lon="-4.018405"><ele>335.6</ele></trkpt>
    <trkpt lat="43.245865" lon="-4.018387"><ele>335.2</ele></trkpt>
    <trkpt lat="43.245882" lon="-4.018367"><ele>334.8</ele></trkpt>
    <trkpt lat="43.245897" lon="-4.018348"><ele>334.6</ele></trkpt>
    <trkpt lat="43.245917" lon="-4.018337"><ele>334.6</ele></trkpt>
    <trkpt lat="43.245937" lon="-4.018317"><ele>334.4</ele></trkpt>
    <trkpt lat="43.245952" lon="-4.018302"><ele>334.2</ele></trkpt>
    <trkpt lat="43.245967" lon="-4.018287"><ele>334.2</ele></trkpt>
    <trkpt lat="43.245982" lon="-4.01826"><ele>334.2</ele></trkpt>
    <trkpt lat="43.245997" lon="-4.018227"><ele>334.2</ele></trkpt>
    <trkpt lat="43.246002" lon="-4.018192"><ele>334.2</ele></trkpt>
    <trkpt lat="43.245997" lon="-4.018157"><ele>334.2</ele></trkpt>
    <trkpt lat="43.24599" lon="-4.018125"><ele>334.0</ele></trkpt>
    <trkpt lat="43.245985" lon="-4.018097"><ele>333.8</ele></trkpt>
    <trkpt lat="43.24598" lon="-4.018072"><ele>333.6</ele></trkpt>
    <trkpt lat="43.245967" lon="-4.01803"><ele>333.2</ele></trkpt>
    <trkpt lat="43.245957" lon="-4.017997"><ele>332.6</ele></trkpt>
    <trkpt lat="43.245952" lon="-4.017967"><ele>331.8</ele></trkpt>
    <trkpt lat="43.24595" lon="-4.017937"><ele>330.6</ele></trkpt>
    <trkpt lat="43.24595" lon="-4.017903"><ele>329.6</ele></trkpt>
    <trkpt lat="43.245967" lon="-4.017892"><ele>327.0</ele></trkpt>
    <trkpt lat="43.245967" lon="-4.017867"><ele>326.6</ele></trkpt>
    <trkpt lat="43.24596" lon="-4.017838"><ele>325.8</ele></trkpt>
    <trkpt lat="43.245937" lon="-4.017805"><ele>325.8</ele></trkpt>
    <trkpt lat="43.245922" lon="-4.017777"><ele>325.8</ele></trkpt>
    <trkpt lat="43.245905" lon="-4.01775"><ele>325.8</ele></trkpt>
    <trkpt lat="43.24589" lon="-4.017717"><ele>326.0</ele></trkpt>
    <trkpt lat="43.245877" lon="-4.017687"><ele>325.8</ele></trkpt>
    <trkpt lat="43.245857" lon="-4.017652"><ele>325.8</ele></trkpt>
    <trkpt lat="43.245832" lon="-4.017612"><ele>325.6</ele></trkpt>
    <trkpt lat="43.245807" lon="-4.017567"><ele>325.4</ele></trkpt>
    <trkpt lat="43.245782" lon="-4.017527"><ele>325.4</ele></trkpt>
    <trkpt lat="43.245762" lon="-4.017497"><ele>325.2</ele></trkpt>
    <trkpt lat="43.245745" lon="-4.017465"><ele>325.0</ele></trkpt>
    <trkpt lat="43.245732" lon="-4.01744"><ele>324.8</ele></trkpt>
    <trkpt lat="43.245717" lon="-4.01742"><ele>324.6</ele></trkpt>
    <trkpt lat="43.2457" lon="-4.0174"><ele>324.6</ele></trkpt>
    <trkpt lat="43.24568" lon="-4.01739"><ele>324.4</ele></trkpt>
    <trkpt lat="43.245662" lon="-4.017377"><ele>324.4</ele></trkpt>
    <trkpt lat="43.245642" lon="-4.017363"><ele>324.2</ele></trkpt>
    <trkpt lat="43.245605" lon="-4.017342"><ele>324.0</ele></trkpt>
    <trkpt lat="43.24558" lon="-4.017327"><ele>324.0</ele></trkpt>
    <trkpt lat="43.245552" lon="-4.017317"><ele>324.0</ele></trkpt>
    <trkpt lat="43.245527" lon="-4.017307"><ele>323.8</ele></trkpt>
    <trkpt lat="43.245502" lon="-4.017297"><ele>323.8</ele></trkpt>
    <trkpt lat="43.245477" lon="-4.017287"><ele>323.6</ele></trkpt>
    <trkpt lat="43.245452" lon="-4.017285"><ele>323.4</ele></trkpt>
    <trkpt lat="43.245422" lon="-4.017285"><ele>323.2</ele></trkpt>
    <trkpt lat="43.245382" lon="-4.017287"><ele>323.0</ele></trkpt>
    <trkpt lat="43.245347" lon="-4.017297"><ele>322.8</ele></trkpt>
    <trkpt lat="43.245312" lon="-4.017307"><ele>322.4</ele></trkpt>
    <trkpt lat="43.24528" lon="-4.017322"><ele>322.0</ele></trkpt>
    <trkpt lat="43.245252" lon="-4.017342"><ele>321.8</ele></trkpt>
    <trkpt lat="43.245222" lon="-4.017352"><ele>321.6</ele></trkpt>
    <trkpt lat="43.245195" lon="-4.01736"><ele>321.2</ele></trkpt>
    <trkpt lat="43.245172" lon="-4.017372"><ele>321.0</ele></trkpt>
    <trkpt lat="43.245145" lon="-4.017382"><ele>320.8</ele></trkpt>
    <trkpt lat="43.245117" lon="-4.017393"><ele>320.8</ele></trkpt>
    <trkpt lat="43.24509" lon="-4.01741"><ele>320.6</ele></trkpt>
    <trkpt lat="43.24506" lon="-4.017422"><ele>320.6</ele></trkpt>
    <trkpt lat="43.245035" lon="-4.017435"><ele>320.4</ele></trkpt>
    <trkpt lat="43.245012" lon="-4.017442"><ele>320.2</ele></trkpt>
    <trkpt lat="43.244987" lon="-4.017455"><ele>320.0</ele></trkpt>
    <trkpt lat="43.244965" lon="-4.017462"><ele>320.0</ele></trkpt>
    <trkpt lat="43.244942" lon="-4.017462"><ele>319.8</ele></trkpt>
    <trkpt lat="43.244925" lon="-4.017457"><ele>319.8</ele></trkpt>
    <trkpt lat="43.244895" lon="-4.017442"><ele>319.4</ele></trkpt>
    <trkpt lat="43.244877" lon="-4.017445"><ele>319.0</ele></trkpt>
    <trkpt lat="43.24485" lon="-4.017455"><ele>319.2</ele></trkpt>
    <trkpt lat="43.244825" lon="-4.017477"><ele>319.2</ele></trkpt>
    <trkpt lat="43.244797" lon="-4.017478"><ele>319.2</ele></trkpt>
    <trkpt lat="43.24478" lon="-4.017467"><ele>319.4</ele></trkpt>
    <trkpt lat="43.244752" lon="-4.017452"><ele>319.6</ele></trkpt>
    <trkpt lat="43.244732" lon="-4.017447"><ele>319.4</ele></trkpt>
    <trkpt lat="43.244705" lon="-4.017435"><ele>319.2</ele></trkpt>
    <trkpt lat="43.244692" lon="-4.017413"><ele>319.4</ele></trkpt>
    <trkpt lat="43.244685" lon="-4.017387"><ele>319.2</ele></trkpt>
    <trkpt lat="43.244677" lon="-4.017352"><ele>318.8</ele></trkpt>
    <trkpt lat="43.244672" lon="-4.017322"><ele>318.8</ele></trkpt>
    <trkpt lat="43.244682" lon="-4.017288"><ele>318.6</ele></trkpt>
    <trkpt lat="43.244682" lon="-4.017262"><ele>318.6</ele></trkpt>
    <trkpt lat="43.244682" lon="-4.017227"><ele>318.6</ele></trkpt>
    <trkpt lat="43.244682" lon="-4.017192"><ele>318.2</ele></trkpt>
    <trkpt lat="43.244682" lon="-4.017155"><ele>318.0</ele></trkpt>
    <trkpt lat="43.244685" lon="-4.01712"><ele>317.8</ele></trkpt>
    <trkpt lat="43.244697" lon="-4.017088"><ele>317.6</ele></trkpt>
    <trkpt lat="43.244707" lon="-4.017063"><ele>317.4</ele></trkpt>
    <trkpt lat="43.244722" lon="-4.01703"><ele>316.6</ele></trkpt>
    <trkpt lat="43.244732" lon="-4.017003"><ele>316.4</ele></trkpt>
    <trkpt lat="43.244747" lon="-4.016985"><ele>316.0</ele></trkpt>
    <trkpt lat="43.244765" lon="-4.016965"><ele>315.6</ele></trkpt>
    <trkpt lat="43.244782" lon="-4.016938"><ele>315.2</ele></trkpt>
    <trkpt lat="43.244802" lon="-4.016917"><ele>314.8</ele></trkpt>
    <trkpt lat="43.244822" lon="-4.016885"><ele>314.6</ele></trkpt>
    <trkpt lat="43.244832" lon="-4.016852"><ele>314.4</ele></trkpt>
    <trkpt lat="43.244835" lon="-4.016817"><ele>314.0</ele></trkpt>
    <trkpt lat="43.244835" lon="-4.016787"><ele>313.8</ele></trkpt>
    <trkpt lat="43.244832" lon="-4.016758"><ele>313.4</ele></trkpt>
    <trkpt lat="43.24482" lon="-4.016727"><ele>313.4</ele></trkpt>
    <trkpt lat="43.244802" lon="-4.016695"><ele>313.2</ele></trkpt>
    <trkpt lat="43.244782" lon="-4.016662"><ele>313.0</ele></trkpt>
    <trkpt lat="43.24476" lon="-4.016637"><ele>312.6</ele></trkpt>
    <trkpt lat="43.244737" lon="-4.016607"><ele>312.2</ele></trkpt>
    <trkpt lat="43.24472" lon="-4.016577"><ele>311.8</ele></trkpt>
    <trkpt lat="43.2447" lon="-4.016555"><ele>311.4</ele></trkpt>
    <trkpt lat="43.244675" lon="-4.016532"><ele>311.0</ele></trkpt>
    <trkpt lat="43.244652" lon="-4.01651"><ele>310.8</ele></trkpt>
    <trkpt lat="43.244632" lon="-4.016492"><ele>310.6</ele></trkpt>
    <trkpt lat="43.244612" lon="-4.016472"><ele>310.4</ele></trkpt>
    <trkpt lat="43.244595" lon="-4.016447"><ele>310.2</ele></trkpt>
    <trkpt lat="43.244577" lon="-4.016427"><ele>310.0</ele></trkpt>
    <trkpt lat="43.24456" lon="-4.016407"><ele>309.8</ele></trkpt>
    <trkpt lat="43.244537" lon="-4.016387"><ele>309.6</ele></trkpt>
    <trkpt lat="43.244517" lon="-4.016367"><ele>309.6</ele></trkpt>
    <trkpt lat="43.244492" lon="-4.016347"><ele>309.4</ele></trkpt>
    <trkpt lat="43.244462" lon="-4.016325"><ele>309.4</ele></trkpt>
    <trkpt lat="43.244437" lon="-4.016303"><ele>309.2</ele></trkpt>
    <trkpt lat="43.244417" lon="-4.01629"><ele>309.0</ele></trkpt>
    <trkpt lat="43.244397" lon="-4.016272"><ele>308.8</ele></trkpt>
    <trkpt lat="43.244372" lon="-4.01625"><ele>308.6</ele></trkpt>
    <trkpt lat="43.244345" lon="-4.016225"><ele>308.6</ele></trkpt>
    <trkpt lat="43.244317" lon="-4.016197"><ele>308.4</ele></trkpt>
    <trkpt lat="43.244297" lon="-4.016172"><ele>308.2</ele></trkpt>
    <trkpt lat="43.244272" lon="-4.016142"><ele>307.8</ele></trkpt>
    <trkpt lat="43.244242" lon="-4.016102"><ele>307.2</ele></trkpt>
    <trkpt lat="43.244222" lon="-4.016082"><ele>307.0</ele></trkpt>
    <trkpt lat="43.244197" lon="-4.016065"><ele>306.8</ele></trkpt>
    <trkpt lat="43.24417" lon="-4.016042"><ele>306.4</ele></trkpt>
    <trkpt lat="43.24414" lon="-4.016022"><ele>306.0</ele></trkpt>
    <trkpt lat="43.24411" lon="-4.016002"><ele>305.6</ele></trkpt>
    <trkpt lat="43.244085" lon="-4.015977"><ele>305.4</ele></trkpt>
    <trkpt lat="43.244067" lon="-4.015952"><ele>304.8</ele></trkpt>
    <trkpt lat="43.244047" lon="-4.015917"><ele>304.4</ele></trkpt>
    <trkpt lat="43.244025" lon="-4.015888"><ele>304.0</ele></trkpt>
    <trkpt lat="43.244002" lon="-4.015865"><ele>303.6</ele></trkpt>
    <trkpt lat="43.243985" lon="-4.015847"><ele>303.4</ele></trkpt>
    <trkpt lat="43.243962" lon="-4.015827"><ele>303.2</ele></trkpt>
    <trkpt lat="43.243942" lon="-4.015807"><ele>303.0</ele></trkpt>
    <trkpt lat="43.243927" lon="-4.015787"><ele>302.8</ele></trkpt>
    <trkpt lat="43.243907" lon="-4.015757"><ele>302.8</ele></trkpt>
    <trkpt lat="43.243892" lon="-4.015727"><ele>302.8</ele></trkpt>
    <trkpt lat="43.243875" lon="-4.015687"><ele>302.6</ele></trkpt>
    <trkpt lat="43.24386" lon="-4.015652"><ele>302.6</ele></trkpt>
    <trkpt lat="43.243845" lon="-4.01562"><ele>302.4</ele></trkpt>
    <trkpt lat="43.243827" lon="-4.015587"><ele>302.2</ele></trkpt>
    <trkpt lat="43.243807" lon="-4.01556"><ele>302.2</ele></trkpt>
    <trkpt lat="43.243782" lon="-4.015527"><ele>302.0</ele></trkpt>
    <trkpt lat="43.243757" lon="-4.015495"><ele>301.8</ele></trkpt>
    <trkpt lat="43.243727" lon="-4.015472"><ele>301.6</ele></trkpt>
    <trkpt lat="43.243697" lon="-4.015443"><ele>301.4</ele></trkpt>
    <trkpt lat="43.243667" lon="-4.01542"><ele>301.2</ele></trkpt>
    <trkpt lat="43.243637" lon="-4.015392"><ele>301.2</ele></trkpt>
    <trkpt lat="43.243607" lon="-4.015365"><ele>301.0</ele></trkpt>
    <trkpt lat="43.243587" lon="-4.015337"><ele>300.8</ele></trkpt>
    <trkpt lat="43.24357" lon="-4.015312"><ele>300.6</ele></trkpt>
    <trkpt lat="43.243552" lon="-4.015287"><ele>300.4</ele></trkpt>
    <trkpt lat="43.243532" lon="-4.015262"><ele>300.0</ele></trkpt>
    <trkpt lat="43.243512" lon="-4.015245"><ele>299.6</ele></trkpt>
    <trkpt lat="43.243497" lon="-4.015227"><ele>299.2</ele></trkpt>
    <trkpt lat="43.243482" lon="-4.015207"><ele>298.8</ele></trkpt>
    <trkpt lat="43.243467" lon="-4.015182"><ele>298.6</ele></trkpt>
    <trkpt lat="43.24345" lon="-4.015152"><ele>298.2</ele></trkpt>
    <trkpt lat="43.243432" lon="-4.015122"><ele>297.8</ele></trkpt>
    <trkpt lat="43.243417" lon="-4.015097"><ele>297.6</ele></trkpt>
    <trkpt lat="43.243402" lon="-4.015072"><ele>297.2</ele></trkpt>
    <trkpt lat="43.243387" lon="-4.015052"><ele>296.8</ele></trkpt>
    <trkpt lat="43.243363" lon="-4.015025"><ele>296.6</ele></trkpt>
    <trkpt lat="43.243337" lon="-4.015002"><ele>296.2</ele></trkpt>
    <trkpt lat="43.243307" lon="-4.014982"><ele>295.8</ele></trkpt>
    <trkpt lat="43.243282" lon="-4.014968"><ele>295.0</ele></trkpt>
    <trkpt lat="43.243252" lon="-4.014952"><ele>294.8</ele></trkpt>
    <trkpt lat="43.24323" lon="-4.014937"><ele>294.4</ele></trkpt>
    <trkpt lat="43.243208" lon="-4.014932"><ele>294.0</ele></trkpt>
    <trkpt lat="43.243172" lon="-4.01493"><ele>293.8</ele></trkpt>
    <trkpt lat="43.243132" lon="-4.014927"><ele>293.4</ele></trkpt>
    <trkpt lat="43.243092" lon="-4.014927"><ele>293.0</ele></trkpt>
    <trkpt lat="43.243052" lon="-4.014925"><ele>292.8</ele></trkpt>
    <trkpt lat="43.24302" lon="-4.014917"><ele>292.4</ele></trkpt>
    <trkpt lat="43.242997" lon="-4.014907"><ele>292.2</ele></trkpt>
    <trkpt lat="43.242967" lon="-4.014897"><ele>292.0</ele></trkpt>
    <trkpt lat="43.242947" lon="-4.01489"><ele>291.8</ele></trkpt>
    <trkpt lat="43.242917" lon="-4.014887"><ele>291.6</ele></trkpt>
    <trkpt lat="43.242882" lon="-4.01488"><ele>291.4</ele></trkpt>
    <trkpt lat="43.242855" lon="-4.014873"><ele>291.0</ele></trkpt>
    <trkpt lat="43.242827" lon="-4.014865"><ele>290.8</ele></trkpt>
    <trkpt lat="43.242807" lon="-4.014852"><ele>290.6</ele></trkpt>
    <trkpt lat="43.242785" lon="-4.014837"><ele>290.4</ele></trkpt>
    <trkpt lat="43.24277" lon="-4.014812"><ele>290.0</ele></trkpt>
    <trkpt lat="43.242758" lon="-4.014785"><ele>289.6</ele></trkpt>
    <trkpt lat="43.242767" lon="-4.014755"><ele>289.4</ele></trkpt>
    <trkpt lat="43.242782" lon="-4.014722"><ele>288.6</ele></trkpt>
    <trkpt lat="43.242802" lon="-4.014713"><ele>288.4</ele></trkpt>
    <trkpt lat="43.242827" lon="-4.014705"><ele>288.0</ele></trkpt>
    <trkpt lat="43.24286" lon="-4.01469"><ele>287.6</ele></trkpt>
    <trkpt lat="43.24289" lon="-4.014682"><ele>287.2</ele></trkpt>
    <trkpt lat="43.242917" lon="-4.014667"><ele>286.8</ele></trkpt>
    <trkpt lat="43.24294" lon="-4.014652"><ele>286.4</ele></trkpt>
    <trkpt lat="43.242965" lon="-4.014637"><ele>286.0</ele></trkpt>
    <trkpt lat="43.242987" lon="-4.014618"><ele>285.0</ele></trkpt>
    <trkpt lat="43.243007" lon="-4.014607"><ele>284.6</ele></trkpt>
    <trkpt lat="43.243025" lon="-4.014597"><ele>284.2</ele></trkpt>
    <trkpt lat="43.243042" lon="-4.014585"><ele>283.6</ele></trkpt>
    <trkpt lat="43.243062" lon="-4.014572"><ele>283.2</ele></trkpt>
    <trkpt lat="43.243085" lon="-4.014557"><ele>282.6</ele></trkpt>
    <trkpt lat="43.243107" lon="-4.014537"><ele>282.0</ele></trkpt>
    <trkpt lat="43.24313" lon="-4.014512"><ele>281.6</ele></trkpt>
    <trkpt lat="43.243152" lon="-4.014485"><ele>281.0</ele></trkpt>
    <trkpt lat="43.243172" lon="-4.014458"><ele>280.4</ele></trkpt>
    <trkpt lat="43.243195" lon="-4.014447"><ele>279.8</ele></trkpt>
    <trkpt lat="43.243237" lon="-4.014442"><ele>278.8</ele></trkpt>
    <trkpt lat="43.243257" lon="-4.014432"><ele>278.4</ele></trkpt>
    <trkpt lat="43.243275" lon="-4.014407"><ele>277.6</ele></trkpt>
    <trkpt lat="43.243287" lon="-4.014387"><ele>277.0</ele></trkpt>
    <trkpt lat="43.243305" lon="-4.014367"><ele>276.8</ele></trkpt>
    <trkpt lat="43.243322" lon="-4.01433"><ele>276.4</ele></trkpt>
    <trkpt lat="43.243337" lon="-4.014297"><ele>276.2</ele></trkpt>
    <trkpt lat="43.243355" lon="-4.014247"><ele>276.0</ele></trkpt>
    <trkpt lat="43.24337" lon="-4.014222"><ele>275.8</ele></trkpt>
    <trkpt lat="43.243385" lon="-4.014202"><ele>275.6</ele></trkpt>
    <trkpt lat="43.243397" lon="-4.014185"><ele>275.6</ele></trkpt>
    <trkpt lat="43.243417" lon="-4.014172"><ele>275.4</ele></trkpt>
    <trkpt lat="43.24344" lon="-4.014162"><ele>275.2</ele></trkpt>
    <trkpt lat="43.243462" lon="-4.014162"><ele>275.2</ele></trkpt>
    <trkpt lat="43.243485" lon="-4.01417"><ele>275.2</ele></trkpt>
    <trkpt lat="43.243505" lon="-4.014172"><ele>275.2</ele></trkpt>
    <trkpt lat="43.243522" lon="-4.014177"><ele>275.4</ele></trkpt>
    <trkpt lat="43.243542" lon="-4.014192"><ele>275.6</ele></trkpt>
    <trkpt lat="43.243557" lon="-4.01421"><ele>275.6</ele></trkpt>
    <trkpt lat="43.243577" lon="-4.014225"><ele>275.4</ele></trkpt>
    <trkpt lat="43.243597" lon="-4.014245"><ele>275.4</ele></trkpt>
    <trkpt lat="43.243617" lon="-4.014262"><ele>275.0</ele></trkpt>
    <trkpt lat="43.24364" lon="-4.014287"><ele>274.8</ele></trkpt>
    <trkpt lat="43.243662" lon="-4.01432"><ele>274.4</ele></trkpt>
    <trkpt lat="43.243687" lon="-4.014352"><ele>274.0</ele></trkpt>
    <trkpt lat="43.24371" lon="-4.014377"><ele>273.6</ele></trkpt>
    <trkpt lat="43.24373" lon="-4.014407"><ele>273.2</ele></trkpt>
    <trkpt lat="43.243747" lon="-4.014438"><ele>272.8</ele></trkpt>
    <trkpt lat="43.243762" lon="-4.014465"><ele>272.4</ele></trkpt>
    <trkpt lat="43.243785" lon="-4.014485"><ele>271.8</ele></trkpt>
    <trkpt lat="43.243807" lon="-4.014502"><ele>271.6</ele></trkpt>
    <trkpt lat="43.24383" lon="-4.014523"><ele>271.2</ele></trkpt>
    <trkpt lat="43.243852" lon="-4.014545"><ele>271.0</ele></trkpt>
    <trkpt lat="43.243877" lon="-4.014562"><ele>270.6</ele></trkpt>
    <trkpt lat="43.243902" lon="-4.014582"><ele>270.4</ele></trkpt>
    <trkpt lat="43.243927" lon="-4.014598"><ele>270.0</ele></trkpt>
    <trkpt lat="43.243945" lon="-4.014612"><ele>269.8</ele></trkpt>
    <trkpt lat="43.243967" lon="-4.014652"><ele>269.2</ele></trkpt>
    <trkpt lat="43.243987" lon="-4.014672"><ele>269.0</ele></trkpt>
    <trkpt lat="43.244007" lon="-4.014687"><ele>268.8</ele></trkpt>
    <trkpt lat="43.244035" lon="-4.014702"><ele>268.4</ele></trkpt>
    <trkpt lat="43.244062" lon="-4.014712"><ele>268.0</ele></trkpt>
    <trkpt lat="43.244087" lon="-4.014717"><ele>267.8</ele></trkpt>
    <trkpt lat="43.244117" lon="-4.01473"><ele>267.4</ele></trkpt>
    <trkpt lat="43.244142" lon="-4.014737"><ele>267.2</ele></trkpt>
    <trkpt lat="43.244165" lon="-4.014743"><ele>266.8</ele></trkpt>
    <trkpt lat="43.244182" lon="-4.014752"><ele>266.6</ele></trkpt>
    <trkpt lat="43.24421" lon="-4.014757"><ele>266.2</ele></trkpt>
    <trkpt lat="43.244227" lon="-4.014762"><ele>266.0</ele></trkpt>
    <trkpt lat="43.244252" lon="-4.014777"><ele>265.6</ele></trkpt>
    <trkpt lat="43.244275" lon="-4.014788"><ele>265.2</ele></trkpt>
    <trkpt lat="43.244302" lon="-4.014805"><ele>264.8</ele></trkpt>
    <trkpt lat="43.24433" lon="-4.014825"><ele>264.4</ele></trkpt>
    <trkpt lat="43.244352" lon="-4.014837"><ele>263.8</ele></trkpt>
    <trkpt lat="43.244367" lon="-4.014857"><ele>263.4</ele></trkpt>
    <trkpt lat="43.244385" lon="-4.014873"><ele>262.8</ele></trkpt>
    <trkpt lat="43.244402" lon="-4.014903"><ele>262.0</ele></trkpt>
    <trkpt lat="43.244405" lon="-4.014932"><ele>261.2</ele></trkpt>
    <trkpt lat="43.244382" lon="-4.014967"><ele>261.0</ele></trkpt>
    <trkpt lat="43.244357" lon="-4.01499"><ele>260.6</ele></trkpt>
    <trkpt lat="43.244337" lon="-4.015015"><ele>260.6</ele></trkpt>
    <trkpt lat="43.244337" lon="-4.015042"><ele>260.4</ele></trkpt>
    <trkpt lat="43.244327" lon="-4.01507"><ele>260.6</ele></trkpt>
    <trkpt lat="43.24432" lon="-4.015097"><ele>260.6</ele></trkpt>
    <trkpt lat="43.244337" lon="-4.015112"><ele>260.6</ele></trkpt>
    <trkpt lat="43.244335" lon="-4.015137"><ele>260.4</ele></trkpt>
    <trkpt lat="43.244357" lon="-4.015147"><ele>260.4</ele></trkpt>
    <trkpt lat="43.244387" lon="-4.015162"><ele>260.2</ele></trkpt>
    <trkpt lat="43.244405" lon="-4.015172"><ele>260.2</ele></trkpt>
    <trkpt lat="43.244427" lon="-4.015185"><ele>260.0</ele></trkpt>
    <trkpt lat="43.244452" lon="-4.0152"><ele>259.8</ele></trkpt>
    <trkpt lat="43.24448" lon="-4.0152"><ele>259.8</ele></trkpt>
    <trkpt lat="43.244502" lon="-4.015185"><ele>259.6</ele></trkpt>
    <trkpt lat="43.24453" lon="-4.015185"><ele>259.2</ele></trkpt>
    <trkpt lat="43.244555" lon="-4.015205"><ele>258.8</ele></trkpt>
    <trkpt lat="43.244572" lon="-4.015227"><ele>258.8</ele></trkpt>
    <trkpt lat="43.244597" lon="-4.015247"><ele>258.6</ele></trkpt>
    <trkpt lat="43.24462" lon="-4.015272"><ele>258.8</ele></trkpt>
    <trkpt lat="43.244642" lon="-4.015292"><ele>259.0</ele></trkpt>
    <trkpt lat="43.244652" lon="-4.015328"><ele>259.4</ele></trkpt>
    <trkpt lat="43.24466" lon="-4.015372"><ele>259.4</ele></trkpt>
    <trkpt lat="43.244667" lon="-4.015413"><ele>259.0</ele></trkpt>
    <trkpt lat="43.244677" lon="-4.015455"><ele>259.0</ele></trkpt>
    <trkpt lat="43.244692" lon="-4.015488"><ele>259.0</ele></trkpt>
    <trkpt lat="43.24471" lon="-4.015515"><ele>259.0</ele></trkpt>
    <trkpt lat="43.244728" lon="-4.015552"><ele>259.0</ele></trkpt>
    <trkpt lat="43.244752" lon="-4.015582"><ele>259.2</ele></trkpt>
    <trkpt lat="43.244772" lon="-4.015602"><ele>259.4</ele></trkpt>
    <trkpt lat="43.244797" lon="-4.015612"><ele>259.8</ele></trkpt>
    <trkpt lat="43.244822" lon="-4.015607"><ele>260.2</ele></trkpt>
    <trkpt lat="43.244847" lon="-4.015622"><ele>260.4</ele></trkpt>
    <trkpt lat="43.24487" lon="-4.015627"><ele>260.8</ele></trkpt>
    <trkpt lat="43.244897" lon="-4.015647"><ele>260.8</ele></trkpt>
    <trkpt lat="43.244922" lon="-4.015667"><ele>261.2</ele></trkpt>
    <trkpt lat="43.24495" lon="-4.015692"><ele>261.2</ele></trkpt>
    <trkpt lat="43.244982" lon="-4.015705"><ele>261.6</ele></trkpt>
    <trkpt lat="43.245007" lon="-4.015727"><ele>262.0</ele></trkpt>
    <trkpt lat="43.245022" lon="-4.015743"><ele>262.0</ele></trkpt>
    <trkpt lat="43.245045" lon="-4.015752"><ele>262.4</ele></trkpt>
    <trkpt lat="43.245062" lon="-4.015767"><ele>262.4</ele></trkpt>
    <trkpt lat="43.245072" lon="-4.015787"><ele>262.6</ele></trkpt>
    <trkpt lat="43.245082" lon="-4.015812"><ele>262.8</ele></trkpt>
    <trkpt lat="43.245095" lon="-4.015842"><ele>263.6</ele></trkpt>
    <trkpt lat="43.245112" lon="-4.015857"><ele>264.0</ele></trkpt>
    <trkpt lat="43.24513" lon="-4.015867"><ele>264.4</ele></trkpt>
    <trkpt lat="43.245152" lon="-4.015882"><ele>264.6</ele></trkpt>
    <trkpt lat="43.245172" lon="-4.015892"><ele>264.6</ele></trkpt>
    <trkpt lat="43.245192" lon="-4.015912"><ele>264.2</ele></trkpt>
    <trkpt lat="43.245207" lon="-4.015947"><ele>264.0</ele></trkpt>
    <trkpt lat="43.245222" lon="-4.01597"><ele>264.0</ele></trkpt>
    <trkpt lat="43.245247" lon="-4.015983"><ele>264.2</ele></trkpt>
    <trkpt lat="43.245265" lon="-4.01601"><ele>263.6</ele></trkpt>
    <trkpt lat="43.245282" lon="-4.016015"><ele>263.0</ele></trkpt>
    <trkpt lat="43.245305" lon="-4.016015"><ele>262.2</ele></trkpt>
    <trkpt lat="43.245327" lon="-4.015995"><ele>261.6</ele></trkpt>
    <trkpt lat="43.245342" lon="-4.015972"><ele>261.2</ele></trkpt>
    <trkpt lat="43.245342" lon="-4.015933"><ele>260.4</ele></trkpt>
    <trkpt lat="43.245347" lon="-4.01591"><ele>259.0</ele></trkpt>
    <trkpt lat="43.24536" lon="-4.015882"><ele>258.0</ele></trkpt>
    <trkpt lat="43.24537" lon="-4.015858"><ele>257.2</ele></trkpt>
    <trkpt lat="43.245372" lon="-4.015832"><ele>256.8</ele></trkpt>
    <trkpt lat="43.245362" lon="-4.015807"><ele>255.4</ele></trkpt>
    <trkpt lat="43.245352" lon="-4.015777"><ele>254.8</ele></trkpt>
    <trkpt lat="43.245355" lon="-4.015747"><ele>254.2</ele></trkpt>
    <trkpt lat="43.24537" lon="-4.015722"><ele>253.6</ele></trkpt>
    <trkpt lat="43.245387" lon="-4.01572"><ele>252.8</ele></trkpt>
    <trkpt lat="43.245412" lon="-4.015735"><ele>252.2</ele></trkpt>
    <trkpt lat="43.245432" lon="-4.015747"><ele>252.0</ele></trkpt>
    <trkpt lat="43.245442" lon="-4.015777"><ele>251.6</ele></trkpt>
    <trkpt lat="43.245465" lon="-4.015797"><ele>253.0</ele></trkpt>
    <trkpt lat="43.245485" lon="-4.015807"><ele>253.4</ele></trkpt>
    <trkpt lat="43.245502" lon="-4.01582"><ele>253.6</ele></trkpt>
    <trkpt lat="43.245527" lon="-4.015825"><ele>254.0</ele></trkpt>
    <trkpt lat="43.245545" lon="-4.015827"><ele>254.4</ele></trkpt>
    <trkpt lat="43.245567" lon="-4.015842"><ele>254.6</ele></trkpt>
    <trkpt lat="43.245592" lon="-4.015857"><ele>254.6</ele></trkpt>
    <trkpt lat="43.245612" lon="-4.015875"><ele>254.4</ele></trkpt>
    <trkpt lat="43.245637" lon="-4.015895"><ele>254.6</ele></trkpt>
    <trkpt lat="43.245655" lon="-4.015905"><ele>255.0</ele></trkpt>
    <trkpt lat="43.245667" lon="-4.015923"><ele>255.4</ele></trkpt>
    <trkpt lat="43.245687" lon="-4.015942"><ele>255.6</ele></trkpt>
    <trkpt lat="43.24571" lon="-4.015945"><ele>256.2</ele></trkpt>
    <trkpt lat="43.245737" lon="-4.015937"><ele>256.6</ele></trkpt>
    <trkpt lat="43.245755" lon="-4.015922"><ele>256.6</ele></trkpt>
    <trkpt lat="43.245772" lon="-4.015905"><ele>255.8</ele></trkpt>
    <trkpt lat="43.24578" lon="-4.015877"><ele>254.8</ele></trkpt>
    <trkpt lat="43.245795" lon="-4.015852"><ele>254.2</ele></trkpt>
    <trkpt lat="43.245812" lon="-4.015817"><ele>253.4</ele></trkpt>
    <trkpt lat="43.245837" lon="-4.015787"><ele>252.4</ele></trkpt>
    <trkpt lat="43.245857" lon="-4.015773"><ele>252.0</ele></trkpt>
    <trkpt lat="43.245877" lon="-4.015767"><ele>251.4</ele></trkpt>
    <trkpt lat="43.2459" lon="-4.015762"><ele>250.8</ele></trkpt>
    <trkpt lat="43.245922" lon="-4.015752"><ele>250.2</ele></trkpt>
    <trkpt lat="43.245938" lon="-4.015737"><ele>249.6</ele></trkpt>
    <trkpt lat="43.24596" lon="-4.015737"><ele>249.2</ele></trkpt>
    <trkpt lat="43.245987" lon="-4.015743"><ele>248.2</ele></trkpt>
    <trkpt lat="43.246008" lon="-4.01574"><ele>247.4</ele></trkpt>
    <trkpt lat="43.246032" lon="-4.015725"><ele>247.2</ele></trkpt>
    <trkpt lat="43.246057" lon="-4.01572"><ele>246.8</ele></trkpt>
    <trkpt lat="43.246077" lon="-4.015732"><ele>246.4</ele></trkpt>
    <trkpt lat="43.24609" lon="-4.015772"><ele>245.8</ele></trkpt>
    <trkpt lat="43.246102" lon="-4.015793"><ele>245.6</ele></trkpt>
    <trkpt lat="43.246115" lon="-4.015815"><ele>245.4</ele></trkpt>
    <trkpt lat="43.246135" lon="-4.01581"><ele>244.8</ele></trkpt>
    <trkpt lat="43.246142" lon="-4.015782"><ele>244.2</ele></trkpt>
    <trkpt lat="43.246157" lon="-4.015762"><ele>244.0</ele></trkpt>
    <trkpt lat="43.246177" lon="-4.015777"><ele>244.2</ele></trkpt>
    <trkpt lat="43.246197" lon="-4.015802"><ele>244.0</ele></trkpt>
    <trkpt lat="43.246217" lon="-4.015822"><ele>244.2</ele></trkpt>
    <trkpt lat="43.246237" lon="-4.015837"><ele>244.6</ele></trkpt>
    <trkpt lat="43.246252" lon="-4.015857"><ele>245.0</ele></trkpt>
    <trkpt lat="43.246267" lon="-4.015872"><ele>245.2</ele></trkpt>
    <trkpt lat="43.246285" lon="-4.015888"><ele>245.6</ele></trkpt>
    <trkpt lat="43.2463" lon="-4.015907"><ele>245.4</ele></trkpt>
    <trkpt lat="43.246318" lon="-4.015927"><ele>245.2</ele></trkpt>
    <trkpt lat="43.24634" lon="-4.015952"><ele>245.2</ele></trkpt>
    <trkpt lat="43.246357" lon="-4.015977"><ele>245.2</ele></trkpt>
    <trkpt lat="43.246372" lon="-4.016002"><ele>245.2</ele></trkpt>
    <trkpt lat="43.246388" lon="-4.016018"><ele>245.2</ele></trkpt>
    <trkpt lat="43.24641" lon="-4.016032"><ele>245.2</ele></trkpt>
    <trkpt lat="43.24643" lon="-4.016042"><ele>245.0</ele></trkpt>
    <trkpt lat="43.24645" lon="-4.016047"><ele>244.8</ele></trkpt>
    <trkpt lat="43.246477" lon="-4.01604"><ele>244.6</ele></trkpt>
    <trkpt lat="43.246502" lon="-4.016042"><ele>244.4</ele></trkpt>
    <trkpt lat="43.24652" lon="-4.016047"><ele>244.6</ele></trkpt>
    <trkpt lat="43.246542" lon="-4.01606"><ele>245.0</ele></trkpt>
    <trkpt lat="43.24656" lon="-4.016078"><ele>245.4</ele></trkpt>
    <trkpt lat="43.246582" lon="-4.016082"><ele>245.8</ele></trkpt>
    <trkpt lat="43.246605" lon="-4.016078"><ele>246.4</ele></trkpt>
    <trkpt lat="43.246627" lon="-4.016082"><ele>247.0</ele></trkpt>
    <trkpt lat="43.246642" lon="-4.016057"><ele>248.0</ele></trkpt>
    <trkpt lat="43.24664" lon="-4.016022"><ele>248.4</ele></trkpt>
    <trkpt lat="43.246637" lon="-4.015987"><ele>248.8</ele></trkpt>
    <trkpt lat="43.246625" lon="-4.015957"><ele>249.4</ele></trkpt>
    <trkpt lat="43.246602" lon="-4.01591"><ele>249.8</ele></trkpt>
    <trkpt lat="43.246597" lon="-4.015885"><ele>250.0</ele></trkpt>
    <trkpt lat="43.24658" lon="-4.015838"><ele>250.4</ele></trkpt>
    <trkpt lat="43.24657" lon="-4.015817"><ele>250.6</ele></trkpt>
    <trkpt lat="43.246552" lon="-4.015782"><ele>251.0</ele></trkpt>
    <trkpt lat="43.246537" lon="-4.015737"><ele>251.2</ele></trkpt>
    <trkpt lat="43.246527" lon="-4.015712"><ele>251.4</ele></trkpt>
    <trkpt lat="43.246517" lon="-4.015685"><ele>251.6</ele></trkpt>
    <trkpt lat="43.246512" lon="-4.015657"><ele>251.8</ele></trkpt>
    <trkpt lat="43.246505" lon="-4.01562"><ele>252.2</ele></trkpt>
    <trkpt lat="43.246512" lon="-4.015583"><ele>252.6</ele></trkpt>
    <trkpt lat="43.246517" lon="-4.015557"><ele>253.0</ele></trkpt>
    <trkpt lat="43.246535" lon="-4.015532"><ele>253.6</ele></trkpt>
    <trkpt lat="43.246552" lon="-4.015517"><ele>254.0</ele></trkpt>
    <trkpt lat="43.246567" lon="-4.015507"><ele>254.4</ele></trkpt>
    <trkpt lat="43.24659" lon="-4.015508"><ele>255.2</ele></trkpt>
    <trkpt lat="43.246612" lon="-4.01552"><ele>255.8</ele></trkpt>
    <trkpt lat="43.246635" lon="-4.015522"><ele>256.4</ele></trkpt>
    <trkpt lat="43.246655" lon="-4.015527"><ele>256.8</ele></trkpt>
    <trkpt lat="43.24668" lon="-4.01553"><ele>257.2</ele></trkpt>
    <trkpt lat="43.246702" lon="-4.015538"><ele>257.6</ele></trkpt>
    <trkpt lat="43.246722" lon="-4.015557"><ele>258.2</ele></trkpt>
    <trkpt lat="43.24674" lon="-4.015563"><ele>258.8</ele></trkpt>
    <trkpt lat="43.246765" lon="-4.015582"><ele>259.2</ele></trkpt>
    <trkpt lat="43.246782" lon="-4.015573"><ele>260.0</ele></trkpt>
    <trkpt lat="43.24681" lon="-4.015567"><ele>260.6</ele></trkpt>
    <trkpt lat="43.246832" lon="-4.015557"><ele>261.2</ele></trkpt>
    <trkpt lat="43.246862" lon="-4.015557"><ele>261.8</ele></trkpt>
    <trkpt lat="43.246887" lon="-4.015557"><ele>262.2</ele></trkpt>
    <trkpt lat="43.24691" lon="-4.015562"><ele>263.0</ele></trkpt>
    <trkpt lat="43.246937" lon="-4.015557"><ele>263.6</ele></trkpt>
    <trkpt lat="43.246965" lon="-4.01555"><ele>264.2</ele></trkpt>
    <trkpt lat="43.246982" lon="-4.015552"><ele>264.6</ele></trkpt>
    <trkpt lat="43.247007" lon="-4.015567"><ele>265.0</ele></trkpt>
    <trkpt lat="43.247027" lon="-4.015567"><ele>265.4</ele></trkpt>
    <trkpt lat="43.24705" lon="-4.015582"><ele>266.0</ele></trkpt>
    <trkpt lat="43.247078" lon="-4.015587"><ele>266.8</ele></trkpt>
    <trkpt lat="43.247105" lon="-4.015587"><ele>267.4</ele></trkpt>
    <trkpt lat="43.247127" lon="-4.015597"><ele>268.2</ele></trkpt>
    <trkpt lat="43.247152" lon="-4.015587"><ele>268.6</ele></trkpt>
    <trkpt lat="43.247172" lon="-4.015587"><ele>269.2</ele></trkpt>
    <trkpt lat="43.247195" lon="-4.015597"><ele>270.0</ele></trkpt>
    <trkpt lat="43.247217" lon="-4.015597"><ele>271.0</ele></trkpt>
    <trkpt lat="43.247235" lon="-4.015597"><ele>271.6</ele></trkpt>
    <trkpt lat="43.24726" lon="-4.0156"><ele>272.4</ele></trkpt>
    <trkpt lat="43.247282" lon="-4.015597"><ele>273.2</ele></trkpt>
    <trkpt lat="43.247302" lon="-4.015607"><ele>273.6</ele></trkpt>
    <trkpt lat="43.247325" lon="-4.015617"><ele>274.2</ele></trkpt>
    <trkpt lat="43.247352" lon="-4.015622"><ele>274.6</ele></trkpt>
    <trkpt lat="43.247377" lon="-4.015637"><ele>275.2</ele></trkpt>
    <trkpt lat="43.247402" lon="-4.015645"><ele>275.6</ele></trkpt>
    <trkpt lat="43.247427" lon="-4.015657"><ele>276.4</ele></trkpt>
    <trkpt lat="43.247445" lon="-4.015672"><ele>276.8</ele></trkpt>
    <trkpt lat="43.247458" lon="-4.015692"><ele>277.4</ele></trkpt>
    <trkpt lat="43.247477" lon="-4.01571"><ele>278.0</ele></trkpt>
    <trkpt lat="43.247497" lon="-4.015727"><ele>278.6</ele></trkpt>
    <trkpt lat="43.247517" lon="-4.015732"><ele>279.0</ele></trkpt>
    <trkpt lat="43.247545" lon="-4.01574"><ele>279.6</ele></trkpt>
    <trkpt lat="43.247562" lon="-4.015743"><ele>280.0</ele></trkpt>
    <trkpt lat="43.247592" lon="-4.015747"><ele>280.4</ele></trkpt>
    <trkpt lat="43.247615" lon="-4.015752"><ele>281.0</ele></trkpt>
    <trkpt lat="43.247632" lon="-4.015755"><ele>281.2</ele></trkpt>
    <trkpt lat="43.247655" lon="-4.015762"><ele>281.6</ele></trkpt>
    <trkpt lat="43.247682" lon="-4.015762"><ele>281.8</ele></trkpt>
    <trkpt lat="43.247702" lon="-4.015767"><ele>282.2</ele></trkpt>
    <trkpt lat="43.247727" lon="-4.015762"><ele>282.6</ele></trkpt>
    <trkpt lat="43.24775" lon="-4.015757"><ele>283.0</ele></trkpt>
    <trkpt lat="43.247772" lon="-4.015747"><ele>283.6</ele></trkpt>
    <trkpt lat="43.247795" lon="-4.015743"><ele>284.0</ele></trkpt>
    <trkpt lat="43.247815" lon="-4.015725"><ele>284.4</ele></trkpt>
    <trkpt lat="43.247842" lon="-4.015698"><ele>284.8</ele></trkpt>
    <trkpt lat="43.24787" lon="-4.015685"><ele>285.4</ele></trkpt>
    <trkpt lat="43.247892" lon="-4.015657"><ele>285.8</ele></trkpt>
    <trkpt lat="43.247907" lon="-4.015645"><ele>286.4</ele></trkpt>
    <trkpt lat="43.247932" lon="-4.015627"><ele>286.6</ele></trkpt>
    <trkpt lat="43.247947" lon="-4.0156"><ele>287.4</ele></trkpt>
    <trkpt lat="43.247962" lon="-4.01557"><ele>288.0</ele></trkpt>
    <trkpt lat="43.247967" lon="-4.015538"><ele>288.6</ele></trkpt>
    <trkpt lat="43.247985" lon="-4.015517"><ele>289.4</ele></trkpt>
    <trkpt lat="43.247997" lon="-4.015477"><ele>290.0</ele></trkpt>
    <trkpt lat="43.248012" lon="-4.015452"><ele>290.4</ele></trkpt>
    <trkpt lat="43.24803" lon="-4.015427"><ele>291.0</ele></trkpt>
    <trkpt lat="43.248047" lon="-4.015402"><ele>291.4</ele></trkpt>
    <trkpt lat="43.248063" lon="-4.015372"><ele>292.0</ele></trkpt>
    <trkpt lat="43.248085" lon="-4.015347"><ele>292.4</ele></trkpt>
    <trkpt lat="43.248112" lon="-4.015318"><ele>292.6</ele></trkpt>
    <trkpt lat="43.248132" lon="-4.015302"><ele>293.0</ele></trkpt>
    <trkpt lat="43.248152" lon="-4.015315"><ele>293.0</ele></trkpt>
    <trkpt lat="43.24818" lon="-4.015327"><ele>293.0</ele></trkpt>
    <trkpt lat="43.248207" lon="-4.015335"><ele>292.8</ele></trkpt>
    <trkpt lat="43.248232" lon="-4.015347"><ele>292.6</ele></trkpt>
    <trkpt lat="43.248255" lon="-4.015357"><ele>292.4</ele></trkpt>
    <trkpt lat="43.248272" lon="-4.015367"><ele>292.2</ele></trkpt>
    <trkpt lat="43.248297" lon="-4.015372"><ele>292.0</ele></trkpt>
    <trkpt lat="43.248312" lon="-4.01539"><ele>291.8</ele></trkpt>
    <trkpt lat="43.248342" lon="-4.015392"><ele>291.6</ele></trkpt>
    <trkpt lat="43.248367" lon="-4.015382"><ele>291.2</ele></trkpt>
    <trkpt lat="43.248397" lon="-4.015367"><ele>291.2</ele></trkpt>
    <trkpt lat="43.24842" lon="-4.015367"><ele>291.0</ele></trkpt>
    <trkpt lat="43.248452" lon="-4.015387"><ele>291.0</ele></trkpt>
    <trkpt lat="43.248472" lon="-4.015392"><ele>291.0</ele></trkpt>
    <trkpt lat="43.248492" lon="-4.015393"><ele>291.0</ele></trkpt>
    <trkpt lat="43.248517" lon="-4.015405"><ele>291.2</ele></trkpt>
    <trkpt lat="43.248542" lon="-4.015407"><ele>291.2</ele></trkpt>
    <trkpt lat="43.24857" lon="-4.015405"><ele>291.2</ele></trkpt>
    <trkpt lat="43.2486" lon="-4.0154"><ele>291.4</ele></trkpt>
    <trkpt lat="43.248622" lon="-4.015392"><ele>292.0</ele></trkpt>
    <trkpt lat="43.248652" lon="-4.015382"><ele>292.4</ele></trkpt>
    <trkpt lat="43.248672" lon="-4.01538"><ele>292.6</ele></trkpt>
    <trkpt lat="43.248695" lon="-4.01538"><ele>292.8</ele></trkpt>
    <trkpt lat="43.248722" lon="-4.015372"><ele>293.0</ele></trkpt>
    <trkpt lat="43.248747" lon="-4.015367"><ele>293.2</ele></trkpt>
    <trkpt lat="43.248767" lon="-4.01536"><ele>293.4</ele></trkpt>
    <trkpt lat="43.248787" lon="-4.01536"><ele>293.4</ele></trkpt>
    <trkpt lat="43.248817" lon="-4.015347"><ele>293.6</ele></trkpt>
    <trkpt lat="43.248852" lon="-4.015335"><ele>293.8</ele></trkpt>
    <trkpt lat="43.248877" lon="-4.015325"><ele>294.0</ele></trkpt>
    <trkpt lat="43.24891" lon="-4.015327"><ele>294.2</ele></trkpt>
    <trkpt lat="43.248945" lon="-4.015332"><ele>294.4</ele></trkpt>
    <trkpt lat="43.248977" lon="-4.015337"><ele>294.2</ele></trkpt>
    <trkpt lat="43.24901" lon="-4.015337"><ele>294.2</ele></trkpt>
    <trkpt lat="43.249035" lon="-4.015335"><ele>294.0</ele></trkpt>
    <trkpt lat="43.249062" lon="-4.015337"><ele>293.8</ele></trkpt>
    <trkpt lat="43.249092" lon="-4.015332"><ele>293.6</ele></trkpt>
    <trkpt lat="43.249117" lon="-4.015332"><ele>293.4</ele></trkpt>
    <trkpt lat="43.249142" lon="-4.015335"><ele>293.4</ele></trkpt>
    <trkpt lat="43.249165" lon="-4.015328"><ele>293.4</ele></trkpt>
    <trkpt lat="43.249187" lon="-4.015327"><ele>293.4</ele></trkpt>
    <trkpt lat="43.249212" lon="-4.015327"><ele>293.4</ele></trkpt>
    <trkpt lat="43.249245" lon="-4.015327"><ele>293.4</ele></trkpt>
    <trkpt lat="43.24928" lon="-4.015328"><ele>293.2</ele></trkpt>
    <trkpt lat="43.249307" lon="-4.015327"><ele>293.0</ele></trkpt>
    <trkpt lat="43.249332" lon="-4.015325"><ele>292.8</ele></trkpt>
    <trkpt lat="43.249357" lon="-4.015327"><ele>292.6</ele></trkpt>
    <trkpt lat="43.249382" lon="-4.015342"><ele>292.4</ele></trkpt>
    <trkpt lat="43.249407" lon="-4.015362"><ele>292.6</ele></trkpt>
    <trkpt lat="43.249432" lon="-4.015357"><ele>292.8</ele></trkpt>
    <trkpt lat="43.24945" lon="-4.015317"><ele>292.8</ele></trkpt>
    <trkpt lat="43.249475" lon="-4.015282"><ele>293.0</ele></trkpt>
    <trkpt lat="43.249492" lon="-4.015262"><ele>293.2</ele></trkpt>
    <trkpt lat="43.249527" lon="-4.015233"><ele>293.2</ele></trkpt>
    <trkpt lat="43.24955" lon="-4.015217"><ele>293.2</ele></trkpt>
    <trkpt lat="43.249572" lon="-4.015202"><ele>293.2</ele></trkpt>
    <trkpt lat="43.249602" lon="-4.015187"><ele>293.2</ele></trkpt>
    <trkpt lat="43.249635" lon="-4.015177"><ele>293.0</ele></trkpt>
    <trkpt lat="43.249662" lon="-4.015167"><ele>293.0</ele></trkpt>
    <trkpt lat="43.249687" lon="-4.015157"><ele>293.0</ele></trkpt>
    <trkpt lat="43.249715" lon="-4.015137"><ele>292.6</ele></trkpt>
    <trkpt lat="43.249735" lon="-4.015117"><ele>292.6</ele></trkpt>
    <trkpt lat="43.249757" lon="-4.015092"><ele>292.2</ele></trkpt>
    <trkpt lat="43.249775" lon="-4.015072"><ele>292.0</ele></trkpt>
    <trkpt lat="43.2498" lon="-4.01506"><ele>291.8</ele></trkpt>
    <trkpt lat="43.249825" lon="-4.015043"><ele>291.8</ele></trkpt>
    <trkpt lat="43.249857" lon="-4.015037"><ele>291.8</ele></trkpt>
    <trkpt lat="43.249877" lon="-4.015032"><ele>291.6</ele></trkpt>
    <trkpt lat="43.249902" lon="-4.015027"><ele>291.8</ele></trkpt>
    <trkpt lat="43.24992" lon="-4.01503"><ele>291.8</ele></trkpt>
    <trkpt lat="43.249937" lon="-4.01504"><ele>291.8</ele></trkpt>
    <trkpt lat="43.24997" lon="-4.015055"><ele>292.0</ele></trkpt>
    <trkpt lat="43.249997" lon="-4.015062"><ele>292.0</ele></trkpt>
    <trkpt lat="43.250022" lon="-4.015052"><ele>292.0</ele></trkpt>
    <trkpt lat="43.250042" lon="-4.015047"><ele>292.0</ele></trkpt>
    <trkpt lat="43.25006" lon="-4.01506"><ele>292.0</ele></trkpt>
    <trkpt lat="43.25008" lon="-4.01507"><ele>292.2</ele></trkpt>
    <trkpt lat="43.25008" lon="-4.015097"><ele>292.8</ele></trkpt>
    <trkpt lat="43.250067" lon="-4.015125"><ele>293.0</ele></trkpt>
    <trkpt lat="43.250047" lon="-4.015152"><ele>293.0</ele></trkpt>
    <trkpt lat="43.250017" lon="-4.015172"><ele>293.0</ele></trkpt>
    <trkpt lat="43.249997" lon="-4.015195"><ele>293.2</ele></trkpt>
    <trkpt lat="43.249982" lon="-4.015222"><ele>293.4</ele></trkpt>
    <trkpt lat="43.249967" lon="-4.015252"><ele>293.6</ele></trkpt>
    <trkpt lat="43.249952" lon="-4.01528"><ele>293.6</ele></trkpt>
    <trkpt lat="43.249937" lon="-4.015307"><ele>294.0</ele></trkpt>
    <trkpt lat="43.249922" lon="-4.015335"><ele>294.4</ele></trkpt>
    <trkpt lat="43.249912" lon="-4.015367"><ele>294.6</ele></trkpt>
    <trkpt lat="43.249887" lon="-4.015385"><ele>295.0</ele></trkpt>
    <trkpt lat="43.249867" lon="-4.015405"><ele>295.4</ele></trkpt>
    <trkpt lat="43.249862" lon="-4.015447"><ele>295.6</ele></trkpt>
    <trkpt lat="43.249852" lon="-4.01547"><ele>295.8</ele></trkpt>
    <trkpt lat="43.249852" lon="-4.015512"><ele>296.0</ele></trkpt>
    <trkpt lat="43.249847" lon="-4.015562"><ele>296.4</ele></trkpt>
    <trkpt lat="43.24984" lon="-4.015592"><ele>296.6</ele></trkpt>
    <trkpt lat="43.249837" lon="-4.015625"><ele>296.6</ele></trkpt>
    <trkpt lat="43.24984" lon="-4.015658"><ele>296.8</ele></trkpt>
    <trkpt lat="43.24984" lon="-4.01569"><ele>296.8</ele></trkpt>
    <trkpt lat="43.249842" lon="-4.015722"><ele>297.0</ele></trkpt>
    <trkpt lat="43.249842" lon="-4.015747"><ele>297.0</ele></trkpt>
    <trkpt lat="43.24984" lon="-4.015777"><ele>297.4</ele></trkpt>
    <trkpt lat="43.249832" lon="-4.015807"><ele>297.6</ele></trkpt>
    <trkpt lat="43.249825" lon="-4.015835"><ele>297.8</ele></trkpt>
    <trkpt lat="43.249817" lon="-4.015867"><ele>297.8</ele></trkpt>
    <trkpt lat="43.249815" lon="-4.015897"><ele>298.0</ele></trkpt>
    <trkpt lat="43.249815" lon="-4.015923"><ele>298.0</ele></trkpt>
    <trkpt lat="43.249812" lon="-4.015952"><ele>298.2</ele></trkpt>
    <trkpt lat="43.249805" lon="-4.015982"><ele>298.4</ele></trkpt>
    <trkpt lat="43.249802" lon="-4.016007"><ele>298.6</ele></trkpt>
    <trkpt lat="43.2498" lon="-4.016037"><ele>298.8</ele></trkpt>
    <trkpt lat="43.249797" lon="-4.016062"><ele>299.0</ele></trkpt>
    <trkpt lat="43.249787" lon="-4.01609"><ele>299.2</ele></trkpt>
    <trkpt lat="43.249777" lon="-4.016117"><ele>299.2</ele></trkpt>
    <trkpt lat="43.24977" lon="-4.016143"><ele>299.4</ele></trkpt>
    <trkpt lat="43.249762" lon="-4.016167"><ele>299.4</ele></trkpt>
    <trkpt lat="43.249747" lon="-4.016207"><ele>299.8</ele></trkpt>
    <trkpt lat="43.249737" lon="-4.016232"><ele>299.8</ele></trkpt>
    <trkpt lat="43.249737" lon="-4.016265"><ele>300.6</ele></trkpt>
    <trkpt lat="43.249747" lon="-4.016287"><ele>300.8</ele></trkpt>
    <trkpt lat="43.249762" lon="-4.016307"><ele>301.2</ele></trkpt>
    <trkpt lat="43.249772" lon="-4.01634"><ele>301.6</ele></trkpt>
    <trkpt lat="43.249787" lon="-4.016382"><ele>301.6</ele></trkpt>
    <trkpt lat="43.249797" lon="-4.016402"><ele>301.6</ele></trkpt>
    <trkpt lat="43.249812" lon="-4.016425"><ele>301.4</ele></trkpt>
    <trkpt lat="43.249827" lon="-4.016447"><ele>301.4</ele></trkpt>
    <trkpt lat="43.24985" lon="-4.016467"><ele>301.2</ele></trkpt>
    <trkpt lat="43.24987" lon="-4.016492"><ele>300.8</ele></trkpt>
    <trkpt lat="43.249892" lon="-4.01651"><ele>300.8</ele></trkpt>
    <trkpt lat="43.249915" lon="-4.016527"><ele>300.6</ele></trkpt>
    <trkpt lat="43.24994" lon="-4.016547"><ele>300.4</ele></trkpt>
    <trkpt lat="43.249962" lon="-4.016568"><ele>300.4</ele></trkpt>
    <trkpt lat="43.249982" lon="-4.016588"><ele>300.0</ele></trkpt>
    <trkpt lat="43.250007" lon="-4.01661"><ele>300.0</ele></trkpt>
    <trkpt lat="43.25003" lon="-4.016627"><ele>299.6</ele></trkpt>
    <trkpt lat="43.250055" lon="-4.016647"><ele>299.4</ele></trkpt>
    <trkpt lat="43.250082" lon="-4.01666"><ele>299.2</ele></trkpt>
    <trkpt lat="43.250107" lon="-4.016677"><ele>299.0</ele></trkpt>
    <trkpt lat="43.250137" lon="-4.016697"><ele>298.8</ele></trkpt>
    <trkpt lat="43.250162" lon="-4.016712"><ele>298.6</ele></trkpt>
    <trkpt lat="43.250192" lon="-4.016727"><ele>298.4</ele></trkpt>
    <trkpt lat="43.25022" lon="-4.016747"><ele>298.2</ele></trkpt>
    <trkpt lat="43.250247" lon="-4.01677"><ele>297.8</ele></trkpt>
    <trkpt lat="43.250277" lon="-4.016787"><ele>297.4</ele></trkpt>
    <trkpt lat="43.250302" lon="-4.016805"><ele>297.2</ele></trkpt>
    <trkpt lat="43.250332" lon="-4.016827"><ele>296.8</ele></trkpt>
    <trkpt lat="43.250357" lon="-4.016842"><ele>296.6</ele></trkpt>
    <trkpt lat="43.250382" lon="-4.016867"><ele>296.4</ele></trkpt>
    <trkpt lat="43.25041" lon="-4.016887"><ele>296.0</ele></trkpt>
    <trkpt lat="43.250437" lon="-4.016902"><ele>295.8</ele></trkpt>
    <trkpt lat="43.250462" lon="-4.016922"><ele>295.6</ele></trkpt>
    <trkpt lat="43.250487" lon="-4.016942"><ele>295.2</ele></trkpt>
    <trkpt lat="43.250512" lon="-4.01696"><ele>295.0</ele></trkpt>
    <trkpt lat="43.25054" lon="-4.016982"><ele>294.8</ele></trkpt>
    <trkpt lat="43.250562" lon="-4.017003"><ele>294.6</ele></trkpt>
    <trkpt lat="43.250587" lon="-4.017027"><ele>294.4</ele></trkpt>
    <trkpt lat="43.250615" lon="-4.017052"><ele>294.2</ele></trkpt>
    <trkpt lat="43.250637" lon="-4.017082"><ele>293.6</ele></trkpt>
    <trkpt lat="43.250667" lon="-4.017115"><ele>293.4</ele></trkpt>
    <trkpt lat="43.250692" lon="-4.01714"><ele>293.2</ele></trkpt>
    <trkpt lat="43.25072" lon="-4.017167"><ele>292.8</ele></trkpt>
    <trkpt lat="43.250747" lon="-4.017187"><ele>292.6</ele></trkpt>
    <trkpt lat="43.250772" lon="-4.017212"><ele>292.2</ele></trkpt>
    <trkpt lat="43.250802" lon="-4.017232"><ele>291.8</ele></trkpt>
    <trkpt lat="43.250827" lon="-4.017257"><ele>291.4</ele></trkpt>
    <trkpt lat="43.250857" lon="-4.017282"><ele>291.0</ele></trkpt>
    <trkpt lat="43.250882" lon="-4.017302"><ele>290.4</ele></trkpt>
    <trkpt lat="43.25091" lon="-4.017332"><ele>290.0</ele></trkpt>
    <trkpt lat="43.250937" lon="-4.01736"><ele>289.8</ele></trkpt>
    <trkpt lat="43.250962" lon="-4.01739"><ele>289.6</ele></trkpt>
    <trkpt lat="43.250987" lon="-4.017417"><ele>289.2</ele></trkpt>
    <trkpt lat="43.251007" lon="-4.01744"><ele>289.0</ele></trkpt>
    <trkpt lat="43.25103" lon="-4.017467"><ele>288.6</ele></trkpt>
    <trkpt lat="43.251052" lon="-4.017492"><ele>288.4</ele></trkpt>
    <trkpt lat="43.25107" lon="-4.01752"><ele>288.4</ele></trkpt>
    <trkpt lat="43.251092" lon="-4.017552"><ele>288.2</ele></trkpt>
    <trkpt lat="43.251112" lon="-4.017582"><ele>288.2</ele></trkpt>
    <trkpt lat="43.251137" lon="-4.01761"><ele>288.0</ele></trkpt>
    <trkpt lat="43.251162" lon="-4.017632"><ele>287.8</ele></trkpt>
    <trkpt lat="43.251185" lon="-4.017657"><ele>287.6</ele></trkpt>
    <trkpt lat="43.251212" lon="-4.01768"><ele>287.4</ele></trkpt>
    <trkpt lat="43.251237" lon="-4.017702"><ele>287.0</ele></trkpt>
    <trkpt lat="43.251262" lon="-4.017725"><ele>286.8</ele></trkpt>
    <trkpt lat="43.251287" lon="-4.017742"><ele>286.6</ele></trkpt>
    <trkpt lat="43.251307" lon="-4.017763"><ele>286.4</ele></trkpt>
    <trkpt lat="43.251332" lon="-4.017787"><ele>286.4</ele></trkpt>
    <trkpt lat="43.251352" lon="-4.017807"><ele>286.4</ele></trkpt>
    <trkpt lat="43.251372" lon="-4.017835"><ele>286.2</ele></trkpt>
    <trkpt lat="43.251397" lon="-4.017852"><ele>286.2</ele></trkpt>
    <trkpt lat="43.251417" lon="-4.01787"><ele>286.2</ele></trkpt>
    <trkpt lat="43.251445" lon="-4.017885"><ele>286.2</ele></trkpt>
    <trkpt lat="43.251467" lon="-4.017897"><ele>286.2</ele></trkpt>
    <trkpt lat="43.251495" lon="-4.017917"><ele>286.0</ele></trkpt>
    <trkpt lat="43.251522" lon="-4.017933"><ele>285.8</ele></trkpt>
    <trkpt lat="43.251547" lon="-4.017953"><ele>285.6</ele></trkpt>
    <trkpt lat="43.251577" lon="-4.017975"><ele>285.4</ele></trkpt>
    <trkpt lat="43.251602" lon="-4.017992"><ele>285.2</ele></trkpt>
    <trkpt lat="43.25163" lon="-4.018007"><ele>285.0</ele></trkpt>
    <trkpt lat="43.251655" lon="-4.018017"><ele>284.8</ele></trkpt>
    <trkpt lat="43.251677" lon="-4.018035"><ele>284.6</ele></trkpt>
    <trkpt lat="43.251705" lon="-4.018052"><ele>284.4</ele></trkpt>
    <trkpt lat="43.25173" lon="-4.018067"><ele>284.4</ele></trkpt>
    <trkpt lat="43.251757" lon="-4.018087"><ele>284.2</ele></trkpt>
    <trkpt lat="43.251782" lon="-4.018102"><ele>284.0</ele></trkpt>
    <trkpt lat="43.251805" lon="-4.018122"><ele>284.0</ele></trkpt>
    <trkpt lat="43.251827" lon="-4.018142"><ele>283.8</ele></trkpt>
    <trkpt lat="43.251847" lon="-4.018162"><ele>283.6</ele></trkpt>
    <trkpt lat="43.25187" lon="-4.018177"><ele>283.4</ele></trkpt>
    <trkpt lat="43.251895" lon="-4.018192"><ele>283.4</ele></trkpt>
    <trkpt lat="43.251915" lon="-4.018207"><ele>283.4</ele></trkpt>
    <trkpt lat="43.251935" lon="-4.018222"><ele>283.6</ele></trkpt>
    <trkpt lat="43.251952" lon="-4.018237"><ele>283.6</ele></trkpt>
    <trkpt lat="43.251967" lon="-4.018262"><ele>284.0</ele></trkpt>
    <trkpt lat="43.251987" lon="-4.018282"><ele>284.0</ele></trkpt>
    <trkpt lat="43.252003" lon="-4.018302"><ele>284.2</ele></trkpt>
    <trkpt lat="43.252025" lon="-4.018322"><ele>284.4</ele></trkpt>
    <trkpt lat="43.252037" lon="-4.018342"><ele>284.6</ele></trkpt>
    <trkpt lat="43.252057" lon="-4.01836"><ele>284.8</ele></trkpt>
    <trkpt lat="43.252073" lon="-4.018377"><ele>285.0</ele></trkpt>
    <trkpt lat="43.252092" lon="-4.018397"><ele>285.2</ele></trkpt>
    <trkpt lat="43.252112" lon="-4.01842"><ele>285.4</ele></trkpt>
    <trkpt lat="43.252127" lon="-4.018437"><ele>285.8</ele></trkpt>
    <trkpt lat="43.252147" lon="-4.018457"><ele>286.0</ele></trkpt>
    <trkpt lat="43.25217" lon="-4.018472"><ele>286.0</ele></trkpt>
    <trkpt lat="43.252187" lon="-4.01849"><ele>286.2</ele></trkpt>
    <trkpt lat="43.252207" lon="-4.018502"><ele>286.4</ele></trkpt>
    <trkpt lat="43.252227" lon="-4.01852"><ele>286.6</ele></trkpt>
    <trkpt lat="43.252247" lon="-4.018537"><ele>286.8</ele></trkpt>
    <trkpt lat="43.25227" lon="-4.018552"><ele>286.8</ele></trkpt>
    <trkpt lat="43.252287" lon="-4.018562"><ele>287.0</ele></trkpt>
    <trkpt lat="43.252307" lon="-4.018572"><ele>287.2</ele></trkpt>
    <trkpt lat="43.252332" lon="-4.018582"><ele>287.2</ele></trkpt>
    <trkpt lat="43.252352" lon="-4.018587"><ele>287.4</ele></trkpt>
    <trkpt lat="43.252375" lon="-4.018592"><ele>287.6</ele></trkpt>
    <trkpt lat="43.252397" lon="-4.018595"><ele>287.8</ele></trkpt>
    <trkpt lat="43.252417" lon="-4.018597"><ele>288.0</ele></trkpt>
    <trkpt lat="43.252437" lon="-4.018597"><ele>288.2</ele></trkpt>
    <trkpt lat="43.252457" lon="-4.018595"><ele>288.4</ele></trkpt>
    <trkpt lat="43.252477" lon="-4.018595"><ele>288.6</ele></trkpt>
    <trkpt lat="43.252502" lon="-4.018597"><ele>288.8</ele></trkpt>
    <trkpt lat="43.252522" lon="-4.018597"><ele>289.0</ele></trkpt>
    <trkpt lat="43.252547" lon="-4.0186"><ele>289.4</ele></trkpt>
    <trkpt lat="43.252572" lon="-4.018602"><ele>289.6</ele></trkpt>
    <trkpt lat="43.252592" lon="-4.018602"><ele>289.8</ele></trkpt>
    <trkpt lat="43.252617" lon="-4.01861"><ele>290.0</ele></trkpt>
    <trkpt lat="43.25264" lon="-4.018622"><ele>290.4</ele></trkpt>
    <trkpt lat="43.252665" lon="-4.018632"><ele>290.6</ele></trkpt>
    <trkpt lat="43.252687" lon="-4.018632"><ele>291.0</ele></trkpt>
    <trkpt lat="43.25271" lon="-4.018632"><ele>291.2</ele></trkpt>
    <trkpt lat="43.252732" lon="-4.018627"><ele>291.4</ele></trkpt>
    <trkpt lat="43.252752" lon="-4.018617"><ele>291.6</ele></trkpt>
    <trkpt lat="43.252772" lon="-4.018602"><ele>291.8</ele></trkpt>
    <trkpt lat="43.25279" lon="-4.018585"><ele>292.0</ele></trkpt>
    <trkpt lat="43.252805" lon="-4.018562"><ele>292.2</ele></trkpt>
    <trkpt lat="43.25282" lon="-4.018538"><ele>292.4</ele></trkpt>
    <trkpt lat="43.252832" lon="-4.018517"><ele>292.6</ele></trkpt>
    <trkpt lat="43.252847" lon="-4.018497"><ele>292.8</ele></trkpt>
    <trkpt lat="43.252862" lon="-4.018477"><ele>293.2</ele></trkpt>
    <trkpt lat="43.252877" lon="-4.018452"><ele>293.4</ele></trkpt>
    <trkpt lat="43.25289" lon="-4.018427"><ele>293.6</ele></trkpt>
    <trkpt lat="43.25291" lon="-4.018385"><ele>294.2</ele></trkpt>
    <trkpt lat="43.252937" lon="-4.018352"><ele>294.6</ele></trkpt>
    <trkpt lat="43.252955" lon="-4.018332"><ele>294.8</ele></trkpt>
    <trkpt lat="43.252992" lon="-4.018317"><ele>295.2</ele></trkpt>
    <trkpt lat="43.253012" lon="-4.018312"><ele>295.6</ele></trkpt>
    <trkpt lat="43.253032" lon="-4.018312"><ele>295.8</ele></trkpt>
    <trkpt lat="43.253055" lon="-4.018317"><ele>295.8</ele></trkpt>
    <trkpt lat="43.253077" lon="-4.018327"><ele>296.0</ele></trkpt>
    <trkpt lat="43.2531" lon="-4.01834"><ele>296.4</ele></trkpt>
    <trkpt lat="43.25312" lon="-4.018352"><ele>296.4</ele></trkpt>
    <trkpt lat="43.253145" lon="-4.018362"><ele>296.8</ele></trkpt>
    <trkpt lat="43.253172" lon="-4.018372"><ele>297.0</ele></trkpt>
    <trkpt lat="43.253197" lon="-4.018387"><ele>297.0</ele></trkpt>
    <trkpt lat="43.253222" lon="-4.018387"><ele>297.2</ele></trkpt>
    <trkpt lat="43.253245" lon="-4.018387"><ele>297.4</ele></trkpt>
    <trkpt lat="43.25327" lon="-4.018387"><ele>297.4</ele></trkpt>
    <trkpt lat="43.253297" lon="-4.018382"><ele>297.6</ele></trkpt>
    <trkpt lat="43.253322" lon="-4.018372"><ele>297.6</ele></trkpt>
    <trkpt lat="43.253347" lon="-4.01836"><ele>297.8</ele></trkpt>
    <trkpt lat="43.253372" lon="-4.018352"><ele>297.8</ele></trkpt>
    <trkpt lat="43.2534" lon="-4.018345"><ele>298.0</ele></trkpt>
    <trkpt lat="43.253427" lon="-4.018337"><ele>298.0</ele></trkpt>
    <trkpt lat="43.253455" lon="-4.018332"><ele>298.0</ele></trkpt>
    <trkpt lat="43.253482" lon="-4.018327"><ele>298.0</ele></trkpt>
    <trkpt lat="43.253512" lon="-4.018327"><ele>298.2</ele></trkpt>
    <trkpt lat="43.253537" lon="-4.01833"><ele>298.2</ele></trkpt>
    <trkpt lat="43.253565" lon="-4.018332"><ele>298.2</ele></trkpt>
    <trkpt lat="43.25359" lon="-4.018332"><ele>298.2</ele></trkpt>
    <trkpt lat="43.253617" lon="-4.018335"><ele>298.0</ele></trkpt>
    <trkpt lat="43.253645" lon="-4.01834"><ele>298.2</ele></trkpt>
    <trkpt lat="43.253672" lon="-4.018345"><ele>298.2</ele></trkpt>
    <trkpt lat="43.253695" lon="-4.018352"><ele>298.0</ele></trkpt>
    <trkpt lat="43.253717" lon="-4.018352"><ele>298.0</ele></trkpt>
    <trkpt lat="43.253742" lon="-4.018347"><ele>298.2</ele></trkpt>
    <trkpt lat="43.253765" lon="-4.018347"><ele>298.2</ele></trkpt>
    <trkpt lat="43.253787" lon="-4.018345"><ele>298.4</ele></trkpt>
    <trkpt lat="43.253807" lon="-4.018347"><ele>298.4</ele></trkpt>
    <trkpt lat="43.253827" lon="-4.018347"><ele>298.6</ele></trkpt>
    <trkpt lat="43.253847" lon="-4.018348"><ele>298.8</ele></trkpt>
    <trkpt lat="43.253867" lon="-4.018352"><ele>299.0</ele></trkpt>
    <trkpt lat="43.253888" lon="-4.018352"><ele>299.0</ele></trkpt>
    <trkpt lat="43.253927" lon="-4.018352"><ele>299.4</ele></trkpt>
    <trkpt lat="43.253947" lon="-4.018352"><ele>299.6</ele></trkpt>
    <trkpt lat="43.253985" lon="-4.018367"><ele>300.0</ele></trkpt>
    <trkpt lat="43.254005" lon="-4.018367"><ele>300.2</ele></trkpt>
    <trkpt lat="43.254022" lon="-4.018375"><ele>300.4</ele></trkpt>
    <trkpt lat="43.254043" lon="-4.018385"><ele>300.8</ele></trkpt>
    <trkpt lat="43.254062" lon="-4.018397"><ele>301.0</ele></trkpt>
    <trkpt lat="43.25408" lon="-4.018407"><ele>301.2</ele></trkpt>
    <trkpt lat="43.254097" lon="-4.018422"><ele>301.6</ele></trkpt>
    <trkpt lat="43.254112" lon="-4.018437"><ele>301.8</ele></trkpt>
    <trkpt lat="43.254125" lon="-4.018467"><ele>302.0</ele></trkpt>
    <trkpt lat="43.254127" lon="-4.018502"><ele>302.2</ele></trkpt>
    <trkpt lat="43.254125" lon="-4.018532"><ele>302.0</ele></trkpt>
    <trkpt lat="43.254137" lon="-4.018562"><ele>301.8</ele></trkpt>
    <trkpt lat="43.25414" lon="-4.018595"><ele>301.6</ele></trkpt>
    <trkpt lat="43.254137" lon="-4.018627"><ele>301.4</ele></trkpt>
    <trkpt lat="43.254142" lon="-4.018662"><ele>301.0</ele></trkpt>
    <trkpt lat="43.254155" lon="-4.018692"><ele>300.0</ele></trkpt>
    <trkpt lat="43.254167" lon="-4.018722"><ele>299.4</ele></trkpt>
    <trkpt lat="43.254185" lon="-4.018742"><ele>298.8</ele></trkpt>
    <trkpt lat="43.254207" lon="-4.018755"><ele>297.6</ele></trkpt>
    <trkpt lat="43.254225" lon="-4.018765"><ele>297.2</ele></trkpt>
    <trkpt lat="43.254247" lon="-4.018777"><ele>296.6</ele></trkpt>
    <trkpt lat="43.254272" lon="-4.018797"><ele>296.0</ele></trkpt>
    <trkpt lat="43.254295" lon="-4.018822"><ele>295.0</ele></trkpt>
    <trkpt lat="43.254315" lon="-4.01885"><ele>294.4</ele></trkpt>
    <trkpt lat="43.254317" lon="-4.01888"><ele>293.8</ele></trkpt>
    <trkpt lat="43.254297" lon="-4.018892"><ele>292.4</ele></trkpt>
    <trkpt lat="43.25428" lon="-4.018907"><ele>291.8</ele></trkpt>
    <trkpt lat="43.254257" lon="-4.018922"><ele>291.2</ele></trkpt>
    <trkpt lat="43.254227" lon="-4.018947"><ele>290.6</ele></trkpt>
    <trkpt lat="43.254205" lon="-4.018987"><ele>290.0</ele></trkpt>
    <trkpt lat="43.254187" lon="-4.019017"><ele>289.2</ele></trkpt>
    <trkpt lat="43.254165" lon="-4.019047"><ele>288.4</ele></trkpt>
    <trkpt lat="43.254142" lon="-4.019078"><ele>287.6</ele></trkpt>
    <trkpt lat="43.25412" lon="-4.019107"><ele>286.8</ele></trkpt>
    <trkpt lat="43.254097" lon="-4.019125"><ele>286.2</ele></trkpt>
    <trkpt lat="43.254077" lon="-4.019137"><ele>285.4</ele></trkpt>
    <trkpt lat="43.254043" lon="-4.019147"><ele>284.8</ele></trkpt>
    <trkpt lat="43.254027" lon="-4.019157"><ele>284.4</ele></trkpt>
    <trkpt lat="43.254" lon="-4.019192"><ele>283.8</ele></trkpt>
    <trkpt lat="43.253985" lon="-4.019212"><ele>283.4</ele></trkpt>
    <trkpt lat="43.253967" lon="-4.019222"><ele>283.0</ele></trkpt>
    <trkpt lat="43.253945" lon="-4.019237"><ele>282.6</ele></trkpt>
    <trkpt lat="43.253925" lon="-4.01925"><ele>282.0</ele></trkpt>
    <trkpt lat="43.253905" lon="-4.019262"><ele>281.6</ele></trkpt>
    <trkpt lat="43.253882" lon="-4.019282"><ele>281.2</ele></trkpt>
    <trkpt lat="43.25386" lon="-4.019297"><ele>280.6</ele></trkpt>
    <trkpt lat="43.253832" lon="-4.019312"><ele>280.2</ele></trkpt>
    <trkpt lat="43.25381" lon="-4.019325"><ele>279.8</ele></trkpt>
    <trkpt lat="43.253785" lon="-4.019333"><ele>279.4</ele></trkpt>
    <trkpt lat="43.253762" lon="-4.019347"><ele>279.0</ele></trkpt>
    <trkpt lat="43.253742" lon="-4.01937"><ele>278.6</ele></trkpt>
    <trkpt lat="43.253722" lon="-4.019392"><ele>278.0</ele></trkpt>
    <trkpt lat="43.25371" lon="-4.019417"><ele>277.6</ele></trkpt>
    <trkpt lat="43.253697" lon="-4.019445"><ele>277.2</ele></trkpt>
    <trkpt lat="43.253682" lon="-4.019472"><ele>276.8</ele></trkpt>
    <trkpt lat="43.253667" lon="-4.019497"><ele>276.4</ele></trkpt>
    <trkpt lat="43.253652" lon="-4.019513"><ele>275.8</ele></trkpt>
    <trkpt lat="43.253632" lon="-4.019527"><ele>275.4</ele></trkpt>
    <trkpt lat="43.253612" lon="-4.01954"><ele>274.8</ele></trkpt>
    <trkpt lat="43.2536" lon="-4.019562"><ele>274.4</ele></trkpt>
    <trkpt lat="43.25358" lon="-4.019605"><ele>273.4</ele></trkpt>
    <trkpt lat="43.253565" lon="-4.01963"><ele>273.0</ele></trkpt>
    <trkpt lat="43.253552" lon="-4.019652"><ele>272.4</ele></trkpt>
    <trkpt lat="43.253527" lon="-4.019687"><ele>271.2</ele></trkpt>
    <trkpt lat="43.253515" lon="-4.019712"><ele>270.6</ele></trkpt>
    <trkpt lat="43.253497" lon="-4.019747"><ele>269.2</ele></trkpt>
    <trkpt lat="43.253502" lon="-4.019787"><ele>268.0</ele></trkpt>
    <trkpt lat="43.25352" lon="-4.019817"><ele>266.8</ele></trkpt>
    <trkpt lat="43.253527" lon="-4.01984"><ele>265.8</ele></trkpt>
    <trkpt lat="43.253537" lon="-4.019877"><ele>265.2</ele></trkpt>
    <trkpt lat="43.253542" lon="-4.019902"><ele>264.8</ele></trkpt>
    <trkpt lat="43.253535" lon="-4.019927"><ele>264.6</ele></trkpt>
    <trkpt lat="43.253505" lon="-4.019965"><ele>264.4</ele></trkpt>
    <trkpt lat="43.25349" lon="-4.019982"><ele>264.2</ele></trkpt>
    <trkpt lat="43.253472" lon="-4.019998"><ele>264.2</ele></trkpt>
    <trkpt lat="43.253462" lon="-4.020022"><ele>264.0</ele></trkpt>
    <trkpt lat="43.253452" lon="-4.020062"><ele>264.0</ele></trkpt>
    <trkpt lat="43.253452" lon="-4.020105"><ele>264.0</ele></trkpt>
    <trkpt lat="43.253447" lon="-4.020137"><ele>264.0</ele></trkpt>
    <trkpt lat="43.25345" lon="-4.020172"><ele>264.0</ele></trkpt>
    <trkpt lat="43.253472" lon="-4.020205"><ele>264.2</ele></trkpt>
    <trkpt lat="43.253487" lon="-4.020225"><ele>264.4</ele></trkpt>
    <trkpt lat="43.2535" lon="-4.020243"><ele>264.4</ele></trkpt>
    <trkpt lat="43.253517" lon="-4.020272"><ele>264.6</ele></trkpt>
    <trkpt lat="43.253535" lon="-4.020292"><ele>264.8</ele></trkpt>
    <trkpt lat="43.253552" lon="-4.020307"><ele>265.0</ele></trkpt>
    <trkpt lat="43.25357" lon="-4.020318"><ele>265.2</ele></trkpt>
    <trkpt lat="43.25359" lon="-4.020327"><ele>265.4</ele></trkpt>
    <trkpt lat="43.253612" lon="-4.020357"><ele>265.6</ele></trkpt>
    <trkpt lat="43.253632" lon="-4.020377"><ele>265.8</ele></trkpt>
    <trkpt lat="43.25365" lon="-4.020387"><ele>266.2</ele></trkpt>
    <trkpt lat="43.253672" lon="-4.020392"><ele>266.6</ele></trkpt>
    <trkpt lat="43.253692" lon="-4.020387"><ele>267.0</ele></trkpt>
    <trkpt lat="43.25371" lon="-4.020377"><ele>267.2</ele></trkpt>
    <trkpt lat="43.253737" lon="-4.020367"><ele>267.6</ele></trkpt>
    <trkpt lat="43.253772" lon="-4.020392"><ele>268.0</ele></trkpt>
    <trkpt lat="43.253787" lon="-4.020412"><ele>268.0</ele></trkpt>
    <trkpt lat="43.253805" lon="-4.020443"><ele>267.6</ele></trkpt>
    <trkpt lat="43.253818" lon="-4.020467"><ele>267.4</ele></trkpt>
    <trkpt lat="43.253837" lon="-4.02049"><ele>266.8</ele></trkpt>
    <trkpt lat="43.253845" lon="-4.020517"><ele>266.2</ele></trkpt>
    <trkpt lat="43.253857" lon="-4.020542"><ele>266.0</ele></trkpt>
    <trkpt lat="43.253852" lon="-4.020577"><ele>266.4</ele></trkpt>
    <trkpt lat="43.25384" lon="-4.020627"><ele>266.4</ele></trkpt>
    <trkpt lat="43.253822" lon="-4.020675"><ele>266.2</ele></trkpt>
    <trkpt lat="43.253817" lon="-4.020702"><ele>266.0</ele></trkpt>
    <trkpt lat="43.253812" lon="-4.020732"><ele>265.6</ele></trkpt>
    <trkpt lat="43.253812" lon="-4.020767"><ele>265.2</ele></trkpt>
    <trkpt lat="43.25381" lon="-4.0208"><ele>264.6</ele></trkpt>
    <trkpt lat="43.253807" lon="-4.020827"><ele>264.2</ele></trkpt>
    <trkpt lat="43.253802" lon="-4.020852"><ele>263.6</ele></trkpt>
    <trkpt lat="43.253792" lon="-4.020877"><ele>263.0</ele></trkpt>
    <trkpt lat="43.253787" lon="-4.020902"><ele>262.6</ele></trkpt>
    <trkpt lat="43.25378" lon="-4.020925"><ele>262.0</ele></trkpt>
    <trkpt lat="43.253767" lon="-4.020952"><ele>261.4</ele></trkpt>
    <trkpt lat="43.253757" lon="-4.020973"><ele>260.8</ele></trkpt>
    <trkpt lat="43.253742" lon="-4.020983"><ele>260.2</ele></trkpt>
    <trkpt lat="43.253722" lon="-4.021002"><ele>259.4</ele></trkpt>
    <trkpt lat="43.253697" lon="-4.021022"><ele>258.8</ele></trkpt>
    <trkpt lat="43.25368" lon="-4.021047"><ele>258.0</ele></trkpt>
    <trkpt lat="43.253663" lon="-4.021075"><ele>257.4</ele></trkpt>
    <trkpt lat="43.253662" lon="-4.021107"><ele>256.6</ele></trkpt>
    <trkpt lat="43.253652" lon="-4.021137"><ele>256.0</ele></trkpt>
    <trkpt lat="43.25364" lon="-4.021162"><ele>255.2</ele></trkpt>
    <trkpt lat="43.25363" lon="-4.021192"><ele>254.6</ele></trkpt>
    <trkpt lat="43.253612" lon="-4.021225"><ele>254.0</ele></trkpt>
    <trkpt lat="43.253592" lon="-4.021252"><ele>253.6</ele></trkpt>
    <trkpt lat="43.253577" lon="-4.021272"><ele>253.0</ele></trkpt>
    <trkpt lat="43.253552" lon="-4.021287"><ele>252.0</ele></trkpt>
    <trkpt lat="43.253522" lon="-4.021297"><ele>251.0</ele></trkpt>
    <trkpt lat="43.253505" lon="-4.021307"><ele>250.4</ele></trkpt>
    <trkpt lat="43.253492" lon="-4.021333"><ele>250.0</ele></trkpt>
    <trkpt lat="43.253477" lon="-4.021357"><ele>249.6</ele></trkpt>
    <trkpt lat="43.253457" lon="-4.021395"><ele>248.6</ele></trkpt>
    <trkpt lat="43.253432" lon="-4.021422"><ele>247.6</ele></trkpt>
    <trkpt lat="43.253415" lon="-4.021442"><ele>246.2</ele></trkpt>
    <trkpt lat="43.253397" lon="-4.021457"><ele>246.2</ele></trkpt>
    <trkpt lat="43.253377" lon="-4.021472"><ele>245.8</ele></trkpt>
    <trkpt lat="43.25336" lon="-4.021483"><ele>245.4</ele></trkpt>
    <trkpt lat="43.25334" lon="-4.021505"><ele>245.0</ele></trkpt>
    <trkpt lat="43.253317" lon="-4.021522"><ele>244.6</ele></trkpt>
    <trkpt lat="43.253292" lon="-4.02154"><ele>244.2</ele></trkpt>
    <trkpt lat="43.253272" lon="-4.021557"><ele>243.4</ele></trkpt>
    <trkpt lat="43.253257" lon="-4.021582"><ele>243.0</ele></trkpt>
    <trkpt lat="43.253245" lon="-4.021612"><ele>242.6</ele></trkpt>
    <trkpt lat="43.253232" lon="-4.021638"><ele>242.2</ele></trkpt>
    <trkpt lat="43.253217" lon="-4.021662"><ele>241.8</ele></trkpt>
    <trkpt lat="43.253197" lon="-4.02168"><ele>241.2</ele></trkpt>
    <trkpt lat="43.253177" lon="-4.02169"><ele>240.6</ele></trkpt>
    <trkpt lat="43.25316" lon="-4.021697"><ele>240.0</ele></trkpt>
    <trkpt lat="43.253137" lon="-4.021707"><ele>238.8</ele></trkpt>
    <trkpt lat="43.253112" lon="-4.021727"><ele>238.4</ele></trkpt>
    <trkpt lat="43.253095" lon="-4.021752"><ele>237.8</ele></trkpt>
    <trkpt lat="43.253082" lon="-4.021772"><ele>237.2</ele></trkpt>
    <trkpt lat="43.253062" lon="-4.021792"><ele>236.6</ele></trkpt>
    <trkpt lat="43.253042" lon="-4.021807"><ele>236.0</ele></trkpt>
    <trkpt lat="43.253022" lon="-4.021822"><ele>235.4</ele></trkpt>
    <trkpt lat="43.253002" lon="-4.021847"><ele>234.8</ele></trkpt>
    <trkpt lat="43.252987" lon="-4.021867"><ele>234.2</ele></trkpt>
    <trkpt lat="43.252957" lon="-4.021902"><ele>232.8</ele></trkpt>
    <trkpt lat="43.252942" lon="-4.02193"><ele>232.2</ele></trkpt>
    <trkpt lat="43.252925" lon="-4.021957"><ele>231.6</ele></trkpt>
    <trkpt lat="43.252903" lon="-4.021982"><ele>231.0</ele></trkpt>
    <trkpt lat="43.252882" lon="-4.022002"><ele>230.4</ele></trkpt>
    <trkpt lat="43.252862" lon="-4.022023"><ele>229.8</ele></trkpt>
    <trkpt lat="43.252845" lon="-4.022045"><ele>229.2</ele></trkpt>
    <trkpt lat="43.252832" lon="-4.02207"><ele>228.6</ele></trkpt>
    <trkpt lat="43.252827" lon="-4.022097"><ele>228.0</ele></trkpt>
    <trkpt lat="43.252822" lon="-4.022127"><ele>227.8</ele></trkpt>
    <trkpt lat="43.252812" lon="-4.022148"><ele>227.4</ele></trkpt>
    <trkpt lat="43.252805" lon="-4.022177"><ele>226.8</ele></trkpt>
    <trkpt lat="43.2528" lon="-4.022202"><ele>226.4</ele></trkpt>
    <trkpt lat="43.252797" lon="-4.022232"><ele>226.0</ele></trkpt>
    <trkpt lat="43.252795" lon="-4.022277"><ele>225.6</ele></trkpt>
    <trkpt lat="43.252797" lon="-4.022302"><ele>225.4</ele></trkpt>
    <trkpt lat="43.252802" lon="-4.022327"><ele>225.2</ele></trkpt>
    <trkpt lat="43.252802" lon="-4.022357"><ele>224.8</ele></trkpt>
    <trkpt lat="43.252805" lon="-4.022382"><ele>224.4</ele></trkpt>
    <trkpt lat="43.252807" lon="-4.02241"><ele>224.0</ele></trkpt>
    <trkpt lat="43.252815" lon="-4.022447"><ele>223.2</ele></trkpt>
    <trkpt lat="43.252815" lon="-4.022487"><ele>222.2</ele></trkpt>
    <trkpt lat="43.252822" lon="-4.022527"><ele>222.2</ele></trkpt>
    <trkpt lat="43.252827" lon="-4.022557"><ele>221.8</ele></trkpt>
    <trkpt lat="43.252827" lon="-4.022592"><ele>221.6</ele></trkpt>
    <trkpt lat="43.252847" lon="-4.022623"><ele>221.2</ele></trkpt>
    <trkpt lat="43.252855" lon="-4.022662"><ele>221.0</ele></trkpt>
    <trkpt lat="43.252857" lon="-4.022702"><ele>220.4</ele></trkpt>
    <trkpt lat="43.252857" lon="-4.022727"><ele>220.4</ele></trkpt>
    <trkpt lat="43.252865" lon="-4.022752"><ele>220.2</ele></trkpt>
    <trkpt lat="43.252872" lon="-4.02278"><ele>219.8</ele></trkpt>
    <trkpt lat="43.252882" lon="-4.022805"><ele>219.4</ele></trkpt>
    <trkpt lat="43.252897" lon="-4.022827"><ele>219.0</ele></trkpt>
    <trkpt lat="43.252917" lon="-4.022862"><ele>218.6</ele></trkpt>
    <trkpt lat="43.25294" lon="-4.022897"><ele>218.0</ele></trkpt>
    <trkpt lat="43.252957" lon="-4.022927"><ele>217.4</ele></trkpt>
    <trkpt lat="43.25298" lon="-4.022957"><ele>216.4</ele></trkpt>
    <trkpt lat="43.253002" lon="-4.022997"><ele>215.4</ele></trkpt>
    <trkpt lat="43.253012" lon="-4.023022"><ele>214.8</ele></trkpt>
    <trkpt lat="43.253017" lon="-4.023047"><ele>214.2</ele></trkpt>
    <trkpt lat="43.253025" lon="-4.023077"><ele>213.6</ele></trkpt>
    <trkpt lat="43.253022" lon="-4.023122"><ele>212.4</ele></trkpt>
    <trkpt lat="43.253015" lon="-4.023147"><ele>211.2</ele></trkpt>
    <trkpt lat="43.253002" lon="-4.023192"><ele>210.0</ele></trkpt>
    <trkpt lat="43.252995" lon="-4.02322"><ele>209.6</ele></trkpt>
    <trkpt lat="43.252985" lon="-4.023245"><ele>209.0</ele></trkpt>
    <trkpt lat="43.25297" lon="-4.023262"><ele>208.4</ele></trkpt>
    <trkpt lat="43.252942" lon="-4.023282"><ele>207.2</ele></trkpt>
    <trkpt lat="43.252912" lon="-4.02329"><ele>206.0</ele></trkpt>
    <trkpt lat="43.252882" lon="-4.0233"><ele>204.8</ele></trkpt>
    <trkpt lat="43.252852" lon="-4.023303"><ele>203.0</ele></trkpt>
    <trkpt lat="43.252832" lon="-4.023307"><ele>202.2</ele></trkpt>
    <trkpt lat="43.252802" lon="-4.023307"><ele>201.6</ele></trkpt>
    <trkpt lat="43.25278" lon="-4.023322"><ele>201.0</ele></trkpt>
    <trkpt lat="43.25276" lon="-4.023342"><ele>200.6</ele></trkpt>
    <trkpt lat="43.252737" lon="-4.023357"><ele>199.8</ele></trkpt>
    <trkpt lat="43.252717" lon="-4.023375"><ele>199.4</ele></trkpt>
    <trkpt lat="43.252692" lon="-4.023395"><ele>198.8</ele></trkpt>
    <trkpt lat="43.252677" lon="-4.023422"><ele>198.4</ele></trkpt>
    <trkpt lat="43.252672" lon="-4.023452"><ele>197.8</ele></trkpt>
    <trkpt lat="43.252677" lon="-4.023487"><ele>197.4</ele></trkpt>
    <trkpt lat="43.252682" lon="-4.02352"><ele>197.0</ele></trkpt>
    <trkpt lat="43.252695" lon="-4.023558"><ele>196.6</ele></trkpt>
    <trkpt lat="43.252707" lon="-4.023602"><ele>196.4</ele></trkpt>
    <trkpt lat="43.25272" lon="-4.02364"><ele>196.0</ele></trkpt>
    <trkpt lat="43.252732" lon="-4.023682"><ele>195.8</ele></trkpt>
    <trkpt lat="43.252747" lon="-4.023725"><ele>195.4</ele></trkpt>
    <trkpt lat="43.252762" lon="-4.023762"><ele>195.4</ele></trkpt>
    <trkpt lat="43.252777" lon="-4.023798"><ele>195.2</ele></trkpt>
    <trkpt lat="43.25279" lon="-4.023833"><ele>194.8</ele></trkpt>
    <trkpt lat="43.252797" lon="-4.02387"><ele>194.6</ele></trkpt>
    <trkpt lat="43.252812" lon="-4.023905"><ele>194.4</ele></trkpt>
    <trkpt lat="43.252825" lon="-4.023932"><ele>194.2</ele></trkpt>
    <trkpt lat="43.252842" lon="-4.023965"><ele>194.0</ele></trkpt>
    <trkpt lat="43.252857" lon="-4.023992"><ele>194.0</ele></trkpt>
    <trkpt lat="43.252875" lon="-4.02402"><ele>193.8</ele></trkpt>
    <trkpt lat="43.252895" lon="-4.024042"><ele>193.6</ele></trkpt>
    <trkpt lat="43.252917" lon="-4.024065"><ele>193.4</ele></trkpt>
    <trkpt lat="43.252937" lon="-4.024087"><ele>193.2</ele></trkpt>
    <trkpt lat="43.25296" lon="-4.024107"><ele>192.8</ele></trkpt>
    <trkpt lat="43.252985" lon="-4.02413"><ele>192.6</ele></trkpt>
    <trkpt lat="43.253012" lon="-4.024152"><ele>192.4</ele></trkpt>
    <trkpt lat="43.253032" lon="-4.02417"><ele>192.4</ele></trkpt>
    <trkpt lat="43.253058" lon="-4.024192"><ele>192.2</ele></trkpt>
    <trkpt lat="43.253085" lon="-4.024217"><ele>192.0</ele></trkpt>
    <trkpt lat="43.253102" lon="-4.024242"><ele>191.8</ele></trkpt>
    <trkpt lat="43.253122" lon="-4.024267"><ele>191.4</ele></trkpt>
    <trkpt lat="43.253147" lon="-4.024288"><ele>191.2</ele></trkpt>
    <trkpt lat="43.253172" lon="-4.024312"><ele>191.0</ele></trkpt>
    <trkpt lat="43.253197" lon="-4.024337"><ele>190.8</ele></trkpt>
    <trkpt lat="43.25322" lon="-4.024365"><ele>190.6</ele></trkpt>
    <trkpt lat="43.253242" lon="-4.024392"><ele>190.4</ele></trkpt>
    <trkpt lat="43.253265" lon="-4.024415"><ele>190.2</ele></trkpt>
    <trkpt lat="43.253283" lon="-4.02444"><ele>190.0</ele></trkpt>
    <trkpt lat="43.253307" lon="-4.02446"><ele>190.0</ele></trkpt>
    <trkpt lat="43.253327" lon="-4.024482"><ele>189.8</ele></trkpt>
    <trkpt lat="43.25335" lon="-4.024502"><ele>189.6</ele></trkpt>
    <trkpt lat="43.253372" lon="-4.024522"><ele>189.6</ele></trkpt>
    <trkpt lat="43.253397" lon="-4.024552"><ele>189.4</ele></trkpt>
    <trkpt lat="43.253417" lon="-4.024582"><ele>189.2</ele></trkpt>
    <trkpt lat="43.253442" lon="-4.024607"><ele>189.2</ele></trkpt>
    <trkpt lat="43.253462" lon="-4.024637"><ele>189.0</ele></trkpt>
    <trkpt lat="43.253482" lon="-4.024662"><ele>189.0</ele></trkpt>
    <trkpt lat="43.253502" lon="-4.024688"><ele>188.8</ele></trkpt>
    <trkpt lat="43.253525" lon="-4.024717"><ele>188.6</ele></trkpt>
    <trkpt lat="43.253547" lon="-4.024742"><ele>188.6</ele></trkpt>
    <trkpt lat="43.253565" lon="-4.024765"><ele>188.6</ele></trkpt>
    <trkpt lat="43.253582" lon="-4.02479"><ele>188.4</ele></trkpt>
    <trkpt lat="43.253593" lon="-4.024817"><ele>188.4</ele></trkpt>
    <trkpt lat="43.25361" lon="-4.024848"><ele>188.4</ele></trkpt>
    <trkpt lat="43.25362" lon="-4.024878"><ele>188.2</ele></trkpt>
    <trkpt lat="43.253632" lon="-4.02491"><ele>188.2</ele></trkpt>
    <trkpt lat="43.253637" lon="-4.024942"><ele>188.2</ele></trkpt>
    <trkpt lat="43.253642" lon="-4.024975"><ele>188.0</ele></trkpt>
    <trkpt lat="43.253642" lon="-4.025008"><ele>188.0</ele></trkpt>
    <trkpt lat="43.253642" lon="-4.025045"><ele>188.0</ele></trkpt>
    <trkpt lat="43.253642" lon="-4.025083"><ele>188.0</ele></trkpt>
    <trkpt lat="43.253642" lon="-4.025122"><ele>188.0</ele></trkpt>
    <trkpt lat="43.253635" lon="-4.025155"><ele>188.0</ele></trkpt>
    <trkpt lat="43.253632" lon="-4.025187"><ele>188.0</ele></trkpt>
    <trkpt lat="43.253632" lon="-4.025222"><ele>188.0</ele></trkpt>
    <trkpt lat="43.25363" lon="-4.02526"><ele>188.0</ele></trkpt>
    <trkpt lat="43.25363" lon="-4.025292"><ele>188.4</ele></trkpt>
    <trkpt lat="43.253632" lon="-4.025327"><ele>188.6</ele></trkpt>
    <trkpt lat="43.253645" lon="-4.025362"><ele>188.6</ele></trkpt>
    <trkpt lat="43.253657" lon="-4.025397"><ele>188.4</ele></trkpt>
    <trkpt lat="43.253675" lon="-4.025427"><ele>188.2</ele></trkpt>
    <trkpt lat="43.253697" lon="-4.025457"><ele>188.0</ele></trkpt>
    <trkpt lat="43.253715" lon="-4.025487"><ele>187.8</ele></trkpt>
    <trkpt lat="43.253732" lon="-4.025517"><ele>187.6</ele></trkpt>
    <trkpt lat="43.253752" lon="-4.025547"><ele>187.6</ele></trkpt>
    <trkpt lat="43.253772" lon="-4.025575"><ele>187.4</ele></trkpt>
    <trkpt lat="43.253797" lon="-4.025602"><ele>187.2</ele></trkpt>
    <trkpt lat="43.253822" lon="-4.025622"><ele>187.2</ele></trkpt>
    <trkpt lat="43.253845" lon="-4.025642"><ele>187.0</ele></trkpt>
    <trkpt lat="43.253862" lon="-4.025657"><ele>186.8</ele></trkpt>
    <trkpt lat="43.253885" lon="-4.025677"><ele>186.8</ele></trkpt>
    <trkpt lat="43.253902" lon="-4.025692"><ele>186.8</ele></trkpt>
    <trkpt lat="43.253927" lon="-4.025708"><ele>186.6</ele></trkpt>
    <trkpt lat="43.253947" lon="-4.025722"><ele>186.6</ele></trkpt>
    <trkpt lat="43.253977" lon="-4.025737"><ele>186.4</ele></trkpt>
    <trkpt lat="43.254002" lon="-4.025742"><ele>186.4</ele></trkpt>
    <trkpt lat="43.254022" lon="-4.025747"><ele>186.4</ele></trkpt>
    <trkpt lat="43.254047" lon="-4.025752"><ele>186.4</ele></trkpt>
    <trkpt lat="43.254075" lon="-4.02576"><ele>186.4</ele></trkpt>
    <trkpt lat="43.254105" lon="-4.025765"><ele>186.2</ele></trkpt>
    <trkpt lat="43.254137" lon="-4.025777"><ele>186.2</ele></trkpt>
    <trkpt lat="43.254167" lon="-4.02578"><ele>186.2</ele></trkpt>
    <trkpt lat="43.254195" lon="-4.025777"><ele>186.2</ele></trkpt>
    <trkpt lat="43.254222" lon="-4.025782"><ele>186.2</ele></trkpt>
    <trkpt lat="43.254242" lon="-4.025787"><ele>186.2</ele></trkpt>
    <trkpt lat="43.254267" lon="-4.025792"><ele>186.2</ele></trkpt>
    <trkpt lat="43.254297" lon="-4.025797"><ele>186.2</ele></trkpt>
    <trkpt lat="43.254327" lon="-4.025797"><ele>186.0</ele></trkpt>
    <trkpt lat="43.254362" lon="-4.025802"><ele>186.0</ele></trkpt>
    <trkpt lat="43.25439" lon="-4.025802"><ele>186.0</ele></trkpt>
    <trkpt lat="43.254422" lon="-4.025807"><ele>186.0</ele></trkpt>
    <trkpt lat="43.254452" lon="-4.025813"><ele>186.0</ele></trkpt>
    <trkpt lat="43.254477" lon="-4.025822"><ele>186.0</ele></trkpt>
    <trkpt lat="43.254502" lon="-4.025832"><ele>186.0</ele></trkpt>
    <trkpt lat="43.254527" lon="-4.025837"><ele>185.8</ele></trkpt>
    <trkpt lat="43.254562" lon="-4.02584"><ele>185.8</ele></trkpt>
    <trkpt lat="43.254592" lon="-4.025847"><ele>185.8</ele></trkpt>
    <trkpt lat="43.254627" lon="-4.025852"><ele>185.8</ele></trkpt>
    <trkpt lat="43.254655" lon="-4.025852"><ele>185.6</ele></trkpt>
    <trkpt lat="43.254675" lon="-4.025862"><ele>185.6</ele></trkpt>
    <trkpt lat="43.254702" lon="-4.025875"><ele>185.6</ele></trkpt>
    <trkpt lat="43.254722" lon="-4.025867"><ele>185.2</ele></trkpt>
    <trkpt lat="43.254697" lon="-4.025852"><ele>185.2</ele></trkpt>
    <trkpt lat="43.254675" lon="-4.02584"><ele>185.2</ele></trkpt>
    <trkpt lat="43.254647" lon="-4.025837"><ele>185.2</ele></trkpt>
    <trkpt lat="43.254627" lon="-4.025845"><ele>185.4</ele></trkpt>
    <trkpt lat="43.254655" lon="-4.025867"><ele>185.4</ele></trkpt>
    <trkpt lat="43.254675" lon="-4.025872"><ele>185.4</ele></trkpt>
    <trkpt lat="43.254702" lon="-4.025887"><ele>185.4</ele></trkpt>
    <trkpt lat="43.25473" lon="-4.025898"><ele>185.4</ele></trkpt>
    <trkpt lat="43.25476" lon="-4.025912"><ele>185.0</ele></trkpt>
    <trkpt lat="43.25478" lon="-4.025907"><ele>185.0</ele></trkpt>
    <trkpt lat="43.254807" lon="-4.025917"><ele>184.8</ele></trkpt>
    <trkpt lat="43.254825" lon="-4.025917"><ele>184.6</ele></trkpt>
    <trkpt lat="43.254852" lon="-4.025925"><ele>184.6</ele></trkpt>
    <trkpt lat="43.25488" lon="-4.025932"><ele>184.6</ele></trkpt>
    <trkpt lat="43.254907" lon="-4.025942"><ele>184.4</ele></trkpt>
    <trkpt lat="43.254932" lon="-4.025947"><ele>184.4</ele></trkpt>
    <trkpt lat="43.254958" lon="-4.025952"><ele>184.2</ele></trkpt>
    <trkpt lat="43.254992" lon="-4.025957"><ele>184.2</ele></trkpt>
    <trkpt lat="43.255025" lon="-4.025965"><ele>184.0</ele></trkpt>
    <trkpt lat="43.255065" lon="-4.025972"><ele>184.0</ele></trkpt>
    <trkpt lat="43.255102" lon="-4.025985"><ele>183.8</ele></trkpt>
    <trkpt lat="43.255137" lon="-4.025993"><ele>183.8</ele></trkpt>
    <trkpt lat="43.255172" lon="-4.026002"><ele>183.6</ele></trkpt>
    <trkpt lat="43.255202" lon="-4.026007"><ele>183.6</ele></trkpt>
    <trkpt lat="43.25523" lon="-4.026012"><ele>183.4</ele></trkpt>
    <trkpt lat="43.255262" lon="-4.026015"><ele>183.4</ele></trkpt>
    <trkpt lat="43.255287" lon="-4.026022"><ele>183.2</ele></trkpt>
    <trkpt lat="43.255317" lon="-4.026032"><ele>183.0</ele></trkpt>
    <trkpt lat="43.255347" lon="-4.026037"><ele>182.8</ele></trkpt>
    <trkpt lat="43.255377" lon="-4.02605"><ele>182.6</ele></trkpt>
    <trkpt lat="43.255407" lon="-4.026058"><ele>182.6</ele></trkpt>
    <trkpt lat="43.25544" lon="-4.026072"><ele>182.4</ele></trkpt>
    <trkpt lat="43.255472" lon="-4.026085"><ele>182.2</ele></trkpt>
    <trkpt lat="43.255502" lon="-4.026098"><ele>182.2</ele></trkpt>
    <trkpt lat="43.255535" lon="-4.026117"><ele>182.0</ele></trkpt>
    <trkpt lat="43.255567" lon="-4.026132"><ele>181.8</ele></trkpt>
    <trkpt lat="43.255597" lon="-4.026147"><ele>181.8</ele></trkpt>
    <trkpt lat="43.255627" lon="-4.026163"><ele>181.6</ele></trkpt>
    <trkpt lat="43.25566" lon="-4.026182"><ele>181.4</ele></trkpt>
    <trkpt lat="43.255692" lon="-4.026195"><ele>181.2</ele></trkpt>
    <trkpt lat="43.255717" lon="-4.026213"><ele>181.2</ele></trkpt>
    <trkpt lat="43.255747" lon="-4.026237"><ele>181.0</ele></trkpt>
    <trkpt lat="43.255777" lon="-4.026258"><ele>181.0</ele></trkpt>
    <trkpt lat="43.2558" lon="-4.026278"><ele>180.8</ele></trkpt>
    <trkpt lat="43.255822" lon="-4.026302"><ele>180.8</ele></trkpt>
    <trkpt lat="43.255845" lon="-4.026327"><ele>180.6</ele></trkpt>
    <trkpt lat="43.255875" lon="-4.02635"><ele>180.4</ele></trkpt>
    <trkpt lat="43.255907" lon="-4.02637"><ele>180.4</ele></trkpt>
    <trkpt lat="43.255932" lon="-4.026392"><ele>180.2</ele></trkpt>
    <trkpt lat="43.255955" lon="-4.026403"><ele>180.0</ele></trkpt>
    <trkpt lat="43.255977" lon="-4.026427"><ele>179.8</ele></trkpt>
    <trkpt lat="43.256002" lon="-4.026447"><ele>179.8</ele></trkpt>
    <trkpt lat="43.256027" lon="-4.026468"><ele>179.6</ele></trkpt>
    <trkpt lat="43.256052" lon="-4.026492"><ele>179.4</ele></trkpt>
    <trkpt lat="43.256082" lon="-4.026507"><ele>179.2</ele></trkpt>
    <trkpt lat="43.25611" lon="-4.02653"><ele>179.2</ele></trkpt>
    <trkpt lat="43.256142" lon="-4.026547"><ele>179.0</ele></trkpt>
    <trkpt lat="43.256167" lon="-4.026562"><ele>178.8</ele></trkpt>
    <trkpt lat="43.256197" lon="-4.026577"><ele>178.6</ele></trkpt>
    <trkpt lat="43.256232" lon="-4.02659"><ele>178.4</ele></trkpt>
    <trkpt lat="43.25627" lon="-4.026605"><ele>178.2</ele></trkpt>
    <trkpt lat="43.256302" lon="-4.026627"><ele>178.2</ele></trkpt>
    <trkpt lat="43.256335" lon="-4.02664"><ele>178.0</ele></trkpt>
    <trkpt lat="43.25637" lon="-4.026655"><ele>177.8</ele></trkpt>
    <trkpt lat="43.256397" lon="-4.026665"><ele>177.6</ele></trkpt>
    <trkpt lat="43.256427" lon="-4.026675"><ele>177.6</ele></trkpt>
    <trkpt lat="43.25646" lon="-4.026682"><ele>177.4</ele></trkpt>
    <trkpt lat="43.256487" lon="-4.026697"><ele>177.2</ele></trkpt>
    <trkpt lat="43.256517" lon="-4.026712"><ele>177.2</ele></trkpt>
    <trkpt lat="43.256547" lon="-4.026727"><ele>177.0</ele></trkpt>
    <trkpt lat="43.25657" lon="-4.026745"><ele>177.0</ele></trkpt>
    <trkpt lat="43.256597" lon="-4.026757"><ele>176.8</ele></trkpt>
    <trkpt lat="43.25663" lon="-4.026777"><ele>176.6</ele></trkpt>
    <trkpt lat="43.256662" lon="-4.026795"><ele>176.4</ele></trkpt>
    <trkpt lat="43.256697" lon="-4.026807"><ele>176.4</ele></trkpt>
    <trkpt lat="43.25673" lon="-4.026827"><ele>176.2</ele></trkpt>
    <trkpt lat="43.256762" lon="-4.026837"><ele>176.0</ele></trkpt>
    <trkpt lat="43.256792" lon="-4.026852"><ele>175.8</ele></trkpt>
    <trkpt lat="43.256817" lon="-4.026872"><ele>175.6</ele></trkpt>
    <trkpt lat="43.25684" lon="-4.026883"><ele>175.6</ele></trkpt>
    <trkpt lat="43.25686" lon="-4.02691"><ele>175.4</ele></trkpt>
    <trkpt lat="43.256877" lon="-4.026937"><ele>175.4</ele></trkpt>
    <trkpt lat="43.256897" lon="-4.02697"><ele>175.4</ele></trkpt>
    <trkpt lat="43.25692" lon="-4.027"><ele>175.2</ele></trkpt>
    <trkpt lat="43.256942" lon="-4.02702"><ele>175.2</ele></trkpt>
    <trkpt lat="43.256962" lon="-4.027042"><ele>175.2</ele></trkpt>
    <trkpt lat="43.256987" lon="-4.027072"><ele>175.2</ele></trkpt>
    <trkpt lat="43.25701" lon="-4.027092"><ele>175.2</ele></trkpt>
    <trkpt lat="43.257037" lon="-4.027117"><ele>175.0</ele></trkpt>
    <trkpt lat="43.257067" lon="-4.027137"><ele>175.0</ele></trkpt>
    <trkpt lat="43.257095" lon="-4.027157"><ele>175.0</ele></trkpt>
    <trkpt lat="43.257117" lon="-4.027175"><ele>175.0</ele></trkpt>
    <trkpt lat="43.257142" lon="-4.027187"><ele>174.8</ele></trkpt>
    <trkpt lat="43.257167" lon="-4.027197"><ele>174.8</ele></trkpt>
    <trkpt lat="43.257195" lon="-4.027212"><ele>174.8</ele></trkpt>
    <trkpt lat="43.25722" lon="-4.027222"><ele>174.8</ele></trkpt>
    <trkpt lat="43.257247" lon="-4.027232"><ele>174.8</ele></trkpt>
    <trkpt lat="43.257277" lon="-4.027242"><ele>174.8</ele></trkpt>
    <trkpt lat="43.257305" lon="-4.02725"><ele>174.8</ele></trkpt>
    <trkpt lat="43.257335" lon="-4.027257"><ele>174.8</ele></trkpt>
    <trkpt lat="43.257362" lon="-4.027262"><ele>174.6</ele></trkpt>
    <trkpt lat="43.257392" lon="-4.027263"><ele>174.8</ele></trkpt>
    <trkpt lat="43.257417" lon="-4.027267"><ele>174.6</ele></trkpt>
    <trkpt lat="43.257442" lon="-4.027272"><ele>174.6</ele></trkpt>
    <trkpt lat="43.257467" lon="-4.027272"><ele>174.6</ele></trkpt>
    <trkpt lat="43.257495" lon="-4.02728"><ele>174.6</ele></trkpt>
    <trkpt lat="43.257525" lon="-4.02729"><ele>174.4</ele></trkpt>
    <trkpt lat="43.257557" lon="-4.027297"><ele>174.4</ele></trkpt>
    <trkpt lat="43.257592" lon="-4.027307"><ele>174.4</ele></trkpt>
    <trkpt lat="43.257617" lon="-4.027317"><ele>174.2</ele></trkpt>
    <trkpt lat="43.257642" lon="-4.027335"><ele>174.2</ele></trkpt>
    <trkpt lat="43.257675" lon="-4.027352"><ele>174.0</ele></trkpt>
    <trkpt lat="43.257705" lon="-4.027372"><ele>174.0</ele></trkpt>
    <trkpt lat="43.257727" lon="-4.027397"><ele>173.8</ele></trkpt>
    <trkpt lat="43.257755" lon="-4.027423"><ele>173.8</ele></trkpt>
    <trkpt lat="43.257782" lon="-4.027445"><ele>173.6</ele></trkpt>
    <trkpt lat="43.25781" lon="-4.027467"><ele>173.4</ele></trkpt>
    <trkpt lat="43.257837" lon="-4.027495"><ele>173.2</ele></trkpt>
    <trkpt lat="43.25786" lon="-4.027525"><ele>173.2</ele></trkpt>
    <trkpt lat="43.257882" lon="-4.027552"><ele>172.8</ele></trkpt>
    <trkpt lat="43.257902" lon="-4.02758"><ele>172.6</ele></trkpt>
    <trkpt lat="43.257922" lon="-4.027607"><ele>172.4</ele></trkpt>
    <trkpt lat="43.257937" lon="-4.027642"><ele>172.2</ele></trkpt>
    <trkpt lat="43.257947" lon="-4.027675"><ele>172.0</ele></trkpt>
    <trkpt lat="43.25795" lon="-4.027707"><ele>171.8</ele></trkpt>
    <trkpt lat="43.257947" lon="-4.027738"><ele>171.6</ele></trkpt>
    <trkpt lat="43.257937" lon="-4.027773"><ele>171.6</ele></trkpt>
    <trkpt lat="43.257935" lon="-4.027807"><ele>171.4</ele></trkpt>
    <trkpt lat="43.257935" lon="-4.027852"><ele>171.4</ele></trkpt>
    <trkpt lat="43.25793" lon="-4.027895"><ele>171.6</ele></trkpt>
    <trkpt lat="43.257925" lon="-4.02792"><ele>171.8</ele></trkpt>
    <trkpt lat="43.257917" lon="-4.027943"><ele>172.0</ele></trkpt>
    <trkpt lat="43.257907" lon="-4.027967"><ele>172.2</ele></trkpt>
    <trkpt lat="43.257882" lon="-4.028"><ele>172.8</ele></trkpt>
    <trkpt lat="43.257862" lon="-4.028022"><ele>173.4</ele></trkpt>
    <trkpt lat="43.257842" lon="-4.028037"><ele>174.0</ele></trkpt>
    <trkpt lat="43.257822" lon="-4.028032"><ele>174.4</ele></trkpt>
    <trkpt lat="43.257792" lon="-4.028012"><ele>175.0</ele></trkpt>
    <trkpt lat="43.257777" lon="-4.027997"><ele>175.2</ele></trkpt>
    <trkpt lat="43.257762" lon="-4.027982"><ele>175.6</ele></trkpt>
    <trkpt lat="43.257745" lon="-4.027967"><ele>175.8</ele></trkpt>
    <trkpt lat="43.257732" lon="-4.02795"><ele>176.2</ele></trkpt>
    <trkpt lat="43.257712" lon="-4.027912"><ele>176.6</ele></trkpt>
    <trkpt lat="43.257705" lon="-4.027887"><ele>177.0</ele></trkpt>
    <trkpt lat="43.257695" lon="-4.027842"><ele>177.4</ele></trkpt>
    <trkpt lat="43.257685" lon="-4.027797"><ele>177.8</ele></trkpt>
    <trkpt lat="43.25767" lon="-4.027757"><ele>178.4</ele></trkpt>
    <trkpt lat="43.257652" lon="-4.027715"><ele>178.8</ele></trkpt>
    <trkpt lat="43.257642" lon="-4.027692"><ele>179.0</ele></trkpt>
    <trkpt lat="43.25763" lon="-4.027667"><ele>179.2</ele></trkpt>
    <trkpt lat="43.25761" lon="-4.02763"><ele>179.6</ele></trkpt>
    <trkpt lat="43.257597" lon="-4.027612"><ele>179.8</ele></trkpt>
    <trkpt lat="43.257577" lon="-4.027593"><ele>180.0</ele></trkpt>
    <trkpt lat="43.257557" lon="-4.02758"><ele>180.2</ele></trkpt>
    <trkpt lat="43.257537" lon="-4.02757"><ele>180.6</ele></trkpt>
    <trkpt lat="43.257517" lon="-4.027567"><ele>180.8</ele></trkpt>
    <trkpt lat="43.2575" lon="-4.027555"><ele>181.2</ele></trkpt>
    <trkpt lat="43.257482" lon="-4.027552"><ele>181.4</ele></trkpt>
    <trkpt lat="43.257462" lon="-4.027548"><ele>181.6</ele></trkpt>
    <trkpt lat="43.257442" lon="-4.027552"><ele>181.8</ele></trkpt>
    <trkpt lat="43.257407" lon="-4.027567"><ele>182.0</ele></trkpt>
    <trkpt lat="43.257377" lon="-4.027583"><ele>182.2</ele></trkpt>
    <trkpt lat="43.257357" lon="-4.027597"><ele>182.2</ele></trkpt>
    <trkpt lat="43.257322" lon="-4.027605"><ele>182.6</ele></trkpt>
    <trkpt lat="43.2573" lon="-4.027613"><ele>182.8</ele></trkpt>
    <trkpt lat="43.257282" lon="-4.027627"><ele>182.8</ele></trkpt>
    <trkpt lat="43.257262" lon="-4.027627"><ele>183.0</ele></trkpt>
    <trkpt lat="43.257223" lon="-4.027627"><ele>183.4</ele></trkpt>
    <trkpt lat="43.257205" lon="-4.027632"><ele>183.8</ele></trkpt>
    <trkpt lat="43.257182" lon="-4.027632"><ele>183.8</ele></trkpt>
    <trkpt lat="43.257165" lon="-4.027637"><ele>184.0</ele></trkpt>
    <trkpt lat="43.25713" lon="-4.027642"><ele>184.2</ele></trkpt>
    <trkpt lat="43.257097" lon="-4.027643"><ele>184.8</ele></trkpt>
    <trkpt lat="43.257062" lon="-4.02765"><ele>185.2</ele></trkpt>
    <trkpt lat="43.25703" lon="-4.027657"><ele>185.6</ele></trkpt>
    <trkpt lat="43.257012" lon="-4.027667"><ele>186.0</ele></trkpt>
    <trkpt lat="43.256997" lon="-4.027707"><ele>186.4</ele></trkpt>
    <trkpt lat="43.256992" lon="-4.027732"><ele>186.6</ele></trkpt>
    <trkpt lat="43.25699" lon="-4.027767"><ele>187.0</ele></trkpt>
    <trkpt lat="43.256997" lon="-4.027807"><ele>187.8</ele></trkpt>
    <trkpt lat="43.25701" lon="-4.027847"><ele>188.4</ele></trkpt>
    <trkpt lat="43.257017" lon="-4.027887"><ele>189.2</ele></trkpt>
    <trkpt lat="43.257025" lon="-4.027927"><ele>189.8</ele></trkpt>
    <trkpt lat="43.257032" lon="-4.02797"><ele>190.4</ele></trkpt>
    <trkpt lat="43.25704" lon="-4.028012"><ele>191.0</ele></trkpt>
    <trkpt lat="43.257052" lon="-4.028052"><ele>191.6</ele></trkpt>
    <trkpt lat="43.257075" lon="-4.028095"><ele>192.2</ele></trkpt>
    <trkpt lat="43.25709" lon="-4.028133"><ele>192.8</ele></trkpt>
    <trkpt lat="43.257107" lon="-4.028152"><ele>192.8</ele></trkpt>
    <trkpt lat="43.257122" lon="-4.028167"><ele>193.0</ele></trkpt>
    <trkpt lat="43.257147" lon="-4.02819"><ele>193.4</ele></trkpt>
    <trkpt lat="43.257182" lon="-4.028205"><ele>193.8</ele></trkpt>
    <trkpt lat="43.257212" lon="-4.028217"><ele>194.4</ele></trkpt>
    <trkpt lat="43.257232" lon="-4.028222"><ele>194.4</ele></trkpt>
    <trkpt lat="43.257252" lon="-4.028232"><ele>194.8</ele></trkpt>
    <trkpt lat="43.25727" lon="-4.028245"><ele>195.2</ele></trkpt>
    <trkpt lat="43.25729" lon="-4.028257"><ele>195.2</ele></trkpt>
    <trkpt lat="43.257305" lon="-4.028272"><ele>195.4</ele></trkpt>
    <trkpt lat="43.25732" lon="-4.02829"><ele>195.6</ele></trkpt>
    <trkpt lat="43.257332" lon="-4.02831"><ele>195.6</ele></trkpt>
    <trkpt lat="43.25735" lon="-4.028327"><ele>196.0</ele></trkpt>
    <trkpt lat="43.257372" lon="-4.02836"><ele>196.4</ele></trkpt>
    <trkpt lat="43.257387" lon="-4.028377"><ele>196.8</ele></trkpt>
    <trkpt lat="43.257407" lon="-4.028417"><ele>197.2</ele></trkpt>
    <trkpt lat="43.25743" lon="-4.028452"><ele>197.6</ele></trkpt>
    <trkpt lat="43.257447" lon="-4.028495"><ele>198.0</ele></trkpt>
    <trkpt lat="43.257472" lon="-4.028532"><ele>198.4</ele></trkpt>
    <trkpt lat="43.257495" lon="-4.028572"><ele>198.6</ele></trkpt>
    <trkpt lat="43.257502" lon="-4.028595"><ele>198.8</ele></trkpt>
    <trkpt lat="43.257515" lon="-4.028617"><ele>198.8</ele></trkpt>
    <trkpt lat="43.257537" lon="-4.028662"><ele>199.2</ele></trkpt>
    <trkpt lat="43.257547" lon="-4.028682"><ele>199.4</ele></trkpt>
    <trkpt lat="43.257565" lon="-4.028727"><ele>199.6</ele></trkpt>
    <trkpt lat="43.25757" lon="-4.028767"><ele>200.0</ele></trkpt>
    <trkpt lat="43.257585" lon="-4.028805"><ele>200.6</ele></trkpt>
    <trkpt lat="43.25761" lon="-4.02883"><ele>201.2</ele></trkpt>
    <trkpt lat="43.257622" lon="-4.028863"><ele>201.6</ele></trkpt>
    <trkpt lat="43.257632" lon="-4.028902"><ele>202.0</ele></trkpt>
    <trkpt lat="43.257642" lon="-4.028947"><ele>202.4</ele></trkpt>
    <trkpt lat="43.257647" lon="-4.02899"><ele>203.0</ele></trkpt>
    <trkpt lat="43.257652" lon="-4.02903"><ele>203.6</ele></trkpt>
    <trkpt lat="43.257645" lon="-4.029065"><ele>204.2</ele></trkpt>
    <trkpt lat="43.257632" lon="-4.029097"><ele>204.8</ele></trkpt>
    <trkpt lat="43.257617" lon="-4.029127"><ele>205.0</ele></trkpt>
    <trkpt lat="43.257603" lon="-4.029148"><ele>205.4</ele></trkpt>
    <trkpt lat="43.257582" lon="-4.029182"><ele>205.8</ele></trkpt>
    <trkpt lat="43.257567" lon="-4.029195"><ele>206.0</ele></trkpt>
    <trkpt lat="43.257537" lon="-4.029217"><ele>206.4</ele></trkpt>
    <trkpt lat="43.25752" lon="-4.029227"><ele>206.6</ele></trkpt>
    <trkpt lat="43.25749" lon="-4.029247"><ele>207.0</ele></trkpt>
    <trkpt lat="43.25747" lon="-4.029252"><ele>207.2</ele></trkpt>
    <trkpt lat="43.257437" lon="-4.029267"><ele>207.8</ele></trkpt>
    <trkpt lat="43.25742" lon="-4.029275"><ele>208.0</ele></trkpt>
    <trkpt lat="43.257402" lon="-4.029285"><ele>208.2</ele></trkpt>
    <trkpt lat="43.257382" lon="-4.029302"><ele>208.4</ele></trkpt>
    <trkpt lat="43.257365" lon="-4.029312"><ele>208.4</ele></trkpt>
    <trkpt lat="43.257337" lon="-4.029328"><ele>208.8</ele></trkpt>
    <trkpt lat="43.257317" lon="-4.029342"><ele>209.0</ele></trkpt>
    <trkpt lat="43.257302" lon="-4.029352"><ele>209.2</ele></trkpt>
    <trkpt lat="43.257277" lon="-4.029358"><ele>209.4</ele></trkpt>
    <trkpt lat="43.257247" lon="-4.029387"><ele>209.8</ele></trkpt>
    <trkpt lat="43.257222" lon="-4.029402"><ele>210.2</ele></trkpt>
    <trkpt lat="43.257207" lon="-4.029417"><ele>210.4</ele></trkpt>
    <trkpt lat="43.257192" lon="-4.029435"><ele>210.6</ele></trkpt>
    <trkpt lat="43.257175" lon="-4.029457"><ele>210.8</ele></trkpt>
    <trkpt lat="43.257157" lon="-4.029475"><ele>211.0</ele></trkpt>
    <trkpt lat="43.257142" lon="-4.029487"><ele>211.2</ele></trkpt>
    <trkpt lat="43.257125" lon="-4.029498"><ele>211.4</ele></trkpt>
    <trkpt lat="43.257105" lon="-4.029515"><ele>211.6</ele></trkpt>
    <trkpt lat="43.257092" lon="-4.029537"><ele>211.8</ele></trkpt>
    <trkpt lat="43.257072" lon="-4.029557"><ele>212.0</ele></trkpt>
    <trkpt lat="43.257057" lon="-4.029582"><ele>212.2</ele></trkpt>
    <trkpt lat="43.257042" lon="-4.029605"><ele>212.2</ele></trkpt>
    <trkpt lat="43.257027" lon="-4.029627"><ele>212.4</ele></trkpt>
    <trkpt lat="43.257017" lon="-4.029655"><ele>212.6</ele></trkpt>
    <trkpt lat="43.257007" lon="-4.029685"><ele>212.6</ele></trkpt>
    <trkpt lat="43.257002" lon="-4.029717"><ele>212.8</ele></trkpt>
    <trkpt lat="43.257005" lon="-4.029747"><ele>212.8</ele></trkpt>
    <trkpt lat="43.257012" lon="-4.029777"><ele>213.0</ele></trkpt>
    <trkpt lat="43.257022" lon="-4.029807"><ele>213.0</ele></trkpt>
    <trkpt lat="43.25703" lon="-4.029837"><ele>213.0</ele></trkpt>
    <trkpt lat="43.257042" lon="-4.029865"><ele>213.2</ele></trkpt>
    <trkpt lat="43.257057" lon="-4.029897"><ele>213.4</ele></trkpt>
    <trkpt lat="43.257072" lon="-4.029925"><ele>213.4</ele></trkpt>
    <trkpt lat="43.257083" lon="-4.029952"><ele>213.6</ele></trkpt>
    <trkpt lat="43.2571" lon="-4.029972"><ele>213.8</ele></trkpt>
    <trkpt lat="43.257112" lon="-4.029992"><ele>214.2</ele></trkpt>
    <trkpt lat="43.257137" lon="-4.030028"><ele>214.4</ele></trkpt>
    <trkpt lat="43.257162" lon="-4.030058"><ele>214.8</ele></trkpt>
    <trkpt lat="43.257177" lon="-4.030102"><ele>215.2</ele></trkpt>
    <trkpt lat="43.257182" lon="-4.030127"><ele>215.4</ele></trkpt>
    <trkpt lat="43.257185" lon="-4.030172"><ele>216.0</ele></trkpt>
    <trkpt lat="43.257177" lon="-4.030212"><ele>216.6</ele></trkpt>
    <trkpt lat="43.257167" lon="-4.03026"><ele>217.0</ele></trkpt>
    <trkpt lat="43.257157" lon="-4.030302"><ele>217.6</ele></trkpt>
    <trkpt lat="43.257142" lon="-4.03034"><ele>218.2</ele></trkpt>
    <trkpt lat="43.257122" lon="-4.030377"><ele>218.8</ele></trkpt>
    <trkpt lat="43.257097" lon="-4.030402"><ele>219.4</ele></trkpt>
    <trkpt lat="43.25707" lon="-4.03042"><ele>220.2</ele></trkpt>
    <trkpt lat="43.25704" lon="-4.030417"><ele>220.4</ele></trkpt>
    <trkpt lat="43.257012" lon="-4.0304"><ele>221.0</ele></trkpt>
    <trkpt lat="43.256997" lon="-4.030387"><ele>221.2</ele></trkpt>
    <trkpt lat="43.25698" lon="-4.030367"><ele>221.6</ele></trkpt>
    <trkpt lat="43.256967" lon="-4.03035"><ele>221.8</ele></trkpt>
    <trkpt lat="43.256952" lon="-4.030332"><ele>222.2</ele></trkpt>
    <trkpt lat="43.256925" lon="-4.030302"><ele>222.6</ele></trkpt>
    <trkpt lat="43.256907" lon="-4.030287"><ele>222.8</ele></trkpt>
    <trkpt lat="43.256892" lon="-4.030273"><ele>223.2</ele></trkpt>
    <trkpt lat="43.256862" lon="-4.030247"><ele>223.8</ele></trkpt>
    <trkpt lat="43.256827" lon="-4.030227"><ele>224.4</ele></trkpt>
    <trkpt lat="43.256797" lon="-4.030212"><ele>225.0</ele></trkpt>
    <trkpt lat="43.256762" lon="-4.03021"><ele>225.6</ele></trkpt>
    <trkpt lat="43.256737" lon="-4.030225"><ele>226.2</ele></trkpt>
    <trkpt lat="43.256717" lon="-4.03026"><ele>226.8</ele></trkpt>
    <trkpt lat="43.2567" lon="-4.030307"><ele>227.6</ele></trkpt>
    <trkpt lat="43.256692" lon="-4.030335"><ele>227.8</ele></trkpt>
    <trkpt lat="43.25669" lon="-4.030362"><ele>228.2</ele></trkpt>
    <trkpt lat="43.256685" lon="-4.030392"><ele>228.4</ele></trkpt>
    <trkpt lat="43.256677" lon="-4.030415"><ele>229.0</ele></trkpt>
    <trkpt lat="43.256667" lon="-4.030465"><ele>229.4</ele></trkpt>
    <trkpt lat="43.256662" lon="-4.03049"><ele>229.6</ele></trkpt>
    <trkpt lat="43.256652" lon="-4.030512"><ele>229.8</ele></trkpt>
    <trkpt lat="43.256647" lon="-4.030537"><ele>230.2</ele></trkpt>
    <trkpt lat="43.25664" lon="-4.030562"><ele>230.4</ele></trkpt>
    <trkpt lat="43.256622" lon="-4.030607"><ele>230.8</ele></trkpt>
    <trkpt lat="43.256605" lon="-4.030647"><ele>231.2</ele></trkpt>
    <trkpt lat="43.256597" lon="-4.03067"><ele>231.4</ele></trkpt>
    <trkpt lat="43.256582" lon="-4.030707"><ele>231.8</ele></trkpt>
    <trkpt lat="43.256562" lon="-4.030745"><ele>232.2</ele></trkpt>
    <trkpt lat="43.256542" lon="-4.030782"><ele>232.8</ele></trkpt>
    <trkpt lat="43.256517" lon="-4.030807"><ele>233.4</ele></trkpt>
    <trkpt lat="43.256497" lon="-4.03082"><ele>233.6</ele></trkpt>
    <trkpt lat="43.256462" lon="-4.030833"><ele>234.2</ele></trkpt>
    <trkpt lat="43.256432" lon="-4.030862"><ele>234.6</ele></trkpt>
    <trkpt lat="43.256397" lon="-4.030882"><ele>235.2</ele></trkpt>
    <trkpt lat="43.25638" lon="-4.030895"><ele>235.4</ele></trkpt>
    <trkpt lat="43.256362" lon="-4.030912"><ele>235.6</ele></trkpt>
    <trkpt lat="43.256347" lon="-4.030928"><ele>235.8</ele></trkpt>
    <trkpt lat="43.25632" lon="-4.030962"><ele>236.6</ele></trkpt>
    <trkpt lat="43.256305" lon="-4.030982"><ele>236.8</ele></trkpt>
    <trkpt lat="43.256277" lon="-4.031017"><ele>237.2</ele></trkpt>
    <trkpt lat="43.256267" lon="-4.031037"><ele>237.4</ele></trkpt>
    <trkpt lat="43.256252" lon="-4.031057"><ele>237.8</ele></trkpt>
    <trkpt lat="43.256237" lon="-4.031077"><ele>238.0</ele></trkpt>
    <trkpt lat="43.256222" lon="-4.031087"><ele>238.2</ele></trkpt>
    <trkpt lat="43.256205" lon="-4.031107"><ele>238.4</ele></trkpt>
    <trkpt lat="43.256177" lon="-4.031142"><ele>239.0</ele></trkpt>
    <trkpt lat="43.25616" lon="-4.031155"><ele>239.4</ele></trkpt>
    <trkpt lat="43.256142" lon="-4.031172"><ele>239.6</ele></trkpt>
    <trkpt lat="43.256127" lon="-4.031195"><ele>240.0</ele></trkpt>
    <trkpt lat="43.256115" lon="-4.031217"><ele>240.2</ele></trkpt>
    <trkpt lat="43.256102" lon="-4.031237"><ele>240.4</ele></trkpt>
    <trkpt lat="43.256085" lon="-4.03125"><ele>240.6</ele></trkpt>
    <trkpt lat="43.256057" lon="-4.031277"><ele>241.2</ele></trkpt>
    <trkpt lat="43.256042" lon="-4.031292"><ele>241.4</ele></trkpt>
    <trkpt lat="43.256022" lon="-4.031302"><ele>241.8</ele></trkpt>
    <trkpt lat="43.256002" lon="-4.03131"><ele>242.0</ele></trkpt>
    <trkpt lat="43.255982" lon="-4.031317"><ele>242.2</ele></trkpt>
    <trkpt lat="43.255965" lon="-4.031325"><ele>242.4</ele></trkpt>
    <trkpt lat="43.255947" lon="-4.031332"><ele>242.6</ele></trkpt>
    <trkpt lat="43.255927" lon="-4.031347"><ele>242.8</ele></trkpt>
    <trkpt lat="43.255912" lon="-4.031362"><ele>242.8</ele></trkpt>
    <trkpt lat="43.255895" lon="-4.031377"><ele>243.0</ele></trkpt>
    <trkpt lat="43.25587" lon="-4.031387"><ele>243.2</ele></trkpt>
    <trkpt lat="43.255847" lon="-4.031402"><ele>243.6</ele></trkpt>
    <trkpt lat="43.255825" lon="-4.031412"><ele>243.6</ele></trkpt>
    <trkpt lat="43.255802" lon="-4.031422"><ele>243.8</ele></trkpt>
    <trkpt lat="43.255782" lon="-4.031432"><ele>243.8</ele></trkpt>
    <trkpt lat="43.255755" lon="-4.031442"><ele>244.0</ele></trkpt>
    <trkpt lat="43.25573" lon="-4.031452"><ele>244.2</ele></trkpt>
    <trkpt lat="43.255717" lon="-4.031472"><ele>244.2</ele></trkpt>
    <trkpt lat="43.255702" lon="-4.031492"><ele>244.4</ele></trkpt>
    <trkpt lat="43.25569" lon="-4.031517"><ele>244.4</ele></trkpt>
    <trkpt lat="43.255687" lon="-4.03155"><ele>244.6</ele></trkpt>
    <trkpt lat="43.255695" lon="-4.031583"><ele>244.8</ele></trkpt>
    <trkpt lat="43.255705" lon="-4.031607"><ele>245.0</ele></trkpt>
    <trkpt lat="43.255717" lon="-4.031637"><ele>245.2</ele></trkpt>
    <trkpt lat="43.255735" lon="-4.031657"><ele>245.2</ele></trkpt>
    <trkpt lat="43.25576" lon="-4.031678"><ele>245.4</ele></trkpt>
    <trkpt lat="43.255787" lon="-4.031687"><ele>245.6</ele></trkpt>
    <trkpt lat="43.255807" lon="-4.031697"><ele>245.8</ele></trkpt>
    <trkpt lat="43.25583" lon="-4.0317"><ele>246.0</ele></trkpt>
    <trkpt lat="43.25585" lon="-4.031707"><ele>246.2</ele></trkpt>
    <trkpt lat="43.255872" lon="-4.031713"><ele>246.4</ele></trkpt>
    <trkpt lat="43.255902" lon="-4.031722"><ele>246.4</ele></trkpt>
    <trkpt lat="43.255927" lon="-4.031727"><ele>246.6</ele></trkpt>
    <trkpt lat="43.255952" lon="-4.031732"><ele>246.8</ele></trkpt>
    <trkpt lat="43.255975" lon="-4.03174"><ele>246.8</ele></trkpt>
    <trkpt lat="43.256002" lon="-4.031743"><ele>247.0</ele></trkpt>
    <trkpt lat="43.256027" lon="-4.03175"><ele>247.2</ele></trkpt>
    <trkpt lat="43.256052" lon="-4.031752"><ele>247.2</ele></trkpt>
    <trkpt lat="43.256077" lon="-4.031767"><ele>247.4</ele></trkpt>
    <trkpt lat="43.2561" lon="-4.03178"><ele>247.4</ele></trkpt>
    <trkpt lat="43.256122" lon="-4.031795"><ele>247.4</ele></trkpt>
    <trkpt lat="43.256152" lon="-4.031817"><ele>247.4</ele></trkpt>
    <trkpt lat="43.256177" lon="-4.03183"><ele>247.2</ele></trkpt>
    <trkpt lat="43.256197" lon="-4.031847"><ele>247.2</ele></trkpt>
    <trkpt lat="43.256225" lon="-4.031865"><ele>247.0</ele></trkpt>
    <trkpt lat="43.256247" lon="-4.031887"><ele>247.0</ele></trkpt>
    <trkpt lat="43.25627" lon="-4.031912"><ele>247.0</ele></trkpt>
    <trkpt lat="43.256292" lon="-4.031932"><ele>247.0</ele></trkpt>
    <trkpt lat="43.256312" lon="-4.031952"><ele>246.8</ele></trkpt>
    <trkpt lat="43.256337" lon="-4.031972"><ele>246.6</ele></trkpt>
    <trkpt lat="43.25636" lon="-4.031995"><ele>246.6</ele></trkpt>
    <trkpt lat="43.256382" lon="-4.032022"><ele>246.4</ele></trkpt>
    <trkpt lat="43.256407" lon="-4.032042"><ele>246.2</ele></trkpt>
    <trkpt lat="43.25643" lon="-4.032067"><ele>246.0</ele></trkpt>
    <trkpt lat="43.256455" lon="-4.032092"><ele>245.8</ele></trkpt>
    <trkpt lat="43.256477" lon="-4.032117"><ele>245.6</ele></trkpt>
    <trkpt lat="43.256502" lon="-4.032145"><ele>245.4</ele></trkpt>
    <trkpt lat="43.256527" lon="-4.032167"><ele>245.2</ele></trkpt>
    <trkpt lat="43.256547" lon="-4.032195"><ele>245.0</ele></trkpt>
    <trkpt lat="43.256572" lon="-4.032222"><ele>244.8</ele></trkpt>
    <trkpt lat="43.256595" lon="-4.032242"><ele>244.6</ele></trkpt>
    <trkpt lat="43.256612" lon="-4.032272"><ele>244.4</ele></trkpt>
    <trkpt lat="43.256637" lon="-4.032302"><ele>244.2</ele></trkpt>
    <trkpt lat="43.256655" lon="-4.03233"><ele>243.8</ele></trkpt>
    <trkpt lat="43.256672" lon="-4.032357"><ele>243.6</ele></trkpt>
    <trkpt lat="43.256692" lon="-4.032377"><ele>243.4</ele></trkpt>
    <trkpt lat="43.256717" lon="-4.032402"><ele>243.2</ele></trkpt>
    <trkpt lat="43.25674" lon="-4.03243"><ele>243.0</ele></trkpt>
    <trkpt lat="43.256757" lon="-4.032457"><ele>242.8</ele></trkpt>
    <trkpt lat="43.256773" lon="-4.032487"><ele>242.6</ele></trkpt>
    <trkpt lat="43.256795" lon="-4.032512"><ele>242.4</ele></trkpt>
    <trkpt lat="43.256807" lon="-4.032538"><ele>242.2</ele></trkpt>
    <trkpt lat="43.256825" lon="-4.032567"><ele>242.0</ele></trkpt>
    <trkpt lat="43.256835" lon="-4.032592"><ele>242.0</ele></trkpt>
    <trkpt lat="43.256852" lon="-4.032617"><ele>241.8</ele></trkpt>
    <trkpt lat="43.256862" lon="-4.032642"><ele>241.8</ele></trkpt>
    <trkpt lat="43.256875" lon="-4.032687"><ele>241.8</ele></trkpt>
    <trkpt lat="43.256882" lon="-4.032712"><ele>241.8</ele></trkpt>
    <trkpt lat="43.256902" lon="-4.032757"><ele>242.2</ele></trkpt>
    <trkpt lat="43.256917" lon="-4.032782"><ele>242.4</ele></trkpt>
    <trkpt lat="43.256927" lon="-4.03281"><ele>242.6</ele></trkpt>
    <trkpt lat="43.25694" lon="-4.032835"><ele>242.8</ele></trkpt>
    <trkpt lat="43.256952" lon="-4.032857"><ele>243.0</ele></trkpt>
    <trkpt lat="43.256962" lon="-4.032877"><ele>243.4</ele></trkpt>
    <trkpt lat="43.256977" lon="-4.032902"><ele>243.6</ele></trkpt>
    <trkpt lat="43.256987" lon="-4.032922"><ele>244.0</ele></trkpt>
    <trkpt lat="43.257007" lon="-4.032967"><ele>244.4</ele></trkpt>
    <trkpt lat="43.257022" lon="-4.03299"><ele>244.8</ele></trkpt>
    <trkpt lat="43.257037" lon="-4.033007"><ele>245.0</ele></trkpt>
    <trkpt lat="43.25705" lon="-4.03303"><ele>245.2</ele></trkpt>
    <trkpt lat="43.257062" lon="-4.033057"><ele>245.6</ele></trkpt>
    <trkpt lat="43.257072" lon="-4.033085"><ele>245.6</ele></trkpt>
    <trkpt lat="43.257083" lon="-4.033112"><ele>245.8</ele></trkpt>
    <trkpt lat="43.2571" lon="-4.033137"><ele>245.8</ele></trkpt>
    <trkpt lat="43.257112" lon="-4.033165"><ele>245.8</ele></trkpt>
    <trkpt lat="43.257125" lon="-4.033187"><ele>246.0</ele></trkpt>
    <trkpt lat="43.257137" lon="-4.033212"><ele>246.0</ele></trkpt>
    <trkpt lat="43.257152" lon="-4.033235"><ele>246.0</ele></trkpt>
    <trkpt lat="43.25717" lon="-4.033248"><ele>245.8</ele></trkpt>
    <trkpt lat="43.257202" lon="-4.033275"><ele>245.4</ele></trkpt>
    <trkpt lat="43.257222" lon="-4.033287"><ele>245.2</ele></trkpt>
    <trkpt lat="43.257242" lon="-4.033298"><ele>245.4</ele></trkpt>
    <trkpt lat="43.257257" lon="-4.033312"><ele>245.4</ele></trkpt>
    <trkpt lat="43.257277" lon="-4.033322"><ele>245.6</ele></trkpt>
    <trkpt lat="43.257297" lon="-4.033332"><ele>245.8</ele></trkpt>
    <trkpt lat="43.257317" lon="-4.033342"><ele>245.8</ele></trkpt>
    <trkpt lat="43.257337" lon="-4.03335"><ele>246.0</ele></trkpt>
    <trkpt lat="43.257362" lon="-4.033357"><ele>246.2</ele></trkpt>
    <trkpt lat="43.257387" lon="-4.033362"><ele>246.2</ele></trkpt>
    <trkpt lat="43.257412" lon="-4.033367"><ele>246.2</ele></trkpt>
    <trkpt lat="43.257442" lon="-4.033372"><ele>246.2</ele></trkpt>
    <trkpt lat="43.257465" lon="-4.033372"><ele>246.0</ele></trkpt>
    <trkpt lat="43.257492" lon="-4.03338"><ele>245.8</ele></trkpt>
    <trkpt lat="43.257517" lon="-4.03338"><ele>245.4</ele></trkpt>
    <trkpt lat="43.257542" lon="-4.033382"><ele>245.0</ele></trkpt>
    <trkpt lat="43.257572" lon="-4.033382"><ele>244.8</ele></trkpt>
    <trkpt lat="43.257595" lon="-4.033387"><ele>244.6</ele></trkpt>
    <trkpt lat="43.257617" lon="-4.033393"><ele>244.4</ele></trkpt>
    <trkpt lat="43.257642" lon="-4.033412"><ele>244.2</ele></trkpt>
    <trkpt lat="43.257662" lon="-4.033432"><ele>244.2</ele></trkpt>
    <trkpt lat="43.257677" lon="-4.033452"><ele>244.0</ele></trkpt>
    <trkpt lat="43.257685" lon="-4.033477"><ele>243.8</ele></trkpt>
    <trkpt lat="43.257692" lon="-4.033502"><ele>243.6</ele></trkpt>
    <trkpt lat="43.2577" lon="-4.033527"><ele>243.8</ele></trkpt>
    <trkpt lat="43.257707" lon="-4.033572"><ele>244.0</ele></trkpt>
    <trkpt lat="43.257715" lon="-4.033595"><ele>244.2</ele></trkpt>
    <trkpt lat="43.257732" lon="-4.033632"><ele>245.0</ele></trkpt>
    <trkpt lat="43.257747" lon="-4.033652"><ele>245.2</ele></trkpt>
    <trkpt lat="43.257765" lon="-4.033667"><ele>245.4</ele></trkpt>
    <trkpt lat="43.257782" lon="-4.03369"><ele>245.6</ele></trkpt>
    <trkpt lat="43.257802" lon="-4.033712"><ele>245.8</ele></trkpt>
    <trkpt lat="43.257832" lon="-4.033727"><ele>245.8</ele></trkpt>
    <trkpt lat="43.257857" lon="-4.03374"><ele>245.6</ele></trkpt>
    <trkpt lat="43.257885" lon="-4.033752"><ele>245.4</ele></trkpt>
    <trkpt lat="43.257912" lon="-4.033762"><ele>245.2</ele></trkpt>
    <trkpt lat="43.257937" lon="-4.033775"><ele>245.0</ele></trkpt>
    <trkpt lat="43.257962" lon="-4.033785"><ele>244.8</ele></trkpt>
    <trkpt lat="43.25799" lon="-4.033792"><ele>244.6</ele></trkpt>
    <trkpt lat="43.258017" lon="-4.033805"><ele>244.4</ele></trkpt>
    <trkpt lat="43.258042" lon="-4.033817"><ele>244.2</ele></trkpt>
    <trkpt lat="43.258067" lon="-4.033832"><ele>244.0</ele></trkpt>
    <trkpt lat="43.258092" lon="-4.033842"><ele>243.8</ele></trkpt>
    <trkpt lat="43.258117" lon="-4.033857"><ele>243.6</ele></trkpt>
    <trkpt lat="43.258138" lon="-4.03387"><ele>243.2</ele></trkpt>
    <trkpt lat="43.258165" lon="-4.033882"><ele>242.8</ele></trkpt>
    <trkpt lat="43.25819" lon="-4.033895"><ele>242.4</ele></trkpt>
    <trkpt lat="43.258212" lon="-4.03391"><ele>242.0</ele></trkpt>
    <trkpt lat="43.258237" lon="-4.033922"><ele>241.6</ele></trkpt>
    <trkpt lat="43.258257" lon="-4.033937"><ele>241.2</ele></trkpt>
    <trkpt lat="43.25828" lon="-4.033955"><ele>240.6</ele></trkpt>
    <trkpt lat="43.258302" lon="-4.033968"><ele>240.2</ele></trkpt>
    <trkpt lat="43.258322" lon="-4.033977"><ele>239.6</ele></trkpt>
    <trkpt lat="43.258345" lon="-4.033987"><ele>239.2</ele></trkpt>
    <trkpt lat="43.258367" lon="-4.033995"><ele>238.8</ele></trkpt>
    <trkpt lat="43.258392" lon="-4.034002"><ele>238.2</ele></trkpt>
    <trkpt lat="43.258417" lon="-4.034007"><ele>237.4</ele></trkpt>
    <trkpt lat="43.258445" lon="-4.034012"><ele>237.0</ele></trkpt>
    <trkpt lat="43.25847" lon="-4.034012"><ele>236.6</ele></trkpt>
    <trkpt lat="43.258495" lon="-4.03402"><ele>236.2</ele></trkpt>
    <trkpt lat="43.258517" lon="-4.034025"><ele>235.8</ele></trkpt>
    <trkpt lat="43.258542" lon="-4.034028"><ele>235.4</ele></trkpt>
    <trkpt lat="43.258565" lon="-4.034025"><ele>235.0</ele></trkpt>
    <trkpt lat="43.258588" lon="-4.034025"><ele>234.6</ele></trkpt>
    <trkpt lat="43.258612" lon="-4.034022"><ele>234.0</ele></trkpt>
    <trkpt lat="43.258637" lon="-4.034012"><ele>233.6</ele></trkpt>
    <trkpt lat="43.25866" lon="-4.033997"><ele>233.0</ele></trkpt>
    <trkpt lat="43.25868" lon="-4.033985"><ele>232.4</ele></trkpt>
    <trkpt lat="43.2587" lon="-4.033977"><ele>231.8</ele></trkpt>
    <trkpt lat="43.258725" lon="-4.033965"><ele>231.2</ele></trkpt>
    <trkpt lat="43.258747" lon="-4.033947"><ele>230.4</ele></trkpt>
    <trkpt lat="43.258772" lon="-4.033932"><ele>229.8</ele></trkpt>
    <trkpt lat="43.2588" lon="-4.033907"><ele>229.0</ele></trkpt>
    <trkpt lat="43.258825" lon="-4.03389"><ele>228.4</ele></trkpt>
    <trkpt lat="43.258852" lon="-4.033872"><ele>227.8</ele></trkpt>
    <trkpt lat="43.258877" lon="-4.033852"><ele>227.0</ele></trkpt>
    <trkpt lat="43.258902" lon="-4.033827"><ele>226.4</ele></trkpt>
    <trkpt lat="43.25893" lon="-4.033805"><ele>225.8</ele></trkpt>
    <trkpt lat="43.258957" lon="-4.033782"><ele>225.0</ele></trkpt>
    <trkpt lat="43.25898" lon="-4.033762"><ele>224.4</ele></trkpt>
    <trkpt lat="43.259002" lon="-4.033732"><ele>223.8</ele></trkpt>
    <trkpt lat="43.259027" lon="-4.033707"><ele>223.2</ele></trkpt>
    <trkpt lat="43.259052" lon="-4.033683"><ele>222.6</ele></trkpt>
    <trkpt lat="43.259077" lon="-4.03366"><ele>222.0</ele></trkpt>
    <trkpt lat="43.259105" lon="-4.033637"><ele>221.6</ele></trkpt>
    <trkpt lat="43.259135" lon="-4.033618"><ele>221.2</ele></trkpt>
    <trkpt lat="43.259165" lon="-4.033602"><ele>220.4</ele></trkpt>
    <trkpt lat="43.259193" lon="-4.033587"><ele>220.2</ele></trkpt>
    <trkpt lat="43.259222" lon="-4.033572"><ele>220.0</ele></trkpt>
    <trkpt lat="43.259252" lon="-4.033557"><ele>219.6</ele></trkpt>
    <trkpt lat="43.259275" lon="-4.033545"><ele>219.2</ele></trkpt>
    <trkpt lat="43.259302" lon="-4.033532"><ele>218.8</ele></trkpt>
    <trkpt lat="43.259327" lon="-4.03352"><ele>218.2</ele></trkpt>
    <trkpt lat="43.259352" lon="-4.033507"><ele>217.6</ele></trkpt>
    <trkpt lat="43.259377" lon="-4.033492"><ele>217.2</ele></trkpt>
    <trkpt lat="43.259402" lon="-4.033477"><ele>216.4</ele></trkpt>
    <trkpt lat="43.259422" lon="-4.033465"><ele>215.8</ele></trkpt>
    <trkpt lat="43.259445" lon="-4.033452"><ele>215.2</ele></trkpt>
    <trkpt lat="43.259467" lon="-4.033438"><ele>214.4</ele></trkpt>
    <trkpt lat="43.259492" lon="-4.033425"><ele>213.8</ele></trkpt>
    <trkpt lat="43.259512" lon="-4.03341"><ele>213.2</ele></trkpt>
    <trkpt lat="43.259537" lon="-4.033392"><ele>212.6</ele></trkpt>
    <trkpt lat="43.259562" lon="-4.033375"><ele>211.8</ele></trkpt>
    <trkpt lat="43.259587" lon="-4.033357"><ele>211.2</ele></trkpt>
    <trkpt lat="43.259607" lon="-4.033342"><ele>210.4</ele></trkpt>
    <trkpt lat="43.259632" lon="-4.03333"><ele>209.8</ele></trkpt>
    <trkpt lat="43.259657" lon="-4.033317"><ele>209.2</ele></trkpt>
    <trkpt lat="43.259687" lon="-4.033307"><ele>208.6</ele></trkpt>
    <trkpt lat="43.259712" lon="-4.033292"><ele>208.0</ele></trkpt>
    <trkpt lat="43.259737" lon="-4.03328"><ele>207.4</ele></trkpt>
    <trkpt lat="43.259762" lon="-4.033265"><ele>206.8</ele></trkpt>
    <trkpt lat="43.259782" lon="-4.033245"><ele>206.2</ele></trkpt>
    <trkpt lat="43.259802" lon="-4.033222"><ele>205.6</ele></trkpt>
    <trkpt lat="43.259822" lon="-4.0332"><ele>205.0</ele></trkpt>
    <trkpt lat="43.259842" lon="-4.033177"><ele>204.4</ele></trkpt>
    <trkpt lat="43.259862" lon="-4.033162"><ele>203.6</ele></trkpt>
    <trkpt lat="43.259882" lon="-4.033152"><ele>202.4</ele></trkpt>
    <trkpt lat="43.259905" lon="-4.033152"><ele>201.8</ele></trkpt>
    <trkpt lat="43.259925" lon="-4.033157"><ele>201.2</ele></trkpt>
    <trkpt lat="43.259942" lon="-4.033167"><ele>200.6</ele></trkpt>
    <trkpt lat="43.259957" lon="-4.03318"><ele>200.0</ele></trkpt>
    <trkpt lat="43.259977" lon="-4.033197"><ele>199.6</ele></trkpt>
    <trkpt lat="43.259997" lon="-4.033217"><ele>199.0</ele></trkpt>
    <trkpt lat="43.260017" lon="-4.033237"><ele>198.6</ele></trkpt>
    <trkpt lat="43.260037" lon="-4.033262"><ele>198.0</ele></trkpt>
    <trkpt lat="43.260055" lon="-4.03329"><ele>197.4</ele></trkpt>
    <trkpt lat="43.260072" lon="-4.033312"><ele>196.8</ele></trkpt>
    <trkpt lat="43.260085" lon="-4.033342"><ele>196.4</ele></trkpt>
    <trkpt lat="43.260097" lon="-4.033367"><ele>195.8</ele></trkpt>
    <trkpt lat="43.260115" lon="-4.03339"><ele>195.2</ele></trkpt>
    <trkpt lat="43.26013" lon="-4.033407"><ele>194.8</ele></trkpt>
    <trkpt lat="43.260145" lon="-4.033427"><ele>194.2</ele></trkpt>
    <trkpt lat="43.260162" lon="-4.033442"><ele>193.6</ele></trkpt>
    <trkpt lat="43.260178" lon="-4.033457"><ele>193.0</ele></trkpt>
    <trkpt lat="43.2602" lon="-4.03347"><ele>192.4</ele></trkpt>
    <trkpt lat="43.260222" lon="-4.033482"><ele>191.8</ele></trkpt>
    <trkpt lat="43.260242" lon="-4.033488"><ele>191.4</ele></trkpt>
    <trkpt lat="43.260263" lon="-4.033497"><ele>190.8</ele></trkpt>
    <trkpt lat="43.260287" lon="-4.033502"><ele>190.2</ele></trkpt>
    <trkpt lat="43.260312" lon="-4.033497"><ele>189.6</ele></trkpt>
    <trkpt lat="43.260332" lon="-4.033487"><ele>189.2</ele></trkpt>
    <trkpt lat="43.260355" lon="-4.033472"><ele>188.8</ele></trkpt>
    <trkpt lat="43.260377" lon="-4.033457"><ele>188.2</ele></trkpt>
    <trkpt lat="43.260402" lon="-4.033445"><ele>187.6</ele></trkpt>
    <trkpt lat="43.260425" lon="-4.033432"><ele>187.0</ele></trkpt>
    <trkpt lat="43.260445" lon="-4.033418"><ele>186.6</ele></trkpt>
    <trkpt lat="43.260467" lon="-4.033407"><ele>185.8</ele></trkpt>
    <trkpt lat="43.260487" lon="-4.033393"><ele>185.2</ele></trkpt>
    <trkpt lat="43.26051" lon="-4.033385"><ele>184.8</ele></trkpt>
    <trkpt lat="43.260532" lon="-4.033367"><ele>184.2</ele></trkpt>
    <trkpt lat="43.260555" lon="-4.033347"><ele>183.8</ele></trkpt>
    <trkpt lat="43.260577" lon="-4.033322"><ele>183.2</ele></trkpt>
    <trkpt lat="43.260595" lon="-4.033297"><ele>182.6</ele></trkpt>
    <trkpt lat="43.260612" lon="-4.033282"><ele>182.0</ele></trkpt>
    <trkpt lat="43.26063" lon="-4.033272"><ele>181.8</ele></trkpt>
    <trkpt lat="43.260652" lon="-4.033265"><ele>181.4</ele></trkpt>
    <trkpt lat="43.26067" lon="-4.033257"><ele>181.2</ele></trkpt>
    <trkpt lat="43.26069" lon="-4.033257"><ele>181.0</ele></trkpt>
    <trkpt lat="43.260722" lon="-4.033262"><ele>180.4</ele></trkpt>
    <trkpt lat="43.260737" lon="-4.033272"><ele>180.2</ele></trkpt>
    <trkpt lat="43.26076" lon="-4.03329"><ele>179.8</ele></trkpt>
    <trkpt lat="43.260777" lon="-4.033312"><ele>179.6</ele></trkpt>
    <trkpt lat="43.260795" lon="-4.033333"><ele>179.0</ele></trkpt>
    <trkpt lat="43.26081" lon="-4.03336"><ele>178.6</ele></trkpt>
    <trkpt lat="43.260825" lon="-4.033387"><ele>178.2</ele></trkpt>
    <trkpt lat="43.260842" lon="-4.033412"><ele>177.8</ele></trkpt>
    <trkpt lat="43.26086" lon="-4.033432"><ele>177.2</ele></trkpt>
    <trkpt lat="43.260868" lon="-4.033452"><ele>176.6</ele></trkpt>
    <trkpt lat="43.260885" lon="-4.033472"><ele>176.2</ele></trkpt>
    <trkpt lat="43.260897" lon="-4.033492"><ele>175.6</ele></trkpt>
    <trkpt lat="43.260922" lon="-4.033515"><ele>174.4</ele></trkpt>
    <trkpt lat="43.26095" lon="-4.033552"><ele>173.2</ele></trkpt>
    <trkpt lat="43.26097" lon="-4.033582"><ele>171.6</ele></trkpt>
    <trkpt lat="43.260987" lon="-4.033612"><ele>170.6</ele></trkpt>
    <trkpt lat="43.261" lon="-4.033635"><ele>169.6</ele></trkpt>
    <trkpt lat="43.261017" lon="-4.033648"><ele>168.6</ele></trkpt>
    <trkpt lat="43.261032" lon="-4.033675"><ele>167.4</ele></trkpt>
    <trkpt lat="43.261047" lon="-4.0337"><ele>166.4</ele></trkpt>
    <trkpt lat="43.261062" lon="-4.033727"><ele>165.8</ele></trkpt>
    <trkpt lat="43.261077" lon="-4.033757"><ele>165.2</ele></trkpt>
    <trkpt lat="43.261087" lon="-4.033787"><ele>164.6</ele></trkpt>
    <trkpt lat="43.261102" lon="-4.033817"><ele>162.4</ele></trkpt>
    <trkpt lat="43.261125" lon="-4.033832"><ele>161.8</ele></trkpt>
    <trkpt lat="43.261157" lon="-4.033838"><ele>161.2</ele></trkpt>
    <trkpt lat="43.261185" lon="-4.033838"><ele>160.8</ele></trkpt>
    <trkpt lat="43.261207" lon="-4.03385"><ele>160.2</ele></trkpt>
    <trkpt lat="43.261227" lon="-4.033862"><ele>159.8</ele></trkpt>
    <trkpt lat="43.261247" lon="-4.033877"><ele>159.2</ele></trkpt>
    <trkpt lat="43.261272" lon="-4.033897"><ele>158.6</ele></trkpt>
    <trkpt lat="43.261287" lon="-4.033922"><ele>158.0</ele></trkpt>
    <trkpt lat="43.261305" lon="-4.033952"><ele>157.4</ele></trkpt>
    <trkpt lat="43.261327" lon="-4.033982"><ele>156.4</ele></trkpt>
    <trkpt lat="43.261352" lon="-4.033995"><ele>155.2</ele></trkpt>
    <trkpt lat="43.261382" lon="-4.034017"><ele>153.6</ele></trkpt>
    <trkpt lat="43.261402" lon="-4.03402"><ele>152.6</ele></trkpt>
    <trkpt lat="43.26142" lon="-4.034042"><ele>151.6</ele></trkpt>
    <trkpt lat="43.261432" lon="-4.03406"><ele>151.2</ele></trkpt>
    <trkpt lat="43.26145" lon="-4.034077"><ele>150.8</ele></trkpt>
    <trkpt lat="43.261477" lon="-4.034105"><ele>150.2</ele></trkpt>
    <trkpt lat="43.261492" lon="-4.034122"><ele>150.0</ele></trkpt>
    <trkpt lat="43.261517" lon="-4.034135"><ele>149.8</ele></trkpt>
    <trkpt lat="43.261552" lon="-4.034145"><ele>149.4</ele></trkpt>
    <trkpt lat="43.26158" lon="-4.034152"><ele>149.2</ele></trkpt>
    <trkpt lat="43.2616" lon="-4.034158"><ele>148.8</ele></trkpt>
    <trkpt lat="43.26162" lon="-4.034172"><ele>148.2</ele></trkpt>
    <trkpt lat="43.261647" lon="-4.034182"><ele>148.4</ele></trkpt>
    <trkpt lat="43.261677" lon="-4.034202"><ele>148.6</ele></trkpt>
    <trkpt lat="43.261707" lon="-4.034232"><ele>148.4</ele></trkpt>
    <trkpt lat="43.261735" lon="-4.034257"><ele>148.0</ele></trkpt>
    <trkpt lat="43.261752" lon="-4.034282"><ele>147.2</ele></trkpt>
    <trkpt lat="43.261772" lon="-4.034317"><ele>146.6</ele></trkpt>
    <trkpt lat="43.26179" lon="-4.034342"><ele>146.0</ele></trkpt>
    <trkpt lat="43.261812" lon="-4.034365"><ele>145.6</ele></trkpt>
    <trkpt lat="43.261835" lon="-4.034395"><ele>145.0</ele></trkpt>
    <trkpt lat="43.261857" lon="-4.034427"><ele>144.4</ele></trkpt>
    <trkpt lat="43.26188" lon="-4.034457"><ele>143.6</ele></trkpt>
    <trkpt lat="43.261895" lon="-4.03449"><ele>142.8</ele></trkpt>
    <trkpt lat="43.261905" lon="-4.034517"><ele>142.2</ele></trkpt>
    <trkpt lat="43.261912" lon="-4.03456"><ele>141.6</ele></trkpt>
    <trkpt lat="43.26192" lon="-4.0346"><ele>141.8</ele></trkpt>
    <trkpt lat="43.261922" lon="-4.03464"><ele>142.0</ele></trkpt>
    <trkpt lat="43.261932" lon="-4.034662"><ele>142.4</ele></trkpt>
    <trkpt lat="43.261957" lon="-4.034687"><ele>143.2</ele></trkpt>
    <trkpt lat="43.261972" lon="-4.034707"><ele>143.4</ele></trkpt>
    <trkpt lat="43.26199" lon="-4.034732"><ele>143.4</ele></trkpt>
    <trkpt lat="43.262002" lon="-4.03476"><ele>143.6</ele></trkpt>
    <trkpt lat="43.262017" lon="-4.034782"><ele>143.6</ele></trkpt>
    <trkpt lat="43.262032" lon="-4.034807"><ele>143.6</ele></trkpt>
    <trkpt lat="43.262047" lon="-4.03483"><ele>143.6</ele></trkpt>
    <trkpt lat="43.262062" lon="-4.034848"><ele>143.6</ele></trkpt>
    <trkpt lat="43.262085" lon="-4.034872"><ele>143.8</ele></trkpt>
    <trkpt lat="43.2621" lon="-4.034897"><ele>143.8</ele></trkpt>
    <trkpt lat="43.26211" lon="-4.034927"><ele>143.8</ele></trkpt>
    <trkpt lat="43.262132" lon="-4.034967"><ele>143.6</ele></trkpt>
    <trkpt lat="43.262147" lon="-4.034983"><ele>143.4</ele></trkpt>
    <trkpt lat="43.26217" lon="-4.035"><ele>143.4</ele></trkpt>
    <trkpt lat="43.262197" lon="-4.035012"><ele>143.4</ele></trkpt>
    <trkpt lat="43.262217" lon="-4.035028"><ele>143.4</ele></trkpt>
    <trkpt lat="43.262232" lon="-4.035047"><ele>143.2</ele></trkpt>
    <trkpt lat="43.26225" lon="-4.035062"><ele>143.0</ele></trkpt>
    <trkpt lat="43.262267" lon="-4.035078"><ele>142.6</ele></trkpt>
    <trkpt lat="43.262287" lon="-4.035095"><ele>142.4</ele></trkpt>
    <trkpt lat="43.262307" lon="-4.035112"><ele>142.0</ele></trkpt>
    <trkpt lat="43.262325" lon="-4.035132"><ele>141.8</ele></trkpt>
    <trkpt lat="43.262342" lon="-4.035157"><ele>141.4</ele></trkpt>
    <trkpt lat="43.262362" lon="-4.03518"><ele>140.8</ele></trkpt>
    <trkpt lat="43.262382" lon="-4.035207"><ele>140.6</ele></trkpt>
    <trkpt lat="43.262405" lon="-4.035227"><ele>140.2</ele></trkpt>
    <trkpt lat="43.26242" lon="-4.035257"><ele>140.0</ele></trkpt>
    <trkpt lat="43.262432" lon="-4.03529"><ele>139.8</ele></trkpt>
    <trkpt lat="43.262442" lon="-4.035327"><ele>139.6</ele></trkpt>
    <trkpt lat="43.262455" lon="-4.035357"><ele>139.4</ele></trkpt>
    <trkpt lat="43.262462" lon="-4.035395"><ele>138.8</ele></trkpt>
    <trkpt lat="43.262475" lon="-4.035427"><ele>138.2</ele></trkpt>
    <trkpt lat="43.262482" lon="-4.035455"><ele>138.0</ele></trkpt>
    <trkpt lat="43.262492" lon="-4.035482"><ele>137.0</ele></trkpt>
    <trkpt lat="43.262502" lon="-4.035507"><ele>136.6</ele></trkpt>
    <trkpt lat="43.262505" lon="-4.03555"><ele>136.6</ele></trkpt>
    <trkpt lat="43.262507" lon="-4.035577"><ele>136.6</ele></trkpt>
    <trkpt lat="43.262507" lon="-4.03561"><ele>136.6</ele></trkpt>
    <trkpt lat="43.26251" lon="-4.035642"><ele>136.4</ele></trkpt>
    <trkpt lat="43.262507" lon="-4.03568"><ele>136.0</ele></trkpt>
    <trkpt lat="43.262502" lon="-4.035722"><ele>136.2</ele></trkpt>
    <trkpt lat="43.262497" lon="-4.035757"><ele>136.2</ele></trkpt>
    <trkpt lat="43.262487" lon="-4.03579"><ele>136.0</ele></trkpt>
    <trkpt lat="43.262487" lon="-4.035827"><ele>135.8</ele></trkpt>
    <trkpt lat="43.262492" lon="-4.03586"><ele>135.6</ele></trkpt>
    <trkpt lat="43.262502" lon="-4.035892"><ele>135.4</ele></trkpt>
    <trkpt lat="43.262515" lon="-4.035928"><ele>135.2</ele></trkpt>
    <trkpt lat="43.262532" lon="-4.035965"><ele>135.2</ele></trkpt>
    <trkpt lat="43.262547" lon="-4.036007"><ele>135.0</ele></trkpt>
    <trkpt lat="43.262565" lon="-4.036032"><ele>135.0</ele></trkpt>
    <trkpt lat="43.26258" lon="-4.036062"><ele>135.0</ele></trkpt>
    <trkpt lat="43.262602" lon="-4.036092"><ele>135.0</ele></trkpt>
    <trkpt lat="43.262625" lon="-4.03612"><ele>134.8</ele></trkpt>
    <trkpt lat="43.26264" lon="-4.036152"><ele>134.8</ele></trkpt>
    <trkpt lat="43.262652" lon="-4.03619"><ele>134.6</ele></trkpt>
    <trkpt lat="43.262665" lon="-4.036223"><ele>134.4</ele></trkpt>
    <trkpt lat="43.262677" lon="-4.036257"><ele>134.4</ele></trkpt>
    <trkpt lat="43.262692" lon="-4.036287"><ele>134.4</ele></trkpt>
    <trkpt lat="43.262702" lon="-4.036317"><ele>134.2</ele></trkpt>
    <trkpt lat="43.262715" lon="-4.036347"><ele>134.2</ele></trkpt>
    <trkpt lat="43.262727" lon="-4.036373"><ele>134.2</ele></trkpt>
    <trkpt lat="43.262737" lon="-4.03641"><ele>134.0</ele></trkpt>
    <trkpt lat="43.262745" lon="-4.036447"><ele>134.0</ele></trkpt>
    <trkpt lat="43.26275" lon="-4.036482"><ele>134.0</ele></trkpt>
    <trkpt lat="43.262757" lon="-4.036512"><ele>134.0</ele></trkpt>
    <trkpt lat="43.262765" lon="-4.036538"><ele>133.8</ele></trkpt>
    <trkpt lat="43.262777" lon="-4.036577"><ele>133.8</ele></trkpt>
    <trkpt lat="43.262777" lon="-4.036612"><ele>133.8</ele></trkpt>
    <trkpt lat="43.262777" lon="-4.036648"><ele>133.8</ele></trkpt>
    <trkpt lat="43.262772" lon="-4.036687"><ele>133.4</ele></trkpt>
    <trkpt lat="43.26276" lon="-4.036717"><ele>133.4</ele></trkpt>
    <trkpt lat="43.262757" lon="-4.036755"><ele>133.4</ele></trkpt>
    <trkpt lat="43.262762" lon="-4.036787"><ele>133.4</ele></trkpt>
    <trkpt lat="43.262765" lon="-4.036822"><ele>133.4</ele></trkpt>
    <trkpt lat="43.26277" lon="-4.03685"><ele>133.4</ele></trkpt>
    <trkpt lat="43.262777" lon="-4.036887"><ele>133.4</ele></trkpt>
    <trkpt lat="43.262787" lon="-4.036927"><ele>133.4</ele></trkpt>
    <trkpt lat="43.262795" lon="-4.036957"><ele>133.4</ele></trkpt>
    <trkpt lat="43.2628" lon="-4.036997"><ele>133.4</ele></trkpt>
    <trkpt lat="43.262807" lon="-4.037037"><ele>133.4</ele></trkpt>
    <trkpt lat="43.262822" lon="-4.037077"><ele>133.4</ele></trkpt>
    <trkpt lat="43.262837" lon="-4.037117"><ele>133.4</ele></trkpt>
    <trkpt lat="43.262852" lon="-4.037147"><ele>133.4</ele></trkpt>
    <trkpt lat="43.26287" lon="-4.037185"><ele>133.4</ele></trkpt>
    <trkpt lat="43.262885" lon="-4.037212"><ele>133.2</ele></trkpt>
    <trkpt lat="43.262902" lon="-4.037222"><ele>133.2</ele></trkpt>
    <trkpt lat="43.262927" lon="-4.037222"><ele>133.0</ele></trkpt>
    <trkpt lat="43.262955" lon="-4.037212"><ele>133.0</ele></trkpt>
    <trkpt lat="43.262977" lon="-4.037195"><ele>133.0</ele></trkpt>
    <trkpt lat="43.263005" lon="-4.037175"><ele>132.8</ele></trkpt>
    <trkpt lat="43.263032" lon="-4.037157"><ele>132.6</ele></trkpt>
    <trkpt lat="43.263057" lon="-4.037142"><ele>132.6</ele></trkpt>
    <trkpt lat="43.263077" lon="-4.037123"><ele>132.6</ele></trkpt>
    <trkpt lat="43.263097" lon="-4.037112"><ele>132.6</ele></trkpt>
    <trkpt lat="43.263117" lon="-4.037093"><ele>132.6</ele></trkpt>
    <trkpt lat="43.263147" lon="-4.03707"><ele>132.8</ele></trkpt>
    <trkpt lat="43.263172" lon="-4.037045"><ele>132.8</ele></trkpt>
    <trkpt lat="43.263195" lon="-4.037012"><ele>132.8</ele></trkpt>
    <trkpt lat="43.263217" lon="-4.036982"><ele>132.6</ele></trkpt>
    <trkpt lat="43.263242" lon="-4.03696"><ele>132.6</ele></trkpt>
    <trkpt lat="43.263262" lon="-4.036937"><ele>132.6</ele></trkpt>
    <trkpt lat="43.26328" lon="-4.036913"><ele>132.6</ele></trkpt>
    <trkpt lat="43.263297" lon="-4.036892"><ele>132.6</ele></trkpt>
    <trkpt lat="43.263317" lon="-4.036877"><ele>132.6</ele></trkpt>
    <trkpt lat="43.263342" lon="-4.036862"><ele>132.8</ele></trkpt>
    <trkpt lat="43.263367" lon="-4.036845"><ele>133.2</ele></trkpt>
    <trkpt lat="43.263392" lon="-4.036832"><ele>133.4</ele></trkpt>
    <trkpt lat="43.263422" lon="-4.036832"><ele>133.6</ele></trkpt>
    <trkpt lat="43.263447" lon="-4.036837"><ele>133.6</ele></trkpt>
    <trkpt lat="43.263475" lon="-4.036838"><ele>133.8</ele></trkpt>
    <trkpt lat="43.263497" lon="-4.036852"><ele>133.8</ele></trkpt>
    <trkpt lat="43.263517" lon="-4.036872"><ele>134.0</ele></trkpt>
    <trkpt lat="43.263537" lon="-4.036892"><ele>134.4</ele></trkpt>
    <trkpt lat="43.263557" lon="-4.036912"><ele>134.6</ele></trkpt>
    <trkpt lat="43.263575" lon="-4.036937"><ele>135.0</ele></trkpt>
    <trkpt lat="43.26359" lon="-4.036962"><ele>135.2</ele></trkpt>
    <trkpt lat="43.263607" lon="-4.036983"><ele>135.6</ele></trkpt>
    <trkpt lat="43.263622" lon="-4.037017"><ele>136.0</ele></trkpt>
    <trkpt lat="43.263637" lon="-4.037042"><ele>136.2</ele></trkpt>
    <trkpt lat="43.263652" lon="-4.037067"><ele>136.4</ele></trkpt>
    <trkpt lat="43.263665" lon="-4.037092"><ele>136.6</ele></trkpt>
    <trkpt lat="43.26368" lon="-4.037112"><ele>136.8</ele></trkpt>
    <trkpt lat="43.263692" lon="-4.037135"><ele>137.2</ele></trkpt>
    <trkpt lat="43.2637" lon="-4.03716"><ele>137.4</ele></trkpt>
    <trkpt lat="43.263707" lon="-4.037185"><ele>137.4</ele></trkpt>
    <trkpt lat="43.263715" lon="-4.037212"><ele>137.6</ele></trkpt>
    <trkpt lat="43.263722" lon="-4.037245"><ele>137.8</ele></trkpt>
    <trkpt lat="43.263727" lon="-4.03728"><ele>138.2</ele></trkpt>
    <trkpt lat="43.263717" lon="-4.037303"><ele>138.2</ele></trkpt>
    <trkpt lat="43.263717" lon="-4.037337"><ele>138.8</ele></trkpt>
    <trkpt lat="43.263712" lon="-4.037362"><ele>139.2</ele></trkpt>
    <trkpt lat="43.263715" lon="-4.037392"><ele>139.6</ele></trkpt>
    <trkpt lat="43.263707" lon="-4.037422"><ele>139.8</ele></trkpt>
    <trkpt lat="43.2637" lon="-4.037452"><ele>140.0</ele></trkpt>
    <trkpt lat="43.263695" lon="-4.03748"><ele>140.2</ele></trkpt>
    <trkpt lat="43.263692" lon="-4.037507"><ele>140.0</ele></trkpt>
    <trkpt lat="43.263692" lon="-4.037537"><ele>139.8</ele></trkpt>
    <trkpt lat="43.263692" lon="-4.037568"><ele>140.0</ele></trkpt>
    <trkpt lat="43.263687" lon="-4.037605"><ele>140.2</ele></trkpt>
    <trkpt lat="43.263682" lon="-4.037645"><ele>140.2</ele></trkpt>
    <trkpt lat="43.263687" lon="-4.037672"><ele>140.2</ele></trkpt>
    <trkpt lat="43.26369" lon="-4.037707"><ele>140.2</ele></trkpt>
    <trkpt lat="43.263692" lon="-4.037747"><ele>140.0</ele></trkpt>
    <trkpt lat="43.263697" lon="-4.037782"><ele>140.0</ele></trkpt>
    <trkpt lat="43.263695" lon="-4.037827"><ele>140.0</ele></trkpt>
    <trkpt lat="43.263697" lon="-4.037862"><ele>140.0</ele></trkpt>
    <trkpt lat="43.263712" lon="-4.037905"><ele>140.2</ele></trkpt>
    <trkpt lat="43.263722" lon="-4.037952"><ele>140.4</ele></trkpt>
    <trkpt lat="43.263735" lon="-4.037982"><ele>140.4</ele></trkpt>
    <trkpt lat="43.263745" lon="-4.038012"><ele>140.4</ele></trkpt>
    <trkpt lat="43.263757" lon="-4.038045"><ele>140.6</ele></trkpt>
    <trkpt lat="43.263772" lon="-4.038077"><ele>140.6</ele></trkpt>
    <trkpt lat="43.263785" lon="-4.038107"><ele>140.6</ele></trkpt>
    <trkpt lat="43.263797" lon="-4.038142"><ele>140.6</ele></trkpt>
    <trkpt lat="43.263802" lon="-4.038177"><ele>140.4</ele></trkpt>
    <trkpt lat="43.263812" lon="-4.038212"><ele>140.6</ele></trkpt>
    <trkpt lat="43.263812" lon="-4.038247"><ele>140.4</ele></trkpt>
    <trkpt lat="43.263817" lon="-4.03828"><ele>140.6</ele></trkpt>
    <trkpt lat="43.263817" lon="-4.03831"><ele>140.6</ele></trkpt>
    <trkpt lat="43.263817" lon="-4.038342"><ele>140.8</ele></trkpt>
    <trkpt lat="43.26382" lon="-4.038372"><ele>141.0</ele></trkpt>
    <trkpt lat="43.263817" lon="-4.038402"><ele>141.2</ele></trkpt>
    <trkpt lat="43.263822" lon="-4.038432"><ele>141.4</ele></trkpt>
    <trkpt lat="43.263823" lon="-4.038458"><ele>141.4</ele></trkpt>
    <trkpt lat="43.263823" lon="-4.038492"><ele>141.6</ele></trkpt>
    <trkpt lat="43.263827" lon="-4.038522"><ele>141.8</ele></trkpt>
    <trkpt lat="43.263827" lon="-4.038552"><ele>142.0</ele></trkpt>
    <trkpt lat="43.263827" lon="-4.038582"><ele>142.2</ele></trkpt>
    <trkpt lat="43.263822" lon="-4.038612"><ele>142.4</ele></trkpt>
    <trkpt lat="43.26382" lon="-4.038647"><ele>142.8</ele></trkpt>
    <trkpt lat="43.263832" lon="-4.03868"><ele>144.2</ele></trkpt>
    <trkpt lat="43.263832" lon="-4.038722"><ele>144.0</ele></trkpt>
    <trkpt lat="43.263827" lon="-4.038747"><ele>144.0</ele></trkpt>
    <trkpt lat="43.263822" lon="-4.038772"><ele>144.0</ele></trkpt>
    <trkpt lat="43.263817" lon="-4.038802"><ele>144.0</ele></trkpt>
    <trkpt lat="43.263812" lon="-4.038832"><ele>144.0</ele></trkpt>
    <trkpt lat="43.263802" lon="-4.038865"><ele>144.0</ele></trkpt>
    <trkpt lat="43.263797" lon="-4.038897"><ele>144.2</ele></trkpt>
    <trkpt lat="43.263795" lon="-4.038927"><ele>144.4</ele></trkpt>
    <trkpt lat="43.263792" lon="-4.038953"><ele>144.4</ele></trkpt>
    <trkpt lat="43.263797" lon="-4.038978"><ele>144.6</ele></trkpt>
    <trkpt lat="43.263795" lon="-4.039017"><ele>145.0</ele></trkpt>
    <trkpt lat="43.263805" lon="-4.039045"><ele>145.4</ele></trkpt>
    <trkpt lat="43.263817" lon="-4.039063"><ele>146.4</ele></trkpt>
    <trkpt lat="43.263842" lon="-4.039092"><ele>146.6</ele></trkpt>
    <trkpt lat="43.26385" lon="-4.039117"><ele>147.0</ele></trkpt>
    <trkpt lat="43.263867" lon="-4.039162"><ele>147.2</ele></trkpt>
    <trkpt lat="43.263877" lon="-4.039187"><ele>147.2</ele></trkpt>
    <trkpt lat="43.26389" lon="-4.039208"><ele>147.2</ele></trkpt>
    <trkpt lat="43.26391" lon="-4.039247"><ele>147.4</ele></trkpt>
    <trkpt lat="43.263925" lon="-4.039295"><ele>147.8</ele></trkpt>
    <trkpt lat="43.263932" lon="-4.039322"><ele>147.8</ele></trkpt>
    <trkpt lat="43.263937" lon="-4.039355"><ele>148.0</ele></trkpt>
    <trkpt lat="43.263942" lon="-4.039387"><ele>148.2</ele></trkpt>
    <trkpt lat="43.26395" lon="-4.039422"><ele>148.4</ele></trkpt>
    <trkpt lat="43.263955" lon="-4.039455"><ele>148.4</ele></trkpt>
    <trkpt lat="43.26396" lon="-4.03949"><ele>148.4</ele></trkpt>
    <trkpt lat="43.263967" lon="-4.039527"><ele>148.6</ele></trkpt>
    <trkpt lat="43.263972" lon="-4.039562"><ele>148.4</ele></trkpt>
    <trkpt lat="43.263977" lon="-4.039603"><ele>148.4</ele></trkpt>
    <trkpt lat="43.263987" lon="-4.039642"><ele>148.4</ele></trkpt>
    <trkpt lat="43.263992" lon="-4.039677"><ele>148.2</ele></trkpt>
    <trkpt lat="43.264" lon="-4.039717"><ele>148.2</ele></trkpt>
    <trkpt lat="43.264007" lon="-4.039755"><ele>148.2</ele></trkpt>
    <trkpt lat="43.264012" lon="-4.039792"><ele>148.0</ele></trkpt>
    <trkpt lat="43.26402" lon="-4.039832"><ele>147.8</ele></trkpt>
    <trkpt lat="43.264025" lon="-4.03987"><ele>147.6</ele></trkpt>
    <trkpt lat="43.26403" lon="-4.039908"><ele>147.4</ele></trkpt>
    <trkpt lat="43.264035" lon="-4.039947"><ele>147.4</ele></trkpt>
    <trkpt lat="43.264037" lon="-4.039982"><ele>147.2</ele></trkpt>
    <trkpt lat="43.264042" lon="-4.040022"><ele>147.2</ele></trkpt>
    <trkpt lat="43.264047" lon="-4.040057"><ele>147.2</ele></trkpt>
    <trkpt lat="43.264048" lon="-4.040092"><ele>147.2</ele></trkpt>
    <trkpt lat="43.264052" lon="-4.040132"><ele>147.0</ele></trkpt>
    <trkpt lat="43.264057" lon="-4.040172"><ele>147.0</ele></trkpt>
    <trkpt lat="43.264057" lon="-4.040207"><ele>146.8</ele></trkpt>
    <trkpt lat="43.26406" lon="-4.040245"><ele>146.8</ele></trkpt>
    <trkpt lat="43.264062" lon="-4.040285"><ele>146.6</ele></trkpt>
    <trkpt lat="43.264067" lon="-4.040327"><ele>146.6</ele></trkpt>
    <trkpt lat="43.264077" lon="-4.040367"><ele>146.4</ele></trkpt>
    <trkpt lat="43.264082" lon="-4.04041"><ele>146.2</ele></trkpt>
    <trkpt lat="43.264092" lon="-4.040448"><ele>146.0</ele></trkpt>
    <trkpt lat="43.264097" lon="-4.04049"><ele>146.0</ele></trkpt>
    <trkpt lat="43.264105" lon="-4.040535"><ele>145.8</ele></trkpt>
    <trkpt lat="43.264112" lon="-4.040577"><ele>145.6</ele></trkpt>
    <trkpt lat="43.264122" lon="-4.040617"><ele>145.2</ele></trkpt>
    <trkpt lat="43.264132" lon="-4.040662"><ele>145.0</ele></trkpt>
    <trkpt lat="43.264137" lon="-4.040702"><ele>144.8</ele></trkpt>
    <trkpt lat="43.264147" lon="-4.040742"><ele>144.6</ele></trkpt>
    <trkpt lat="43.264157" lon="-4.040778"><ele>144.4</ele></trkpt>
    <trkpt lat="43.264165" lon="-4.040817"><ele>144.2</ele></trkpt>
    <trkpt lat="43.264172" lon="-4.040857"><ele>144.0</ele></trkpt>
    <trkpt lat="43.264177" lon="-4.040887"><ele>144.0</ele></trkpt>
    <trkpt lat="43.264185" lon="-4.040923"><ele>143.8</ele></trkpt>
    <trkpt lat="43.264195" lon="-4.040958"><ele>143.6</ele></trkpt>
    <trkpt lat="43.264202" lon="-4.040988"><ele>143.6</ele></trkpt>
    <trkpt lat="43.264212" lon="-4.041027"><ele>143.6</ele></trkpt>
    <trkpt lat="43.26422" lon="-4.04106"><ele>143.6</ele></trkpt>
    <trkpt lat="43.26423" lon="-4.041092"><ele>143.6</ele></trkpt>
    <trkpt lat="43.26424" lon="-4.041128"><ele>143.6</ele></trkpt>
    <trkpt lat="43.264247" lon="-4.041162"><ele>143.6</ele></trkpt>
    <trkpt lat="43.264252" lon="-4.0412"><ele>143.6</ele></trkpt>
    <trkpt lat="43.264257" lon="-4.041237"><ele>143.6</ele></trkpt>
    <trkpt lat="43.26426" lon="-4.04127"><ele>143.4</ele></trkpt>
    <trkpt lat="43.264262" lon="-4.041308"><ele>143.6</ele></trkpt>
    <trkpt lat="43.264265" lon="-4.041342"><ele>143.4</ele></trkpt>
    <trkpt lat="43.264265" lon="-4.041377"><ele>143.4</ele></trkpt>
    <trkpt lat="43.264262" lon="-4.041412"><ele>143.4</ele></trkpt>
    <trkpt lat="43.264265" lon="-4.041442"><ele>143.4</ele></trkpt>
    <trkpt lat="43.264272" lon="-4.041472"><ele>143.6</ele></trkpt>
    <trkpt lat="43.26429" lon="-4.041492"><ele>143.6</ele></trkpt>
    <trkpt lat="43.264307" lon="-4.041497"><ele>143.6</ele></trkpt>
    <trkpt lat="43.26433" lon="-4.041495"><ele>143.8</ele></trkpt>
    <trkpt lat="43.264352" lon="-4.041487"><ele>143.8</ele></trkpt>
    <trkpt lat="43.264377" lon="-4.041482"><ele>144.0</ele></trkpt>
    <trkpt lat="43.264402" lon="-4.041477"><ele>144.2</ele></trkpt>
    <trkpt lat="43.264425" lon="-4.041472"><ele>144.4</ele></trkpt>
    <trkpt lat="43.264447" lon="-4.041472"><ele>144.6</ele></trkpt>
    <trkpt lat="43.26447" lon="-4.041463"><ele>144.6</ele></trkpt>
    <trkpt lat="43.26449" lon="-4.041457"><ele>145.0</ele></trkpt>
    <trkpt lat="43.264515" lon="-4.041452"><ele>145.2</ele></trkpt>
    <trkpt lat="43.264537" lon="-4.041447"><ele>145.4</ele></trkpt>
    <trkpt lat="43.264562" lon="-4.041447"><ele>145.4</ele></trkpt>
    <trkpt lat="43.264587" lon="-4.041442"><ele>145.6</ele></trkpt>
    <trkpt lat="43.264607" lon="-4.041433"><ele>145.8</ele></trkpt>
    <trkpt lat="43.264627" lon="-4.041427"><ele>145.8</ele></trkpt>
    <trkpt lat="43.264647" lon="-4.041412"><ele>146.0</ele></trkpt>
    <trkpt lat="43.264665" lon="-4.041397"><ele>146.2</ele></trkpt>
    <trkpt lat="43.264685" lon="-4.041387"><ele>146.2</ele></trkpt>
    <trkpt lat="43.264702" lon="-4.041375"><ele>146.4</ele></trkpt>
    <trkpt lat="43.264722" lon="-4.041368"><ele>146.4</ele></trkpt>
    <trkpt lat="43.264742" lon="-4.041362"><ele>146.6</ele></trkpt>
    <trkpt lat="43.264762" lon="-4.04136"><ele>146.8</ele></trkpt>
    <trkpt lat="43.264782" lon="-4.041355"><ele>147.0</ele></trkpt>
    <trkpt lat="43.264805" lon="-4.041355"><ele>147.2</ele></trkpt>
    <trkpt lat="43.264825" lon="-4.041357"><ele>147.4</ele></trkpt>
    <trkpt lat="43.264862" lon="-4.041362"><ele>147.8</ele></trkpt>
    <trkpt lat="43.264885" lon="-4.041367"><ele>148.0</ele></trkpt>
    <trkpt lat="43.26491" lon="-4.041372"><ele>148.0</ele></trkpt>
    <trkpt lat="43.264927" lon="-4.041377"><ele>148.2</ele></trkpt>
    <trkpt lat="43.264947" lon="-4.041382"><ele>148.2</ele></trkpt>
    <trkpt lat="43.264967" lon="-4.04139"><ele>148.4</ele></trkpt>
    <trkpt lat="43.264987" lon="-4.041397"><ele>148.6</ele></trkpt>
    <trkpt lat="43.265012" lon="-4.041407"><ele>149.0</ele></trkpt>
    <trkpt lat="43.265032" lon="-4.041417"><ele>149.2</ele></trkpt>
    <trkpt lat="43.265047" lon="-4.04143"><ele>149.4</ele></trkpt>
    <trkpt lat="43.265067" lon="-4.041447"><ele>149.6</ele></trkpt>
    <trkpt lat="43.265102" lon="-4.041463"><ele>150.0</ele></trkpt>
    <trkpt lat="43.265125" lon="-4.041475"><ele>150.4</ele></trkpt>
    <trkpt lat="43.265145" lon="-4.041485"><ele>150.6</ele></trkpt>
    <trkpt lat="43.265167" lon="-4.041495"><ele>150.8</ele></trkpt>
    <trkpt lat="43.265187" lon="-4.041502"><ele>151.0</ele></trkpt>
    <trkpt lat="43.265207" lon="-4.041508"><ele>151.2</ele></trkpt>
    <trkpt lat="43.265227" lon="-4.041515"><ele>151.4</ele></trkpt>
    <trkpt lat="43.265245" lon="-4.04152"><ele>151.8</ele></trkpt>
    <trkpt lat="43.265262" lon="-4.041522"><ele>152.0</ele></trkpt>
    <trkpt lat="43.265292" lon="-4.041522"><ele>152.4</ele></trkpt>
    <trkpt lat="43.265315" lon="-4.041512"><ele>153.0</ele></trkpt>
    <trkpt lat="43.265337" lon="-4.041495"><ele>153.6</ele></trkpt>
    <trkpt lat="43.265357" lon="-4.041472"><ele>153.8</ele></trkpt>
    <trkpt lat="43.265385" lon="-4.04145"><ele>154.0</ele></trkpt>
    <trkpt lat="43.26541" lon="-4.041437"><ele>154.2</ele></trkpt>
    <trkpt lat="43.26543" lon="-4.041432"><ele>154.8</ele></trkpt>
    <trkpt lat="43.265452" lon="-4.041425"><ele>155.2</ele></trkpt>
    <trkpt lat="43.265482" lon="-4.041422"><ele>155.4</ele></trkpt>
    <trkpt lat="43.26551" lon="-4.041422"><ele>155.6</ele></trkpt>
    <trkpt lat="43.26553" lon="-4.04142"><ele>155.8</ele></trkpt>
    <trkpt lat="43.26555" lon="-4.041432"><ele>156.4</ele></trkpt>
    <trkpt lat="43.265567" lon="-4.041437"><ele>156.8</ele></trkpt>
    <trkpt lat="43.26559" lon="-4.04144"><ele>157.8</ele></trkpt>
    <trkpt lat="43.265612" lon="-4.041457"><ele>158.2</ele></trkpt>
    <trkpt lat="43.26563" lon="-4.041482"><ele>159.0</ele></trkpt>
    <trkpt lat="43.265652" lon="-4.041482"><ele>159.8</ele></trkpt>
    <trkpt lat="43.265672" lon="-4.041485"><ele>160.4</ele></trkpt>
    <trkpt lat="43.2657" lon="-4.041492"><ele>161.2</ele></trkpt>
    <trkpt lat="43.265722" lon="-4.041492"><ele>162.2</ele></trkpt>
    <trkpt lat="43.265745" lon="-4.041487"><ele>162.8</ele></trkpt>
    <trkpt lat="43.265762" lon="-4.041482"><ele>163.2</ele></trkpt>
    <trkpt lat="43.265785" lon="-4.041475"><ele>163.6</ele></trkpt>
    <trkpt lat="43.265805" lon="-4.04147"><ele>164.4</ele></trkpt>
    <trkpt lat="43.265827" lon="-4.041472"><ele>165.2</ele></trkpt>
    <trkpt lat="43.265852" lon="-4.04148"><ele>165.8</ele></trkpt>
    <trkpt lat="43.265872" lon="-4.041497"><ele>166.2</ele></trkpt>
    <trkpt lat="43.265892" lon="-4.041517"><ele>167.0</ele></trkpt>
    <trkpt lat="43.265907" lon="-4.041537"><ele>167.6</ele></trkpt>
    <trkpt lat="43.265917" lon="-4.04157"><ele>168.4</ele></trkpt>
    <trkpt lat="43.265922" lon="-4.041597"><ele>169.2</ele></trkpt>
    <trkpt lat="43.265932" lon="-4.041632"><ele>169.8</ele></trkpt>
    <trkpt lat="43.265947" lon="-4.041665"><ele>170.6</ele></trkpt>
    <trkpt lat="43.265957" lon="-4.041697"><ele>171.2</ele></trkpt>
    <trkpt lat="43.26596" lon="-4.041732"><ele>172.0</ele></trkpt>
    <trkpt lat="43.265967" lon="-4.041755"><ele>172.4</ele></trkpt>
    <trkpt lat="43.265992" lon="-4.041772"><ele>173.4</ele></trkpt>
    <trkpt lat="43.266017" lon="-4.041782"><ele>173.8</ele></trkpt>
    <trkpt lat="43.266042" lon="-4.04179"><ele>174.6</ele></trkpt>
    <trkpt lat="43.266062" lon="-4.041782"><ele>175.4</ele></trkpt>
    <trkpt lat="43.266082" lon="-4.041772"><ele>176.0</ele></trkpt>
    <trkpt lat="43.266102" lon="-4.04176"><ele>176.6</ele></trkpt>
    <trkpt lat="43.266117" lon="-4.041742"><ele>177.4</ele></trkpt>
    <trkpt lat="43.266142" lon="-4.04173"><ele>179.0</ele></trkpt>
    <trkpt lat="43.26616" lon="-4.041732"><ele>179.4</ele></trkpt>
    <trkpt lat="43.266185" lon="-4.041712"><ele>181.2</ele></trkpt>
    <trkpt lat="43.266207" lon="-4.041707"><ele>181.4</ele></trkpt>
    <trkpt lat="43.26623" lon="-4.041695"><ele>182.0</ele></trkpt>
    <trkpt lat="43.266252" lon="-4.041677"><ele>182.4</ele></trkpt>
    <trkpt lat="43.26627" lon="-4.041667"><ele>183.0</ele></trkpt>
    <trkpt lat="43.266292" lon="-4.041662"><ele>183.4</ele></trkpt>
    <trkpt lat="43.26632" lon="-4.041667"><ele>183.8</ele></trkpt>
    <trkpt lat="43.266342" lon="-4.041672"><ele>184.2</ele></trkpt>
    <trkpt lat="43.266362" lon="-4.041682"><ele>185.0</ele></trkpt>
    <trkpt lat="43.266387" lon="-4.041707"><ele>185.6</ele></trkpt>
    <trkpt lat="43.266405" lon="-4.041722"><ele>185.6</ele></trkpt>
    <trkpt lat="43.26643" lon="-4.041742"><ele>185.8</ele></trkpt>
    <trkpt lat="43.266457" lon="-4.041752"><ele>186.0</ele></trkpt>
    <trkpt lat="43.266487" lon="-4.041763"><ele>186.0</ele></trkpt>
    <trkpt lat="43.266512" lon="-4.041777"><ele>186.0</ele></trkpt>
    <trkpt lat="43.266542" lon="-4.041792"><ele>186.2</ele></trkpt>
    <trkpt lat="43.266562" lon="-4.0418"><ele>186.2</ele></trkpt>
    <trkpt lat="43.266587" lon="-4.04181"><ele>186.2</ele></trkpt>
    <trkpt lat="43.266612" lon="-4.041817"><ele>186.0</ele></trkpt>
    <trkpt lat="43.266632" lon="-4.041825"><ele>186.0</ele></trkpt>
    <trkpt lat="43.266657" lon="-4.041832"><ele>185.8</ele></trkpt>
    <trkpt lat="43.266685" lon="-4.04184"><ele>185.8</ele></trkpt>
    <trkpt lat="43.26671" lon="-4.041852"><ele>185.6</ele></trkpt>
    <trkpt lat="43.266737" lon="-4.041867"><ele>185.6</ele></trkpt>
    <trkpt lat="43.266765" lon="-4.041878"><ele>185.4</ele></trkpt>
    <trkpt lat="43.266792" lon="-4.041897"><ele>185.2</ele></trkpt>
    <trkpt lat="43.26682" lon="-4.041908"><ele>185.0</ele></trkpt>
    <trkpt lat="43.266847" lon="-4.041922"><ele>184.6</ele></trkpt>
    <trkpt lat="43.266875" lon="-4.041933"><ele>184.2</ele></trkpt>
    <trkpt lat="43.266902" lon="-4.04195"><ele>183.8</ele></trkpt>
    <trkpt lat="43.266932" lon="-4.041965"><ele>183.4</ele></trkpt>
    <trkpt lat="43.26696" lon="-4.04198"><ele>183.2</ele></trkpt>
    <trkpt lat="43.266987" lon="-4.041997"><ele>182.8</ele></trkpt>
    <trkpt lat="43.267012" lon="-4.042012"><ele>182.2</ele></trkpt>
    <trkpt lat="43.267037" lon="-4.042028"><ele>181.8</ele></trkpt>
    <trkpt lat="43.267067" lon="-4.042047"><ele>181.4</ele></trkpt>
    <trkpt lat="43.26709" lon="-4.042065"><ele>180.8</ele></trkpt>
    <trkpt lat="43.267115" lon="-4.042087"><ele>180.4</ele></trkpt>
    <trkpt lat="43.267137" lon="-4.042107"><ele>179.8</ele></trkpt>
    <trkpt lat="43.267158" lon="-4.042127"><ele>179.4</ele></trkpt>
    <trkpt lat="43.26718" lon="-4.042152"><ele>179.0</ele></trkpt>
    <trkpt lat="43.267202" lon="-4.042175"><ele>178.6</ele></trkpt>
    <trkpt lat="43.267222" lon="-4.042197"><ele>178.0</ele></trkpt>
    <trkpt lat="43.267245" lon="-4.042222"><ele>177.6</ele></trkpt>
    <trkpt lat="43.267267" lon="-4.042247"><ele>176.8</ele></trkpt>
    <trkpt lat="43.26729" lon="-4.042272"><ele>176.2</ele></trkpt>
    <trkpt lat="43.267312" lon="-4.042292"><ele>175.8</ele></trkpt>
    <trkpt lat="43.267337" lon="-4.042315"><ele>175.2</ele></trkpt>
    <trkpt lat="43.267362" lon="-4.042332"><ele>175.0</ele></trkpt>
    <trkpt lat="43.26739" lon="-4.042345"><ele>174.6</ele></trkpt>
    <trkpt lat="43.26742" lon="-4.042357"><ele>174.2</ele></trkpt>
    <trkpt lat="43.267447" lon="-4.042362"><ele>173.6</ele></trkpt>
    <trkpt lat="43.267477" lon="-4.042367"><ele>173.2</ele></trkpt>
    <trkpt lat="43.26751" lon="-4.042365"><ele>172.8</ele></trkpt>
    <trkpt lat="43.267538" lon="-4.042362"><ele>172.4</ele></trkpt>
    <trkpt lat="43.267572" lon="-4.042357"><ele>171.8</ele></trkpt>
    <trkpt lat="43.267605" lon="-4.04235"><ele>171.4</ele></trkpt>
    <trkpt lat="43.267632" lon="-4.04234"><ele>170.8</ele></trkpt>
    <trkpt lat="43.267665" lon="-4.042327"><ele>170.2</ele></trkpt>
    <trkpt lat="43.267697" lon="-4.042315"><ele>169.6</ele></trkpt>
    <trkpt lat="43.267722" lon="-4.042303"><ele>169.2</ele></trkpt>
    <trkpt lat="43.267742" lon="-4.042297"><ele>168.8</ele></trkpt>
    <trkpt lat="43.26778" lon="-4.042282"><ele>168.4</ele></trkpt>
    <trkpt lat="43.267817" lon="-4.04227"><ele>168.0</ele></trkpt>
    <trkpt lat="43.26784" lon="-4.042257"><ele>167.8</ele></trkpt>
    <trkpt lat="43.267867" lon="-4.042247"><ele>167.2</ele></trkpt>
    <trkpt lat="43.267895" lon="-4.042232"><ele>166.8</ele></trkpt>
    <trkpt lat="43.267922" lon="-4.042217"><ele>166.4</ele></trkpt>
    <trkpt lat="43.267955" lon="-4.042205"><ele>166.0</ele></trkpt>
    <trkpt lat="43.267987" lon="-4.042192"><ele>165.6</ele></trkpt>
    <trkpt lat="43.268017" lon="-4.042182"><ele>165.2</ele></trkpt>
    <trkpt lat="43.268047" lon="-4.042167"><ele>164.8</ele></trkpt>
    <trkpt lat="43.268077" lon="-4.042152"><ele>164.2</ele></trkpt>
    <trkpt lat="43.268107" lon="-4.042137"><ele>163.8</ele></trkpt>
    <trkpt lat="43.268135" lon="-4.04212"><ele>163.4</ele></trkpt>
    <trkpt lat="43.268162" lon="-4.042105"><ele>163.0</ele></trkpt>
    <trkpt lat="43.268187" lon="-4.042087"><ele>162.6</ele></trkpt>
    <trkpt lat="43.268217" lon="-4.042062"><ele>162.2</ele></trkpt>
    <trkpt lat="43.268242" lon="-4.042035"><ele>161.8</ele></trkpt>
    <trkpt lat="43.268267" lon="-4.042002"><ele>161.6</ele></trkpt>
    <trkpt lat="43.268285" lon="-4.041967"><ele>161.2</ele></trkpt>
    <trkpt lat="43.268297" lon="-4.04193"><ele>160.8</ele></trkpt>
    <trkpt lat="43.268312" lon="-4.041887"><ele>160.4</ele></trkpt>
    <trkpt lat="43.268322" lon="-4.041848"><ele>160.0</ele></trkpt>
    <trkpt lat="43.268335" lon="-4.041817"><ele>159.6</ele></trkpt>
    <trkpt lat="43.268357" lon="-4.041802"><ele>159.0</ele></trkpt>
    <trkpt lat="43.268372" lon="-4.04182"><ele>158.6</ele></trkpt>
    <trkpt lat="43.268392" lon="-4.041845"><ele>158.2</ele></trkpt>
    <trkpt lat="43.268412" lon="-4.041872"><ele>157.8</ele></trkpt>
    <trkpt lat="43.268435" lon="-4.041897"><ele>157.4</ele></trkpt>
    <trkpt lat="43.268457" lon="-4.04193"><ele>157.0</ele></trkpt>
    <trkpt lat="43.268477" lon="-4.041957"><ele>156.6</ele></trkpt>
    <trkpt lat="43.268492" lon="-4.041997"><ele>156.2</ele></trkpt>
    <trkpt lat="43.268502" lon="-4.042028"><ele>155.8</ele></trkpt>
    <trkpt lat="43.26851" lon="-4.042067"><ele>155.4</ele></trkpt>
    <trkpt lat="43.26851" lon="-4.042105"><ele>154.8</ele></trkpt>
    <trkpt lat="43.26851" lon="-4.042143"><ele>154.4</ele></trkpt>
    <trkpt lat="43.26851" lon="-4.042185"><ele>154.0</ele></trkpt>
    <trkpt lat="43.268512" lon="-4.042222"><ele>153.6</ele></trkpt>
    <trkpt lat="43.268512" lon="-4.042262"><ele>153.2</ele></trkpt>
    <trkpt lat="43.26852" lon="-4.042302"><ele>152.8</ele></trkpt>
    <trkpt lat="43.26853" lon="-4.042342"><ele>152.0</ele></trkpt>
    <trkpt lat="43.268542" lon="-4.042375"><ele>151.6</ele></trkpt>
    <trkpt lat="43.268557" lon="-4.042407"><ele>151.0</ele></trkpt>
    <trkpt lat="43.268577" lon="-4.042442"><ele>150.6</ele></trkpt>
    <trkpt lat="43.2686" lon="-4.042472"><ele>150.2</ele></trkpt>
    <trkpt lat="43.268622" lon="-4.042502"><ele>150.0</ele></trkpt>
    <trkpt lat="43.268642" lon="-4.04253"><ele>149.6</ele></trkpt>
    <trkpt lat="43.268662" lon="-4.04256"><ele>149.4</ele></trkpt>
    <trkpt lat="43.268677" lon="-4.042595"><ele>149.0</ele></trkpt>
    <trkpt lat="43.268687" lon="-4.042632"><ele>148.8</ele></trkpt>
    <trkpt lat="43.268697" lon="-4.042667"><ele>148.4</ele></trkpt>
    <trkpt lat="43.268707" lon="-4.042702"><ele>148.2</ele></trkpt>
    <trkpt lat="43.268712" lon="-4.042742"><ele>147.8</ele></trkpt>
    <trkpt lat="43.268717" lon="-4.042778"><ele>147.4</ele></trkpt>
    <trkpt lat="43.26872" lon="-4.042812"><ele>147.2</ele></trkpt>
    <trkpt lat="43.268722" lon="-4.042843"><ele>146.8</ele></trkpt>
    <trkpt lat="43.268722" lon="-4.04288"><ele>146.6</ele></trkpt>
    <trkpt lat="43.268722" lon="-4.042915"><ele>146.2</ele></trkpt>
    <trkpt lat="43.268722" lon="-4.042947"><ele>145.6</ele></trkpt>
    <trkpt lat="43.268722" lon="-4.042982"><ele>145.2</ele></trkpt>
    <trkpt lat="43.268722" lon="-4.043012"><ele>144.6</ele></trkpt>
    <trkpt lat="43.268722" lon="-4.04305"><ele>144.0</ele></trkpt>
    <trkpt lat="43.268725" lon="-4.043087"><ele>143.4</ele></trkpt>
    <trkpt lat="43.268725" lon="-4.043127"><ele>142.6</ele></trkpt>
    <trkpt lat="43.268722" lon="-4.043162"><ele>142.0</ele></trkpt>
    <trkpt lat="43.268725" lon="-4.043202"><ele>141.4</ele></trkpt>
    <trkpt lat="43.268725" lon="-4.043242"><ele>140.8</ele></trkpt>
    <trkpt lat="43.268727" lon="-4.043282"><ele>140.2</ele></trkpt>
    <trkpt lat="43.268727" lon="-4.043318"><ele>139.4</ele></trkpt>
    <trkpt lat="43.268727" lon="-4.043352"><ele>138.8</ele></trkpt>
    <trkpt lat="43.268722" lon="-4.043383"><ele>137.8</ele></trkpt>
    <trkpt lat="43.268722" lon="-4.043412"><ele>137.4</ele></trkpt>
    <trkpt lat="43.26872" lon="-4.043442"><ele>135.6</ele></trkpt>
    <trkpt lat="43.268707" lon="-4.043485"><ele>135.2</ele></trkpt>
    <trkpt lat="43.268705" lon="-4.043517"><ele>135.0</ele></trkpt>
    <trkpt lat="43.2687" lon="-4.043552"><ele>134.8</ele></trkpt>
    <trkpt lat="43.268685" lon="-4.04358"><ele>134.8</ele></trkpt>
    <trkpt lat="43.268657" lon="-4.043612"><ele>134.8</ele></trkpt>
    <trkpt lat="43.268642" lon="-4.043637"><ele>134.8</ele></trkpt>
    <trkpt lat="43.268627" lon="-4.043667"><ele>134.8</ele></trkpt>
    <trkpt lat="43.268622" lon="-4.043697"><ele>134.6</ele></trkpt>
    <trkpt lat="43.268622" lon="-4.043727"><ele>134.6</ele></trkpt>
    <trkpt lat="43.268622" lon="-4.04376"><ele>134.8</ele></trkpt>
    <trkpt lat="43.26863" lon="-4.04379"><ele>134.8</ele></trkpt>
    <trkpt lat="43.268637" lon="-4.043818"><ele>135.0</ele></trkpt>
    <trkpt lat="43.268642" lon="-4.043848"><ele>135.0</ele></trkpt>
    <trkpt lat="43.268652" lon="-4.043878"><ele>135.2</ele></trkpt>
    <trkpt lat="43.26866" lon="-4.043907"><ele>135.4</ele></trkpt>
    <trkpt lat="43.268665" lon="-4.043935"><ele>135.6</ele></trkpt>
    <trkpt lat="43.268672" lon="-4.043967"><ele>135.8</ele></trkpt>
    <trkpt lat="43.268682" lon="-4.043997"><ele>136.0</ele></trkpt>
    <trkpt lat="43.268692" lon="-4.044032"><ele>136.2</ele></trkpt>
    <trkpt lat="43.268705" lon="-4.044057"><ele>136.4</ele></trkpt>
    <trkpt lat="43.26872" lon="-4.04409"><ele>136.6</ele></trkpt>
    <trkpt lat="43.268737" lon="-4.044117"><ele>136.6</ele></trkpt>
    <trkpt lat="43.268757" lon="-4.044142"><ele>136.6</ele></trkpt>
    <trkpt lat="43.268777" lon="-4.044172"><ele>136.6</ele></trkpt>
    <trkpt lat="43.268795" lon="-4.044192"><ele>136.6</ele></trkpt>
    <trkpt lat="43.268817" lon="-4.044215"><ele>136.6</ele></trkpt>
    <trkpt lat="43.268837" lon="-4.044237"><ele>136.4</ele></trkpt>
    <trkpt lat="43.26886" lon="-4.044257"><ele>136.2</ele></trkpt>
    <trkpt lat="43.268885" lon="-4.044282"><ele>136.0</ele></trkpt>
    <trkpt lat="43.268907" lon="-4.044303"><ele>136.0</ele></trkpt>
    <trkpt lat="43.268932" lon="-4.044327"><ele>136.0</ele></trkpt>
    <trkpt lat="43.268957" lon="-4.044347"><ele>135.8</ele></trkpt>
    <trkpt lat="43.268977" lon="-4.044367"><ele>135.8</ele></trkpt>
    <trkpt lat="43.269" lon="-4.044395"><ele>135.6</ele></trkpt>
    <trkpt lat="43.269017" lon="-4.044418"><ele>135.6</ele></trkpt>
    <trkpt lat="43.26903" lon="-4.04445"><ele>135.6</ele></trkpt>
    <trkpt lat="43.269037" lon="-4.04448"><ele>135.6</ele></trkpt>
    <trkpt lat="43.269035" lon="-4.044512"><ele>135.6</ele></trkpt>
    <trkpt lat="43.269032" lon="-4.044547"><ele>135.6</ele></trkpt>
    <trkpt lat="43.269025" lon="-4.044577"><ele>135.6</ele></trkpt>
    <trkpt lat="43.269017" lon="-4.044608"><ele>135.6</ele></trkpt>
    <trkpt lat="43.269012" lon="-4.044647"><ele>135.8</ele></trkpt>
    <trkpt lat="43.26901" lon="-4.044677"><ele>136.0</ele></trkpt>
    <trkpt lat="43.26901" lon="-4.044715"><ele>136.0</ele></trkpt>
    <trkpt lat="43.269017" lon="-4.044747"><ele>136.2</ele></trkpt>
    <trkpt lat="43.269027" lon="-4.044775"><ele>136.2</ele></trkpt>
    <trkpt lat="43.269042" lon="-4.044807"><ele>136.2</ele></trkpt>
    <trkpt lat="43.26906" lon="-4.044832"><ele>136.4</ele></trkpt>
    <trkpt lat="43.269077" lon="-4.044862"><ele>136.6</ele></trkpt>
    <trkpt lat="43.2691" lon="-4.044887"><ele>136.6</ele></trkpt>
    <trkpt lat="43.269122" lon="-4.044907"><ele>136.6</ele></trkpt>
    <trkpt lat="43.269152" lon="-4.044925"><ele>136.6</ele></trkpt>
    <trkpt lat="43.269177" lon="-4.044937"><ele>136.4</ele></trkpt>
    <trkpt lat="43.269202" lon="-4.044957"><ele>136.2</ele></trkpt>
    <trkpt lat="43.269227" lon="-4.04497"><ele>136.0</ele></trkpt>
    <trkpt lat="43.269252" lon="-4.044977"><ele>135.8</ele></trkpt>
    <trkpt lat="43.26928" lon="-4.04499"><ele>135.8</ele></trkpt>
    <trkpt lat="43.269305" lon="-4.045002"><ele>135.6</ele></trkpt>
    <trkpt lat="43.269332" lon="-4.045015"><ele>135.4</ele></trkpt>
    <trkpt lat="43.269357" lon="-4.045032"><ele>135.2</ele></trkpt>
    <trkpt lat="43.269382" lon="-4.045057"><ele>135.0</ele></trkpt>
    <trkpt lat="43.269407" lon="-4.045077"><ele>134.6</ele></trkpt>
    <trkpt lat="43.269432" lon="-4.045097"><ele>134.4</ele></trkpt>
    <trkpt lat="43.269457" lon="-4.045117"><ele>134.0</ele></trkpt>
    <trkpt lat="43.269477" lon="-4.045137"><ele>133.6</ele></trkpt>
    <trkpt lat="43.2695" lon="-4.04516"><ele>133.2</ele></trkpt>
    <trkpt lat="43.26952" lon="-4.045183"><ele>132.8</ele></trkpt>
    <trkpt lat="43.269542" lon="-4.045207"><ele>132.4</ele></trkpt>
    <trkpt lat="43.26956" lon="-4.045227"><ele>132.0</ele></trkpt>
    <trkpt lat="43.269578" lon="-4.045252"><ele>131.6</ele></trkpt>
    <trkpt lat="43.26959" lon="-4.045285"><ele>131.0</ele></trkpt>
    <trkpt lat="43.269595" lon="-4.045322"><ele>130.6</ele></trkpt>
    <trkpt lat="43.269595" lon="-4.045357"><ele>130.0</ele></trkpt>
    <trkpt lat="43.269597" lon="-4.045397"><ele>129.4</ele></trkpt>
    <trkpt lat="43.269602" lon="-4.045435"><ele>129.0</ele></trkpt>
    <trkpt lat="43.269602" lon="-4.045472"><ele>128.4</ele></trkpt>
    <trkpt lat="43.269607" lon="-4.045512"><ele>127.8</ele></trkpt>
    <trkpt lat="43.269605" lon="-4.045552"><ele>127.2</ele></trkpt>
    <trkpt lat="43.269605" lon="-4.045593"><ele>126.6</ele></trkpt>
    <trkpt lat="43.269605" lon="-4.045637"><ele>126.0</ele></trkpt>
    <trkpt lat="43.269602" lon="-4.045677"><ele>124.6</ele></trkpt>
    <trkpt lat="43.269597" lon="-4.045712"><ele>124.2</ele></trkpt>
    <trkpt lat="43.269592" lon="-4.045747"><ele>123.6</ele></trkpt>
    <trkpt lat="43.269587" lon="-4.045785"><ele>123.2</ele></trkpt>
    <trkpt lat="43.269582" lon="-4.045822"><ele>122.8</ele></trkpt>
    <trkpt lat="43.269578" lon="-4.045857"><ele>122.4</ele></trkpt>
    <trkpt lat="43.269582" lon="-4.045892"><ele>122.0</ele></trkpt>
    <trkpt lat="43.269585" lon="-4.045927"><ele>121.6</ele></trkpt>
    <trkpt lat="43.269585" lon="-4.04596"><ele>121.2</ele></trkpt>
    <trkpt lat="43.269587" lon="-4.045997"><ele>120.6</ele></trkpt>
    <trkpt lat="43.269597" lon="-4.046032"><ele>120.2</ele></trkpt>
    <trkpt lat="43.269607" lon="-4.046067"><ele>119.6</ele></trkpt>
    <trkpt lat="43.26962" lon="-4.046092"><ele>119.0</ele></trkpt>
    <trkpt lat="43.26964" lon="-4.046122"><ele>117.8</ele></trkpt>
    <trkpt lat="43.26965" lon="-4.046147"><ele>116.8</ele></trkpt>
    <trkpt lat="43.269667" lon="-4.046192"><ele>116.2</ele></trkpt>
    <trkpt lat="43.269672" lon="-4.046222"><ele>115.8</ele></trkpt>
    <trkpt lat="43.26967" lon="-4.046255"><ele>115.6</ele></trkpt>
    <trkpt lat="43.269662" lon="-4.046287"><ele>115.0</ele></trkpt>
    <trkpt lat="43.269652" lon="-4.046325"><ele>114.6</ele></trkpt>
    <trkpt lat="43.269647" lon="-4.046358"><ele>114.4</ele></trkpt>
    <trkpt lat="43.269642" lon="-4.046395"><ele>114.4</ele></trkpt>
    <trkpt lat="43.269642" lon="-4.046432"><ele>114.2</ele></trkpt>
    <trkpt lat="43.26964" lon="-4.046467"><ele>114.2</ele></trkpt>
    <trkpt lat="43.269642" lon="-4.046505"><ele>114.2</ele></trkpt>
    <trkpt lat="43.269637" lon="-4.046537"><ele>114.4</ele></trkpt>
    <trkpt lat="43.269637" lon="-4.04657"><ele>114.4</ele></trkpt>
    <trkpt lat="43.269637" lon="-4.046607"><ele>114.2</ele></trkpt>
    <trkpt lat="43.269642" lon="-4.04664"><ele>114.4</ele></trkpt>
    <trkpt lat="43.26964" lon="-4.046677"><ele>114.4</ele></trkpt>
    <trkpt lat="43.269645" lon="-4.046712"><ele>114.8</ele></trkpt>
    <trkpt lat="43.269642" lon="-4.046747"><ele>114.8</ele></trkpt>
    <trkpt lat="43.269645" lon="-4.046783"><ele>114.8</ele></trkpt>
    <trkpt lat="43.269645" lon="-4.046822"><ele>114.8</ele></trkpt>
    <trkpt lat="43.269642" lon="-4.04686"><ele>115.0</ele></trkpt>
    <trkpt lat="43.269645" lon="-4.046892"><ele>115.2</ele></trkpt>
    <trkpt lat="43.269647" lon="-4.046928"><ele>115.2</ele></trkpt>
    <trkpt lat="43.269652" lon="-4.046967"><ele>115.2</ele></trkpt>
    <trkpt lat="43.269657" lon="-4.046997"><ele>115.4</ele></trkpt>
    <trkpt lat="43.269662" lon="-4.047032"><ele>115.4</ele></trkpt>
    <trkpt lat="43.269667" lon="-4.047067"><ele>115.6</ele></trkpt>
    <trkpt lat="43.269675" lon="-4.0471"><ele>115.8</ele></trkpt>
    <trkpt lat="43.269682" lon="-4.047137"><ele>116.0</ele></trkpt>
    <trkpt lat="43.26969" lon="-4.047172"><ele>116.2</ele></trkpt>
    <trkpt lat="43.269697" lon="-4.047212"><ele>116.6</ele></trkpt>
    <trkpt lat="43.269705" lon="-4.047247"><ele>116.6</ele></trkpt>
    <trkpt lat="43.269712" lon="-4.047282"><ele>116.8</ele></trkpt>
    <trkpt lat="43.269722" lon="-4.047317"><ele>116.8</ele></trkpt>
    <trkpt lat="43.269737" lon="-4.047352"><ele>116.8</ele></trkpt>
    <trkpt lat="43.269752" lon="-4.047387"><ele>116.8</ele></trkpt>
    <trkpt lat="43.269767" lon="-4.047425"><ele>116.8</ele></trkpt>
    <trkpt lat="43.269782" lon="-4.047465"><ele>116.6</ele></trkpt>
    <trkpt lat="43.269797" lon="-4.047502"><ele>116.4</ele></trkpt>
    <trkpt lat="43.269812" lon="-4.047542"><ele>116.2</ele></trkpt>
    <trkpt lat="43.269827" lon="-4.04758"><ele>116.0</ele></trkpt>
    <trkpt lat="43.269842" lon="-4.047615"><ele>115.8</ele></trkpt>
    <trkpt lat="43.269857" lon="-4.047652"><ele>115.6</ele></trkpt>
    <trkpt lat="43.269875" lon="-4.047687"><ele>115.2</ele></trkpt>
    <trkpt lat="43.269887" lon="-4.047723"><ele>115.0</ele></trkpt>
    <trkpt lat="43.2699" lon="-4.047765"><ele>114.8</ele></trkpt>
    <trkpt lat="43.269917" lon="-4.04781"><ele>114.4</ele></trkpt>
    <trkpt lat="43.269932" lon="-4.047852"><ele>114.2</ele></trkpt>
    <trkpt lat="43.269942" lon="-4.04789"><ele>114.0</ele></trkpt>
    <trkpt lat="43.269957" lon="-4.047927"><ele>114.0</ele></trkpt>
    <trkpt lat="43.269967" lon="-4.047965"><ele>113.8</ele></trkpt>
    <trkpt lat="43.26998" lon="-4.048002"><ele>113.6</ele></trkpt>
    <trkpt lat="43.269992" lon="-4.048037"><ele>113.4</ele></trkpt>
    <trkpt lat="43.27001" lon="-4.04807"><ele>113.2</ele></trkpt>
    <trkpt lat="43.270028" lon="-4.048087"><ele>113.0</ele></trkpt>
    <trkpt lat="43.270047" lon="-4.048092"><ele>113.0</ele></trkpt>
    <trkpt lat="43.270072" lon="-4.048087"><ele>112.8</ele></trkpt>
    <trkpt lat="43.270095" lon="-4.048082"><ele>112.6</ele></trkpt>
    <trkpt lat="43.270122" lon="-4.048077"><ele>112.4</ele></trkpt>
    <trkpt lat="43.270147" lon="-4.048067"><ele>112.4</ele></trkpt>
    <trkpt lat="43.270175" lon="-4.048057"><ele>112.4</ele></trkpt>
    <trkpt lat="43.270202" lon="-4.048047"><ele>112.4</ele></trkpt>
    <trkpt lat="43.270232" lon="-4.048037"><ele>112.4</ele></trkpt>
    <trkpt lat="43.270257" lon="-4.048032"><ele>112.2</ele></trkpt>
    <trkpt lat="43.270287" lon="-4.048027"><ele>112.2</ele></trkpt>
    <trkpt lat="43.270312" lon="-4.04802"><ele>112.2</ele></trkpt>
    <trkpt lat="43.270342" lon="-4.048012"><ele>112.2</ele></trkpt>
    <trkpt lat="43.270367" lon="-4.048007"><ele>112.2</ele></trkpt>
    <trkpt lat="43.270397" lon="-4.048002"><ele>112.2</ele></trkpt>
    <trkpt lat="43.270427" lon="-4.047997"><ele>112.2</ele></trkpt>
    <trkpt lat="43.270452" lon="-4.047987"><ele>112.2</ele></trkpt>
    <trkpt lat="43.270477" lon="-4.047972"><ele>112.0</ele></trkpt>
    <trkpt lat="43.270502" lon="-4.047957"><ele>112.0</ele></trkpt>
    <trkpt lat="43.270522" lon="-4.047942"><ele>111.8</ele></trkpt>
    <trkpt lat="43.270542" lon="-4.047927"><ele>111.8</ele></trkpt>
    <trkpt lat="43.270562" lon="-4.047907"><ele>112.0</ele></trkpt>
    <trkpt lat="43.270575" lon="-4.047887"><ele>112.0</ele></trkpt>
    <trkpt lat="43.270577" lon="-4.047852"><ele>112.2</ele></trkpt>
    <trkpt lat="43.270562" lon="-4.047837"><ele>112.0</ele></trkpt>
    <trkpt lat="43.270552" lon="-4.047815"><ele>112.0</ele></trkpt>
    <trkpt lat="43.270542" lon="-4.047787"><ele>112.0</ele></trkpt>
    <trkpt lat="43.270547" lon="-4.047757"><ele>111.8</ele></trkpt>
    <trkpt lat="43.270557" lon="-4.047727"><ele>111.8</ele></trkpt>
    <trkpt lat="43.270567" lon="-4.047702"><ele>111.8</ele></trkpt>
    <trkpt lat="43.270582" lon="-4.047672"><ele>111.8</ele></trkpt>
    <trkpt lat="43.270595" lon="-4.047647"><ele>111.8</ele></trkpt>
    <trkpt lat="43.270607" lon="-4.047617"><ele>111.8</ele></trkpt>
    <trkpt lat="43.270617" lon="-4.047592"><ele>111.8</ele></trkpt>
    <trkpt lat="43.27063" lon="-4.047562"><ele>111.8</ele></trkpt>
    <trkpt lat="43.270642" lon="-4.047532"><ele>111.8</ele></trkpt>
    <trkpt lat="43.270657" lon="-4.047502"><ele>111.8</ele></trkpt>
    <trkpt lat="43.270672" lon="-4.047472"><ele>111.8</ele></trkpt>
    <trkpt lat="43.270687" lon="-4.047442"><ele>111.8</ele></trkpt>
    <trkpt lat="43.2707" lon="-4.047407"><ele>111.8</ele></trkpt>
    <trkpt lat="43.270712" lon="-4.047377"><ele>111.8</ele></trkpt>
    <trkpt lat="43.270727" lon="-4.047347"><ele>111.8</ele></trkpt>
    <trkpt lat="43.270742" lon="-4.047312"><ele>111.8</ele></trkpt>
    <trkpt lat="43.27076" lon="-4.047278"><ele>112.0</ele></trkpt>
    <trkpt lat="43.270775" lon="-4.047247"><ele>112.0</ele></trkpt>
    <trkpt lat="43.270792" lon="-4.047222"><ele>112.0</ele></trkpt>
    <trkpt lat="43.270812" lon="-4.0472"><ele>112.0</ele></trkpt>
    <trkpt lat="43.270835" lon="-4.047177"><ele>112.0</ele></trkpt>
    <trkpt lat="43.27086" lon="-4.047162"><ele>112.2</ele></trkpt>
    <trkpt lat="43.270882" lon="-4.047152"><ele>112.2</ele></trkpt>
    <trkpt lat="43.27091" lon="-4.047147"><ele>112.2</ele></trkpt>
    <trkpt lat="43.270937" lon="-4.047142"><ele>112.4</ele></trkpt>
    <trkpt lat="43.270962" lon="-4.04714"><ele>112.4</ele></trkpt>
    <trkpt lat="43.27099" lon="-4.047135"><ele>112.4</ele></trkpt>
    <trkpt lat="43.271017" lon="-4.047135"><ele>112.4</ele></trkpt>
    <trkpt lat="43.271042" lon="-4.047135"><ele>112.4</ele></trkpt>
    <trkpt lat="43.271067" lon="-4.047132"><ele>112.6</ele></trkpt>
    <trkpt lat="43.271092" lon="-4.047127"><ele>112.6</ele></trkpt>
    <trkpt lat="43.271115" lon="-4.047127"><ele>112.6</ele></trkpt>
    <trkpt lat="43.271135" lon="-4.047127"><ele>112.6</ele></trkpt>
    <trkpt lat="43.271157" lon="-4.04713"><ele>112.6</ele></trkpt>
    <trkpt lat="43.27118" lon="-4.047132"><ele>112.6</ele></trkpt>
    <trkpt lat="43.271207" lon="-4.04714"><ele>112.6</ele></trkpt>
    <trkpt lat="43.271232" lon="-4.047142"><ele>112.8</ele></trkpt>
    <trkpt lat="43.271257" lon="-4.047147"><ele>112.8</ele></trkpt>
    <trkpt lat="43.271282" lon="-4.047153"><ele>112.8</ele></trkpt>
    <trkpt lat="43.27131" lon="-4.047152"><ele>112.8</ele></trkpt>
    <trkpt lat="43.271337" lon="-4.047147"><ele>113.0</ele></trkpt>
    <trkpt lat="43.271365" lon="-4.04714"><ele>113.0</ele></trkpt>
    <trkpt lat="43.271392" lon="-4.047132"><ele>113.2</ele></trkpt>
    <trkpt lat="43.271422" lon="-4.047122"><ele>113.2</ele></trkpt>
    <trkpt lat="43.27145" lon="-4.047115"><ele>113.4</ele></trkpt>
    <trkpt lat="43.271475" lon="-4.047107"><ele>113.4</ele></trkpt>
    <trkpt lat="43.271502" lon="-4.047097"><ele>113.4</ele></trkpt>
    <trkpt lat="43.27153" lon="-4.047085"><ele>113.6</ele></trkpt>
    <trkpt lat="43.271557" lon="-4.047072"><ele>113.6</ele></trkpt>
    <trkpt lat="43.271582" lon="-4.047057"><ele>113.8</ele></trkpt>
    <trkpt lat="43.27161" lon="-4.047047"><ele>113.8</ele></trkpt>
    <trkpt lat="43.27164" lon="-4.047035"><ele>114.0</ele></trkpt>
    <trkpt lat="43.271665" lon="-4.047022"><ele>114.2</ele></trkpt>
    <trkpt lat="43.271692" lon="-4.047012"><ele>114.4</ele></trkpt>
    <trkpt lat="43.271717" lon="-4.047002"><ele>114.4</ele></trkpt>
    <trkpt lat="43.271742" lon="-4.04699"><ele>114.6</ele></trkpt>
    <trkpt lat="43.271767" lon="-4.046977"><ele>114.6</ele></trkpt>
    <trkpt lat="43.271792" lon="-4.046962"><ele>114.8</ele></trkpt>
    <trkpt lat="43.271817" lon="-4.046952"><ele>114.8</ele></trkpt>
    <trkpt lat="43.271842" lon="-4.046937"><ele>115.0</ele></trkpt>
    <trkpt lat="43.271867" lon="-4.04692"><ele>115.0</ele></trkpt>
    <trkpt lat="43.271892" lon="-4.046902"><ele>115.0</ele></trkpt>
    <trkpt lat="43.271917" lon="-4.046878"><ele>115.2</ele></trkpt>
    <trkpt lat="43.271937" lon="-4.046862"><ele>115.2</ele></trkpt>
    <trkpt lat="43.27196" lon="-4.046847"><ele>115.4</ele></trkpt>
    <trkpt lat="43.27198" lon="-4.046842"><ele>115.4</ele></trkpt>
    <trkpt lat="43.272002" lon="-4.046847"><ele>115.6</ele></trkpt>
    <trkpt lat="43.272022" lon="-4.046867"><ele>115.6</ele></trkpt>
    <trkpt lat="43.27204" lon="-4.046892"><ele>115.8</ele></trkpt>
    <trkpt lat="43.272055" lon="-4.046922"><ele>115.8</ele></trkpt>
    <trkpt lat="43.272072" lon="-4.046962"><ele>115.8</ele></trkpt>
    <trkpt lat="43.27209" lon="-4.046997"><ele>115.8</ele></trkpt>
    <trkpt lat="43.272107" lon="-4.047027"><ele>115.6</ele></trkpt>
    <trkpt lat="43.272122" lon="-4.047057"><ele>115.4</ele></trkpt>
    <trkpt lat="43.272135" lon="-4.047092"><ele>115.4</ele></trkpt>
    <trkpt lat="43.272152" lon="-4.047127"><ele>115.2</ele></trkpt>
    <trkpt lat="43.272167" lon="-4.047157"><ele>115.0</ele></trkpt>
    <trkpt lat="43.272187" lon="-4.047192"><ele>114.8</ele></trkpt>
    <trkpt lat="43.272207" lon="-4.047222"><ele>114.6</ele></trkpt>
    <trkpt lat="43.272227" lon="-4.047252"><ele>114.4</ele></trkpt>
    <trkpt lat="43.27225" lon="-4.047282"><ele>114.2</ele></trkpt>
    <trkpt lat="43.27227" lon="-4.047312"><ele>113.8</ele></trkpt>
    <trkpt lat="43.272287" lon="-4.047342"><ele>113.6</ele></trkpt>
    <trkpt lat="43.272307" lon="-4.047373"><ele>113.6</ele></trkpt>
    <trkpt lat="43.272327" lon="-4.047405"><ele>113.4</ele></trkpt>
    <trkpt lat="43.272347" lon="-4.047437"><ele>113.2</ele></trkpt>
    <trkpt lat="43.272365" lon="-4.047462"><ele>113.2</ele></trkpt>
    <trkpt lat="43.272387" lon="-4.047487"><ele>112.8</ele></trkpt>
    <trkpt lat="43.272407" lon="-4.047512"><ele>112.6</ele></trkpt>
    <trkpt lat="43.272427" lon="-4.047537"><ele>112.4</ele></trkpt>
    <trkpt lat="43.272452" lon="-4.047567"><ele>112.4</ele></trkpt>
    <trkpt lat="43.27247" lon="-4.047592"><ele>112.4</ele></trkpt>
    <trkpt lat="43.272492" lon="-4.047625"><ele>112.4</ele></trkpt>
    <trkpt lat="43.272512" lon="-4.047652"><ele>112.2</ele></trkpt>
    <trkpt lat="43.272532" lon="-4.047677"><ele>112.2</ele></trkpt>
    <trkpt lat="43.272555" lon="-4.047712"><ele>112.0</ele></trkpt>
    <trkpt lat="43.272575" lon="-4.047742"><ele>112.0</ele></trkpt>
    <trkpt lat="43.272595" lon="-4.047772"><ele>111.8</ele></trkpt>
    <trkpt lat="43.272617" lon="-4.047802"><ele>111.8</ele></trkpt>
    <trkpt lat="43.272637" lon="-4.047832"><ele>111.6</ele></trkpt>
    <trkpt lat="43.27266" lon="-4.047862"><ele>111.6</ele></trkpt>
    <trkpt lat="43.272682" lon="-4.047887"><ele>111.6</ele></trkpt>
    <trkpt lat="43.272702" lon="-4.047917"><ele>111.4</ele></trkpt>
    <trkpt lat="43.27272" lon="-4.047948"><ele>111.4</ele></trkpt>
    <trkpt lat="43.272737" lon="-4.047978"><ele>111.4</ele></trkpt>
    <trkpt lat="43.272757" lon="-4.048012"><ele>111.4</ele></trkpt>
    <trkpt lat="43.272777" lon="-4.04804"><ele>111.4</ele></trkpt>
    <trkpt lat="43.272797" lon="-4.04807"><ele>111.2</ele></trkpt>
    <trkpt lat="43.27282" lon="-4.048102"><ele>111.2</ele></trkpt>
    <trkpt lat="43.272837" lon="-4.048128"><ele>111.2</ele></trkpt>
    <trkpt lat="43.272857" lon="-4.04816"><ele>111.0</ele></trkpt>
    <trkpt lat="43.272882" lon="-4.04819"><ele>111.0</ele></trkpt>
    <trkpt lat="43.2729" lon="-4.048217"><ele>111.0</ele></trkpt>
    <trkpt lat="43.27292" lon="-4.048247"><ele>111.0</ele></trkpt>
    <trkpt lat="43.27294" lon="-4.048275"><ele>111.0</ele></trkpt>
    <trkpt lat="43.272962" lon="-4.048302"><ele>111.0</ele></trkpt>
    <trkpt lat="43.272982" lon="-4.048332"><ele>111.0</ele></trkpt>
    <trkpt lat="43.273002" lon="-4.048365"><ele>111.0</ele></trkpt>
    <trkpt lat="43.273022" lon="-4.048397"><ele>111.0</ele></trkpt>
    <trkpt lat="43.273045" lon="-4.048427"><ele>110.8</ele></trkpt>
    <trkpt lat="43.273062" lon="-4.048457"><ele>110.8</ele></trkpt>
    <trkpt lat="43.273082" lon="-4.048487"><ele>110.8</ele></trkpt>
    <trkpt lat="43.273105" lon="-4.048517"><ele>110.8</ele></trkpt>
    <trkpt lat="43.273122" lon="-4.048545"><ele>110.8</ele></trkpt>
    <trkpt lat="43.273147" lon="-4.048577"><ele>110.8</ele></trkpt>
    <trkpt lat="43.273165" lon="-4.048607"><ele>110.8</ele></trkpt>
    <trkpt lat="43.273185" lon="-4.048637"><ele>110.8</ele></trkpt>
    <trkpt lat="43.27321" lon="-4.048667"><ele>110.8</ele></trkpt>
    <trkpt lat="43.27323" lon="-4.048697"><ele>110.8</ele></trkpt>
    <trkpt lat="43.27325" lon="-4.04873"><ele>110.8</ele></trkpt>
    <trkpt lat="43.27327" lon="-4.048757"><ele>110.8</ele></trkpt>
    <trkpt lat="43.273287" lon="-4.048787"><ele>110.8</ele></trkpt>
    <trkpt lat="43.273307" lon="-4.04882"><ele>110.6</ele></trkpt>
    <trkpt lat="43.273325" lon="-4.048845"><ele>110.6</ele></trkpt>
    <trkpt lat="43.273342" lon="-4.048872"><ele>110.6</ele></trkpt>
    <trkpt lat="43.273363" lon="-4.048902"><ele>110.4</ele></trkpt>
    <trkpt lat="43.273382" lon="-4.048927"><ele>110.4</ele></trkpt>
    <trkpt lat="43.273405" lon="-4.048957"><ele>110.4</ele></trkpt>
    <trkpt lat="43.273425" lon="-4.048985"><ele>110.4</ele></trkpt>
    <trkpt lat="43.273445" lon="-4.049012"><ele>110.4</ele></trkpt>
    <trkpt lat="43.273465" lon="-4.049045"><ele>110.4</ele></trkpt>
    <trkpt lat="43.273487" lon="-4.049075"><ele>110.2</ele></trkpt>
    <trkpt lat="43.273505" lon="-4.049107"><ele>110.2</ele></trkpt>
    <trkpt lat="43.273525" lon="-4.049132"><ele>110.2</ele></trkpt>
    <trkpt lat="43.273542" lon="-4.049162"><ele>110.0</ele></trkpt>
    <trkpt lat="43.273565" lon="-4.049192"><ele>110.0</ele></trkpt>
    <trkpt lat="43.273587" lon="-4.049222"><ele>110.0</ele></trkpt>
    <trkpt lat="43.273605" lon="-4.049247"><ele>110.0</ele></trkpt>
    <trkpt lat="43.273622" lon="-4.049275"><ele>110.0</ele></trkpt>
    <trkpt lat="43.273645" lon="-4.049302"><ele>110.2</ele></trkpt>
    <trkpt lat="43.273667" lon="-4.04933"><ele>110.2</ele></trkpt>
    <trkpt lat="43.273687" lon="-4.049357"><ele>110.2</ele></trkpt>
    <trkpt lat="43.273712" lon="-4.049388"><ele>110.2</ele></trkpt>
    <trkpt lat="43.273732" lon="-4.049417"><ele>110.0</ele></trkpt>
    <trkpt lat="43.273752" lon="-4.04945"><ele>110.0</ele></trkpt>
    <trkpt lat="43.273775" lon="-4.049477"><ele>110.0</ele></trkpt>
    <trkpt lat="43.273795" lon="-4.049507"><ele>110.0</ele></trkpt>
    <trkpt lat="43.273817" lon="-4.049542"><ele>110.0</ele></trkpt>
    <trkpt lat="43.273835" lon="-4.049568"><ele>110.2</ele></trkpt>
    <trkpt lat="43.273852" lon="-4.049598"><ele>110.0</ele></trkpt>
    <trkpt lat="43.273875" lon="-4.049627"><ele>110.0</ele></trkpt>
    <trkpt lat="43.273892" lon="-4.049653"><ele>110.0</ele></trkpt>
    <trkpt lat="43.273912" lon="-4.049685"><ele>110.0</ele></trkpt>
    <trkpt lat="43.27393" lon="-4.049712"><ele>110.0</ele></trkpt>
    <trkpt lat="43.27395" lon="-4.049738"><ele>110.0</ele></trkpt>
    <trkpt lat="43.273968" lon="-4.049765"><ele>110.0</ele></trkpt>
    <trkpt lat="43.27399" lon="-4.049792"><ele>110.0</ele></trkpt>
    <trkpt lat="43.274012" lon="-4.049822"><ele>110.0</ele></trkpt>
    <trkpt lat="43.27403" lon="-4.049847"><ele>110.2</ele></trkpt>
    <trkpt lat="43.27405" lon="-4.049875"><ele>110.2</ele></trkpt>
    <trkpt lat="43.27407" lon="-4.049902"><ele>110.2</ele></trkpt>
    <trkpt lat="43.274087" lon="-4.049927"><ele>110.2</ele></trkpt>
    <trkpt lat="43.27411" lon="-4.049952"><ele>110.4</ele></trkpt>
    <trkpt lat="43.27413" lon="-4.049975"><ele>110.4</ele></trkpt>
    <trkpt lat="43.27415" lon="-4.05"><ele>110.6</ele></trkpt>
    <trkpt lat="43.27417" lon="-4.050023"><ele>110.8</ele></trkpt>
    <trkpt lat="43.274187" lon="-4.05005"><ele>110.8</ele></trkpt>
    <trkpt lat="43.274207" lon="-4.050082"><ele>111.0</ele></trkpt>
    <trkpt lat="43.274225" lon="-4.050107"><ele>111.0</ele></trkpt>
    <trkpt lat="43.274242" lon="-4.050132"><ele>111.0</ele></trkpt>
    <trkpt lat="43.274262" lon="-4.05016"><ele>111.0</ele></trkpt>
    <trkpt lat="43.274277" lon="-4.050187"><ele>111.2</ele></trkpt>
    <trkpt lat="43.274297" lon="-4.050217"><ele>111.2</ele></trkpt>
    <trkpt lat="43.274312" lon="-4.050242"><ele>111.4</ele></trkpt>
    <trkpt lat="43.27433" lon="-4.05027"><ele>111.4</ele></trkpt>
    <trkpt lat="43.274347" lon="-4.050292"><ele>111.4</ele></trkpt>
    <trkpt lat="43.27438" lon="-4.050312"><ele>111.4</ele></trkpt>
    <trkpt lat="43.274407" lon="-4.050312"><ele>111.6</ele></trkpt>
    <trkpt lat="43.27443" lon="-4.050298"><ele>111.6</ele></trkpt>
    <trkpt lat="43.274467" lon="-4.050287"><ele>111.8</ele></trkpt>
    <trkpt lat="43.274495" lon="-4.050278"><ele>111.8</ele></trkpt>
    <trkpt lat="43.274522" lon="-4.05027"><ele>111.8</ele></trkpt>
    <trkpt lat="43.27455" lon="-4.05026"><ele>111.8</ele></trkpt>
    <trkpt lat="43.27458" lon="-4.05025"><ele>111.8</ele></trkpt>
  </trkseg></trk>
</gpx>
